"歌曲ID","原曲标题","P主","歌姬","投稿日期","niconico官方链接","YouTube官方链接","周榜累计周数","周榜最高名次","周榜截止日期","周刊累计周数","周刊最高名次","周刊统计状态","官方链接核对备注"
"nico:sm43630120","シティポップファンクラブ","TakoyakiKZY","初音未来","2023-11-02","https://www.nicovideo.jp/watch/sm43630120","","2","10","2026-09-30","1","9","已汇总第1–930期","链接未收录不等于没有官方投稿"
"1501","ローリンガール","wowaka","初音未来","2010-02-14","https://www.nicovideo.jp/watch/sm9714351","https://www.youtube.com/watch?v=vnw8zURAxkU","17","2","2026-09-30","34","2","已汇总第1–930期","链接未收录不等于没有官方投稿"
"3022","炉心融解","iroha(sasaki)","镜音铃","2008-12-19","https://www.nicovideo.jp/watch/sm8089993","","0","","2026-09-30","0","","已汇总第1–930期","链接未收录不等于没有官方投稿"
"368","マトリョシカ","Hachi","GUMI|初音未来","2010-08-19","https://www.nicovideo.jp/watch/sm11809611","https://www.youtube.com/watch?v=HOz-9FzIDf0","0","","2026-09-30","83","1","已汇总第1–930期","链接未收录不等于没有官方投稿"
"19094","ロストワンの号哭","Neru","镜音铃","2013-03-04","https://www.nicovideo.jp/watch/sm20244918","https://www.youtube.com/watch?v=8oBV3jPTW4s","0","","2026-09-30","118","1","已汇总第1–930期","链接未收录不等于没有官方投稿"
"20","ワールズエンド・ダンスホール","wowaka","初音未来|巡音流歌","2010-05-18","https://www.nicovideo.jp/watch/sm10759623","https://www.youtube.com/watch?v=ZB75e7vzX0I","2","1","2026-09-30","49","1","已汇总第1–930期","链接未收录不等于没有官方投稿"
"8394","千本桜","黑兔P","初音未来","2011-09-17","https://www.nicovideo.jp/watch/sm15630734","https://www.youtube.com/watch?v=shs0rAiwsGQ","44","8","2026-09-30","282","1","已汇总第1–930期","链接未收录不等于没有官方投稿"
"1320","恋は戦争","ryo","初音未来","2008-02-22","https://www.nicovideo.jp/watch/sm2397344","","0","","2026-09-30","40","2","已汇总第1–930期","链接未收录不等于没有官方投稿"
"1032","ロミオとシンデレラ","doriko","初音未来","2009-04-06","https://www.nicovideo.jp/watch/sm6666016","https://www.youtube.com/watch?v=9HrOqmiEsN8","6","6","2026-09-30","56","1","已汇总第1–930期","链接未收录不等于没有官方投稿"
"63276","ヒビカセ","Giga","初音未来","2014-08-17","https://www.nicovideo.jp/watch/sm24536934","https://www.youtube.com/watch?v=TkroHwQYpFE","1","18","2026-09-30","30","2","已汇总第1–930期","链接未收录不等于没有官方投稿"
"288238","ラグトレイン","稻叶昙","歌爱雪","2020-07-16","https://www.nicovideo.jp/watch/sm37198038","https://www.youtube.com/watch?v=UnIhRpIT7nc","42","5","2026-09-30","24","1","已汇总第1–930期","链接未收录不等于没有官方投稿"
"164107","アンノウン・マザーグース","wowaka","初音未来","2017-08-22","https://www.nicovideo.jp/watch/sm31791630","https://www.youtube.com/watch?v=P_CSdxSGfaA","138","3","2026-09-30","75","1","已汇总第1–930期","链接未收录不等于没有官方投稿"
"1326","ワールドイズマイン","ryo","初音未来","2008-05-31","https://www.nicovideo.jp/watch/sm3504435","","12","4","2026-09-30","73","1","已汇总第1–930期","链接未收录不等于没有官方投稿"
"555","東京テディベア","Neru","镜音铃","2011-08-14","https://www.nicovideo.jp/watch/sm15308214","https://www.youtube.com/watch?v=eSI7RsjZy1E","0","","2026-09-30","14","1","已汇总第1–930期","链接未收录不等于没有官方投稿"
"1322","メルト","ryo","初音未来","2007-12-07","https://www.nicovideo.jp/watch/sm1715919","","5","8","2026-09-30","126","1","已汇总第1–930期","链接未收录不等于没有官方投稿"
"1508","裏表ラバーズ","wowaka","初音未来","2009-08-30","https://www.nicovideo.jp/watch/sm8082467","https://www.youtube.com/watch?v=b_cuMcDWwsI","2","5","2026-09-30","49","1","已汇总第1–930期","链接未收录不等于没有官方投稿"
"15662","ODDS&ENDS","ryo","初音未来","2012-08-14","","https://youtu.be/iOFZKwv_LfA","","","2026-09-30","","","官方原投稿待核实","链接未收录不等于没有官方投稿"
"49755","LUVORATORRRRRY!","Giga","GUMI|镜音铃","2014-02-22","https://www.nicovideo.jp/watch/sm22942867","https://www.youtube.com/watch?v=LHdlw9F3KP4","0","","2026-09-30","6","4","已汇总第1–930期","链接未收录不等于没有官方投稿"
"443534","熱異常","いよわ","足立 Rei","2022-10-08","https://www.nicovideo.jp/watch/sm41193299","https://www.youtube.com/watch?v=b2NTglk9tvI","34","3","2026-09-30","4","1","已汇总第1–930期","链接未收录不等于没有官方投稿"
"13351","ありふれたせかいせいふく","匹诺曹P","初音未来","2012-06-18","https://www.nicovideo.jp/watch/sm18131841","https://www.youtube.com/watch?v=8Z3TbMBfDM0","0","","2026-09-30","3","2","已汇总第1–930期","链接未收录不等于没有官方投稿"
"1435","ルカルカ★ナイトフィーバー","samfree","巡音流歌","2009-02-12","https://www.nicovideo.jp/watch/sm6119955","","0","","2026-09-30","22","1","已汇总第1–930期","链接未收录不等于没有官方投稿"
"68814","ECHO","Crusher","GUMI","2014-10-08","https://www.nicovideo.jp/watch/sm24643818","https://www.youtube.com/watch?v=cQKGUgOfD8U","0","","2026-09-30","116","1","已汇总第1–930期","链接未收录不等于没有官方投稿"
"112085","ゴーストルール","DECO*27","初音未来","2016-01-08","https://www.nicovideo.jp/watch/sm27965309","https://www.youtube.com/watch?v=KushW6zvazM","3","9","2026-09-30","158","1","已汇总第1–930期","链接未收录不等于没有官方投稿"
"1381","モザイクロール","DECO*27","GUMI","2010-07-15","https://www.nicovideo.jp/watch/sm11398357","https://www.youtube.com/watch?v=DnLFVUi3oOU","0","","2026-09-30","73","1","已汇总第1–930期","链接未收录不等于没有官方投稿"
"5166","magnet","minato","初音未来|巡音流歌","2009-05-01","https://www.nicovideo.jp/watch/sm6909505","https://www.youtube.com/watch?v=cf1ryWClGpU","0","","2026-09-30","56","1","已汇总第1–930期","链接未收录不等于没有官方投稿"
"1500","アンハッピーリフレイン","wowaka","初音未来","2011-05-02","https://www.nicovideo.jp/watch/sm14330479","https://www.youtube.com/watch?v=uMlv9VWAxko","0","","2026-09-30","13","1","已汇总第1–930期","链接未收录不等于没有官方投稿"
"11219","六兆年と一夜物語","kemu","IA","2012-04-11","https://www.nicovideo.jp/watch/sm17520775","https://www.youtube.com/watch?v=Om3MTou2kPg","1","15","2026-09-30","93","1","已汇总第1–930期","链接未收录不等于没有官方投稿"
"13260","こちら、幸福安心委員会です。","UtataP","初音未来","2012-06-15","https://www.nicovideo.jp/watch/sm18100389","https://www.youtube.com/watch?v=kzUmM-uQVOM","0","","2026-09-30","13","1","已汇总第1–930期","链接未收录不等于没有官方投稿"
"610187","メズマライザー","サツキ","初音未来|重音 Teto","2024-04-27","https://www.nicovideo.jp/watch/sm43708803","https://www.youtube.com/watch?v=19y8YTbvri8","107","1","2026-09-30","33","1","已汇总第1–930期","链接未收录不等于没有官方投稿"
"157860","砂の惑星","Hachi","初音未来","2017-07-20","https://www.nicovideo.jp/watch/sm31606995","https://www.youtube.com/watch?v=AS4q9yaWJkI","4","8","2026-09-30","86","1","已汇总第1–930期","链接未收录不等于没有官方投稿"
"2982","結ンデ開イテ羅刹ト骸","Hachi","初音未来","2009-07-05","https://www.nicovideo.jp/watch/sm7550182","https://www.youtube.com/watch?v=AKffZySqQts","0","","2026-09-30","34","1","已汇总第1–930期","链接未收录不等于没有官方投稿"
"35603","ビバハピ","Mitchie M","初音未来","2013-07-26","https://www.nicovideo.jp/watch/sm21443197","https://www.youtube.com/watch?v=WiUjG9fF3zw","0","","2026-09-30","27","1","已汇总第1–930期","链接未收录不等于没有官方投稿"
"25667","愛して愛して愛して","Kikuo","初音未来","2013-03-15","https://www.nicovideo.jp/watch/sm25724827","https://www.youtube.com/watch?v=NTrm_idbhUk","0","","2026-09-30","4","3","已汇总第1–930期","链接未收录不等于没有官方投稿"
"349763","きゅうくらりん","いよわ","可不","2021-08-29","https://www.nicovideo.jp/watch/sm39257413","https://www.youtube.com/watch?v=2b1IexhKPz4","121","1","2026-09-30","11","1","已汇总第1–930期","链接未收录不等于没有官方投稿"
"192291","劣等上等","Giga","镜音连|镜音铃","2018-07-13","https://www.nicovideo.jp/watch/sm33510542","https://www.youtube.com/watch?v=oEkGC2HV7rc","0","","2026-09-30","32","1","已汇总第1–930期","链接未收录不等于没有官方投稿"
"42676","ドーナツホール","Hachi","GUMI","2013-10-28","https://www.nicovideo.jp/watch/sm22138447","https://www.youtube.com/watch?v=qnX2CdOBcDI","7","3","2026-09-30","160","1","已汇总第1–930期","链接未收录不等于没有官方投稿"
"1363","からくりピエロ","40mP","初音未来","2011-07-15","https://www.nicovideo.jp/watch/sm15022913","https://www.youtube.com/watch?v=xxFkW3PCT5M","0","","2026-09-30","9","1","已汇总第1–930期","链接未收录不等于没有官方投稿"
"1357","ココロ","トラボルタP","镜音铃","2008-03-02","https://www.nicovideo.jp/watch/sm2500648","","0","","2026-09-30","11","1","已汇总第1–930期","链接未收录不等于没有官方投稿"
"605339","BUTCHER VANITY","FLAVOR FOLEY","奕夕","2024-03-28","","https://www.youtube.com/watch?v=vjBFftpQxxM","","","2026-09-30","","","官方原投稿待核实","链接未收录不等于没有官方投稿"
"354245","神っぽいな","匹诺曹P","初音未来","2021-09-17","https://www.nicovideo.jp/watch/sm39334235","https://www.youtube.com/watch?v=EHBFKhLUVig","77","4","2026-09-30","41","2","已汇总第1–930期","链接未收录不等于没有官方投稿"
"60953","drop pop candy","Giga","巡音流歌|镜音铃","2014-07-18","https://www.nicovideo.jp/watch/sm24029703","https://www.youtube.com/watch?v=4sq2lPNxi7M","0","","2026-09-30","6","1","已汇总第1–930期","链接未收录不等于没有官方投稿"
"4980","Leia","ゆよゆっぺ","巡音流歌","2010-12-31","https://www.nicovideo.jp/watch/sm13185918","","0","","2026-09-30","5","4","已汇总第1–930期","链接未收录不等于没有官方投稿"
"3129","ダブルラリアット","アゴアニキP","巡音流歌","2009-02-05","https://www.nicovideo.jp/watch/nm6049209","https://www.youtube.com/watch?v=hC8KrIY8qT4","0","","2026-09-30","61","1","已汇总第1–930期","链接未收录不等于没有官方投稿"
"668055","モニタリング","DECO*27","初音未来","2024-11-22","https://www.nicovideo.jp/watch/sm44317852","https://www.youtube.com/watch?v=kbNdx0yqbZE","80","1","2026-09-30","30","2","已汇总第1–930期","链接未收录不等于没有官方投稿"
"8735","深海少女","ゆうゆP","初音未来","2010-09-01","https://www.nicovideo.jp/watch/sm11956364","https://www.youtube.com/watch?v=2CwBFr-Eoxg","0","","2026-09-30","6","1","已汇总第1–930期","链接未收录不等于没有官方投稿"
"5191","ごめんね ごめんね","きくお","初音未来","2011-10-28","https://www.nicovideo.jp/watch/sm16015251","https://www.youtube.com/watch?v=I1mOeAtPkgk","0","","2026-09-30","2","14","已汇总第1–930期","链接未收录不等于没有官方投稿"
"51082","+♂","Giga","镜音连","2014-03-20","https://www.nicovideo.jp/watch/sm23134050","https://www.youtube.com/watch?v=RIA-vEJB1Aw","0","","2026-09-30","11","2","已汇总第1–930期","链接未收录不等于没有官方投稿"
"44190","おこちゃま戦争","Giga","镜音连|镜音铃","2013-11-29","https://www.nicovideo.jp/watch/sm22349544","https://www.youtube.com/watch?v=qYAmduGAwBQ","0","","2026-09-30","14","2","已汇总第1–930期","链接未收录不等于没有官方投稿"
"3387","リモコン","じーざすP","镜音连|镜音铃","2011-02-16","https://www.nicovideo.jp/watch/sm13612500","https://www.youtube.com/watch?v=1st0XSY0VKQ","0","","2026-09-30","12","5","已汇总第1–930期","链接未收录不等于没有官方投稿"
"42111","少女A","椎名もた","镜音铃","2013-10-17","https://www.nicovideo.jp/watch/sm22061366","https://www.youtube.com/watch?v=AqI97zHMoQw","0","","2026-09-30","1","6","已汇总第1–930期","链接未收录不等于没有官方投稿"
"588814","イガク","原口沙輔","重音 Teto","2024-02-23","https://www.nicovideo.jp/watch/sm43436193","https://www.youtube.com/watch?v=F38EuG2dAyM","30","1","2026-09-30","8","1","已汇总第1–930期","链接未收录不等于没有官方投稿"
"89474","マインドブランド","MARETU","初音未来","2015-05-29","https://www.nicovideo.jp/watch/sm26364502","https://www.youtube.com/watch?v=NIABFcVB3Is","0","","2026-09-30","3","4","已汇总第1–930期","链接未收录不等于没有官方投稿"
"1323","ブラック★ロックシューター","ryo","初音未来","2008-06-13","https://www.nicovideo.jp/watch/sm3645817","","0","","2026-09-30","65","1","已汇总第1–930期","链接未收录不等于没有官方投稿"
"2443","Last Night, Good Night","kz(livetune)","初音未来","2008-07-31","https://www.nicovideo.jp/watch/sm4141643","https://www.youtube.com/watch?v=T6mMMYSqlM4","0","","2026-09-30","6","1","已汇总第1–930期","链接未收录不等于没有官方投稿"
"5364","FREELY TOMORROW","Mitchie M","初音未来","2011-07-31","https://www.nicovideo.jp/watch/sm15172108","https://www.youtube.com/watch?v=KmvydnVTriE","0","","2026-09-30","14","1","已汇总第1–930期","链接未收录不等于没有官方投稿"
"9032","細菌汚染","かにみそP","初音未来","2012-02-03","https://www.nicovideo.jp/watch/sm16866804","https://www.youtube.com/watch?v=tktcOUi-x-A","0","","2026-09-30","4","12","已汇总第1–930期","链接未收录不等于没有官方投稿"
"1360","Just Be Friends","Dixie Flatline","巡音流歌","2009-07-04","https://www.nicovideo.jp/watch/sm7528841","https://www.youtube.com/watch?v=li1WjKl2boY","0","","2026-09-30","58","1","已汇总第1–930期","链接未收录不等于没有官方投稿"
"793121","Static","rice","初音未来","2025-05-24","https://www.nicovideo.jp/watch/sm45094277","https://www.youtube.com/watch?v=KlTNKOnfXFk","0","","2026-09-30","0","","已汇总第1–930期","链接未收录不等于没有官方投稿"
"520007","人マニア","原口沙輔","重音 Teto","2023-08-06","https://www.nicovideo.jp/watch/sm42585649","https://www.youtube.com/watch?v=HTxwOxFt5d4","49","1","2026-09-30","23","2","已汇总第1–930期","链接未收录不等于没有官方投稿"
"4083","ぽっぴっぽー","ラマーズP","初音未来","2008-12-11","https://www.nicovideo.jp/watch/sm5508956","","0","","2026-09-30","11","4","已汇总第1–930期","链接未收录不等于没有官方投稿"
"373","秘密警察","ぶりるP","初音未来","2010-11-09","https://www.nicovideo.jp/watch/sm12695779","https://www.youtube.com/watch?v=_XB3PxNZpT4","0","","2026-09-30","4","2","已汇总第1–930期","链接未收录不等于没有官方投稿"
"734953","Confessions of a Rotten Girl","SAWTOWNE","初音未来","2025-01-17","","https://www.youtube.com/watch?v=sV2H712ldOI","","","2026-09-30","","","官方原投稿待核实","链接未收录不等于没有官方投稿"
"4982","アブストラクト・ナンセンス","Neru","镜音铃","2011-05-06","https://www.nicovideo.jp/watch/sm14375135","https://www.youtube.com/watch?v=EjSvChCF9_M","0","","2026-09-30","3","3","已汇总第1–930期","链接未收录不等于没有官方投稿"
"2978","パンダヒーロー","ハチ","GUMI","2010-11-14","https://www.nicovideo.jp/watch/sm13386216","https://www.youtube.com/watch?v=0RU_05zpETo","0","","2026-09-30","30","1","已汇总第1–930期","链接未收录不等于没有官方投稿"
"17332","恐怖ガーデン","ちゃぁ","镜音铃","2008-07-06","https://www.nicovideo.jp/watch/sm3880823","","0","","2026-09-30","0","","已汇总第1–930期","链接未收录不等于没有官方投稿"
"17189","脳漿炸裂ガール","れるりり","GUMI|初音未来","2012-10-19","https://www.nicovideo.jp/watch/sm19133907","https://www.youtube.com/watch?v=Ey_NHZNYTeE","1","17","2026-09-30","120","1","已汇总第1–930期","链接未收录不等于没有官方投稿"
"197929","少女レイ","みきとP","初音未来","2018-07-17","https://www.nicovideo.jp/watch/sm33546451","https://www.youtube.com/watch?v=JW3N-HvU0MA","28","3","2026-09-30","5","6","已汇总第1–930期","链接未收录不等于没有官方投稿"
"10515","Love Love Nightmare","kiichi","初音未来","2008-09-04","https://www.nicovideo.jp/watch/sm4518874","https://www.youtube.com/watch?v=diMBgUwfsVM","0","","2026-09-30","1","14","已汇总第1–930期","链接未收录不等于没有官方投稿"
"185363","ロキ","みきとP","镜音铃","2018-02-27","https://www.nicovideo.jp/watch/sm32798041","https://www.youtube.com/watch?v=Xg-qfsKN2_E","2","17","2026-09-30","73","1","已汇总第1–930期","链接未收录不等于没有官方投稿"
"198286","あなぐらぐらし","きくお","初音未来","2018-07-20","https://www.nicovideo.jp/watch/sm33556145","https://www.youtube.com/watch?v=I15sK7dNMOM","0","","2026-09-30","1","29","已汇总第1–930期","链接未收录不等于没有官方投稿"
"8676","とても痛い痛がりたい","EZFG","VY1|VY2","2012-01-09","https://www.nicovideo.jp/watch/sm16658127","https://www.youtube.com/watch?v=PhCYFDWNR2c","0","","2026-09-30","3","1","已汇总第1–930期","链接未收录不等于没有官方投稿"
"13086","愛Dee","Mitchie M","初音未来|巡音流歌","2012-06-09","https://www.nicovideo.jp/watch/sm18047788","https://www.youtube.com/watch?v=zkLJoFp2UAE","0","","2026-09-30","4","2","已汇总第1–930期","链接未收录不等于没有官方投稿"
"4979","カゲロウデイズ","じん","初音未来","2011-09-30","https://www.nicovideo.jp/watch/sm15751190","","3","1","2026-09-30","48","1","已汇总第1–930期","链接未收录不等于没有官方投稿"
"18718","ギガンティックO.T.N","Giga","镜音连","2012-12-08","https://www.nicovideo.jp/watch/sm19532707","https://www.youtube.com/watch?v=uLqDlcT140Y","0","","2026-09-30","12","5","已汇总第1–930期","链接未收录不等于没有官方投稿"
"164109","大江戸ジュリアナイト","Mitchie M","KAITO|初音未来","2017-08-30","https://www.nicovideo.jp/watch/sm31812792","https://www.youtube.com/watch?v=y3yyYYLyVzw","0","","2026-09-30","2","12","已汇总第1–930期","链接未收录不等于没有官方投稿"
"199209","ベノム","かいりきベア","flower","2018-08-02","https://www.nicovideo.jp/watch/sm33624822","https://www.youtube.com/watch?v=oRJBwaZ59fQ","7","2","2026-09-30","37","3","已汇总第1–930期","链接未收录不等于没有官方投稿"
"115476","チュルリラ・チュルリラ・ダッダッダ！","和田たけあき","結月ゆかり","2016-02-22","https://www.nicovideo.jp/watch/sm28276238","https://www.youtube.com/watch?v=_j0kfGNwIlw","0","","2026-09-30","72","1","已汇总第1–930期","链接未收录不等于没有官方投稿"
"2924","＊ハロー、プラネット。","sasakure.UK","初音未来","2008-09-23","https://www.nicovideo.jp/watch/sm7138245","https://www.youtube.com/watch?v=oVb6Gkf-IJM","0","","2026-09-30","17","1","已汇总第1–930期","链接未收录不等于没有官方投稿"
"222749","乙女解剖","DECO*27","初音未来","2019-01-18","https://www.nicovideo.jp/watch/sm34470195","https://www.youtube.com/watch?v=7zwCIz-Ohn4","0","","2026-09-30","25","1","已汇总第1–930期","链接未收录不等于没有官方投稿"
"3269","天樂","ゆうゆ","镜音铃","2009-08-12","https://www.nicovideo.jp/watch/sm7918983","","0","","2026-09-30","2","3","已汇总第1–930期","链接未收录不等于没有官方投稿"
"56903","すろぉもぉしょん","匹诺曹P","初音未来","2014-05-27","https://www.nicovideo.jp/watch/sm23648996","https://www.youtube.com/watch?v=ARt2fVT33Lw","0","","2026-09-30","31","1","已汇总第1–930期","链接未收录不等于没有官方投稿"
"38835","脳内革命ガール","MARETU","初音未来","2013-09-20","https://www.nicovideo.jp/watch/sm21870906","https://www.youtube.com/watch?v=sjr-tPFADpM","0","","2026-09-30","6","2","已汇总第1–930期","链接未收录不等于没有官方投稿"
"1119","Palette","ゆよゆっぺ","巡音流歌","2009-04-23","https://www.nicovideo.jp/watch/sm6828492","","0","","2026-09-30","3","4","已汇总第1–930期","链接未收录不等于没有官方投稿"
"24239","幸せになれる隠しコマンドがあるらしい","うたたP","結月ゆかり","2013-04-17","https://www.nicovideo.jp/watch/sm21249768","https://www.youtube.com/watch?v=lwT4h6x3UM0","0","","2026-09-30","9","3","已汇总第1–930期","链接未收录不等于没有官方投稿"
"131090","妄想感傷代償連盟","DECO*27","初音未来","2016-09-27","https://www.nicovideo.jp/watch/sm30067009","https://www.youtube.com/watch?v=8pGRdRhjX3o","0","","2026-09-30","46","1","已汇总第1–930期","链接未收录不等于没有官方投稿"
"164074","ヒバナ","DECO*27","初音未来","2017-08-04","https://www.nicovideo.jp/watch/sm31685272","https://www.youtube.com/watch?v=hxSg2Ioz3LM","20","10","2026-09-30","79","1","已汇总第1–930期","链接未收录不等于没有官方投稿"
"12285","あぁあぁあぁああぁあぁああぁ","梨本うい","初音未来","2009-04-21","https://www.nicovideo.jp/watch/sm6816232","","0","","2026-09-30","2","7","已汇总第1–930期","链接未收录不等于没有官方投稿"
"16441","WAVE","niki","Lily","2012-09-22","https://www.nicovideo.jp/watch/sm18945135","https://www.youtube.com/watch?v=Tjoq6bhKyHg","0","","2026-09-30","6","6","已汇总第1–930期","链接未收录不等于没有官方投稿"
"500519","ラビットホール","DECO*27","初音未来","2023-05-19","https://www.nicovideo.jp/watch/sm42224358","https://www.youtube.com/watch?v=eSW2LVbPThw","85","1","2026-09-30","15","2","已汇总第1–930期","链接未收录不等于没有官方投稿"
"21757","Q","椎名もた","镜音铃","2013-01-23","https://www.nicovideo.jp/watch/sm19898621","https://www.youtube.com/watch?v=EQH2Pb8FTac","0","","2026-09-30","4","4","已汇总第1–930期","链接未收录不等于没有官方投稿"
"1268","弱虫モンブラン","DECO*27","GUMI","2010-04-14","https://www.nicovideo.jp/watch/sm10393864","https://www.youtube.com/watch?v=B-A2eYlbrwQ","1","12","2026-09-30","36","2","已汇总第1–930期","链接未收录不等于没有官方投稿"
"22421","コインロッカーベイビー","MARETU","初音未来","2013-02-02","https://www.nicovideo.jp/watch/sm19980280","https://www.youtube.com/watch?v=QA5zuzc1WYA","0","","2026-09-30","2","4","已汇总第1–930期","链接未收录不等于没有官方投稿"
"127519","39みゅーじっく!","みきとP","初音未来","2016-06-29","https://www.nicovideo.jp/watch/sm29145868","https://www.youtube.com/watch?v=OuLZlZ18APQ","0","","2026-09-30","6","2","已汇总第1–930期","链接未收录不等于没有官方投稿"
"38420","アゲアゲアゲイン","Mitchie M","初音未来","2013-10-04","https://www.nicovideo.jp/watch/sm21965634","https://www.youtube.com/watch?v=uwwU55zBYlQ","0","","2026-09-30","3","1","已汇总第1–930期","链接未收录不等于没有官方投稿"
"4129","メランコリック","Junky","镜音铃","2010-04-19","https://www.nicovideo.jp/watch/sm10444862","https://www.youtube.com/watch?v=86_kvUqhY-A","0","","2026-09-30","10","1","已汇总第1–930期","链接未收录不等于没有官方投稿"
"12443","ネトゲ廃人シュプレヒコール","さつき が てんこもり","初音未来","2010-10-15","https://www.nicovideo.jp/watch/sm12441199","https://www.youtube.com/watch?v=WdAy_55dxqA","0","","2026-09-30","9","2","已汇总第1–930期","链接未收录不等于没有官方投稿"
"2356","天ノ弱","164","GUMI","2011-05-28","https://www.nicovideo.jp/watch/sm14583646","https://www.youtube.com/watch?v=2-zPY0vrpjQ","4","4","2026-09-30","37","1","已汇总第1–930期","链接未收录不等于没有官方投稿"
"246033","Gimme×Gimme","八王子P × Giga","初音未来|镜音铃","2019-08-28","https://www.nicovideo.jp/watch/sm35866152","https://www.youtube.com/watch?v=ERo-sPa1a5g","0","","2026-09-30","6","2","已汇总第1–930期","链接未收录不等于没有官方投稿"
"185364","ロストアンブレラ","稻叶昙","歌爱雪","2018-02-27","https://www.nicovideo.jp/watch/sm32801250","https://www.youtube.com/watch?v=DeKLpgzh-qQ","0","","2026-09-30","1","10","已汇总第1–930期","链接未收录不等于没有官方投稿"
"271917","ヴィラン","てにをは","flower","2020-02-07","https://www.nicovideo.jp/watch/sm36332327","https://www.youtube.com/watch?v=p9FJXfGHtDA","0","","2026-09-30","4","2","已汇总第1–930期","链接未收录不等于没有官方投稿"
"nico:sm40562139","デイバイデイズ","syudou","初音未来|可不","2022-06-03","https://www.nicovideo.jp/watch/sm40562139","https://www.youtube.com/watch?v=p00a6QGVjP0","0","","2026-09-30","2","3","已汇总第1–930期","链接未收录不等于没有官方投稿"
"nico:sm11448603","ハロ／ハワユ","ナノウ(ほえほえP)","初音未来","2010-07-20","https://www.nicovideo.jp/watch/sm11448603","https://www.youtube.com/watch?v=-M4sAQYi6r4","0","","2026-09-30","6","2","已汇总第1–930期","链接未收录不等于没有官方投稿"
"nico:sm24582707","ていていしんじゃえ","4o（ただのCoだった）","初音未来","2014-09-30","https://www.nicovideo.jp/watch/sm24582707","","0","","2026-09-30","2","4","已汇总第1–930期","链接未收录不等于没有官方投稿"
"nico:sm15230821","シリョクケンサ","40mP","GUMI","2011-08-06","https://www.nicovideo.jp/watch/sm15230821","https://www.youtube.com/watch?v=aB-pIUzPB-I","0","","2026-09-30","8","1","已汇总第1–930期","链接未收录不等于没有官方投稿"
"nico:sm2937784","初音ミクの消失（LONG VERSION）","cosMo＠暴走P","初音未来","2008-04-08","https://www.nicovideo.jp/watch/sm2937784","","0","","2026-09-30","85","1","已汇总第1–930期","链接未收录不等于没有官方投稿"
"nico:sm22328932","ニナ","匹诺曹P","初音未来","2013-11-25","https://www.nicovideo.jp/watch/sm22328932","https://www.youtube.com/watch?v=9bRVnm6pUD8","0","","2026-09-30","3","3","已汇总第1–930期","链接未收录不等于没有官方投稿"
"nico:sm2651288","Dear","19's_Sound_Factory","初音未来","2008-03-15","https://www.nicovideo.jp/watch/sm2651288","","0","","2026-09-30","5","4","已汇总第1–930期","链接未收录不等于没有官方投稿"
"nico:sm22792311","未完成タイムリミッター","Orangestar","IA","2014-02-01","https://www.nicovideo.jp/watch/sm22792311","https://www.youtube.com/watch?v=lSffFoK0Lv0","0","","2026-09-30","1","24","已汇总第1–930期","链接未收录不等于没有官方投稿"
"nico:sm18972745","lllトゥルティンアンテナlll","レタスP","镜音连","2012-09-25","https://www.nicovideo.jp/watch/sm18972745","","0","","2026-09-30","3","6","已汇总第1–930期","链接未收录不等于没有官方投稿"
"nico:sm12424787","ショットガン・ラヴァーズ","のぼる↑","初音未来","2010-10-14","https://www.nicovideo.jp/watch/sm12424787","https://www.youtube.com/watch?v=rvccfhhTjqA","0","","2026-09-30","2","1","已汇总第1–930期","链接未收录不等于没有官方投稿"
"nico:sm4775243","鏡音レンの暴走（LONG VERSION）","cosMo＠暴走P","镜音连","2008-09-29","https://www.nicovideo.jp/watch/sm4775243","","0","","2026-09-30","7","1","已汇总第1–930期","链接未收录不等于没有官方投稿"
"nico:sm35513238","MARETU - 失敗作少女","MARETU","初音未来","2019-08-09","https://www.nicovideo.jp/watch/sm35513238","","0","","2026-09-30","3","1","已汇总第1–930期","链接未收录不等于没有官方投稿"
"nico:sm38824626","ノンブレス・オブリージュ","匹诺曹P","初音未来","2021-06-02","https://www.nicovideo.jp/watch/sm38824626","https://www.youtube.com/watch?v=lw7pcm1W5tw","4","6","2026-09-30","2","1","已汇总第1–930期","链接未收录不等于没有官方投稿"
"nico:sm19883376","シティライツ","椎名もた(ぽわぽわP)","镜音铃","2013-01-21","https://www.nicovideo.jp/watch/sm19883376","https://www.youtube.com/watch?v=9PGXrVjxfY4","0","","2026-09-30","1","8","已汇总第1–930期","链接未收录不等于没有官方投稿"
"nico:sm22194095","怪盗Fの台本（シナリオ）〜消えたダイヤの謎〜","ひとしずくP やま△","GUMI|IA|KAITO|MAYU|MEIKO|初音未来|巡音流歌|神威乐步|镜音连|镜音铃","2013-11-05","https://www.nicovideo.jp/watch/sm22194095","","0","","2026-09-30","6","1","已汇总第1–930期","链接未收录不等于没有官方投稿"
"nico:sm17141425","一心不乱","梅とら","GUMI|初音未来|巡音流歌","2012-03-03","https://www.nicovideo.jp/watch/sm17141425","","0","","2026-09-30","2","5","已汇总第1–930期","链接未收录不等于没有官方投稿"
"nico:sm22608740","心做し","papiyon(蝶々P)","GUMI","2014-01-05","https://www.nicovideo.jp/watch/sm22608740","","0","","2026-09-30","4","3","已汇总第1–930期","链接未收录不等于没有官方投稿"
"nico:sm8269164","パラジクロロベンゼン","オワタP","镜音连","2009-09-19","https://www.nicovideo.jp/watch/sm8269164","https://www.youtube.com/watch?v=aTUfwLAVSHE","0","","2026-09-30","32","1","已汇总第1–930期","链接未收录不等于没有官方投稿"
"nico:sm22960446","ウミユリ海底譚","n-buna","初音未来","2014-02-24","https://www.nicovideo.jp/watch/sm22960446","https://www.youtube.com/watch?v=7JANm3jOb2k","3","4","2026-09-30","171","1","已汇总第1–930期","链接未收录不等于没有官方投稿"
"nico:nm5988510","星屑ユートピア","otetsu","巡音流歌","2009-01-30","https://www.nicovideo.jp/watch/nm5988510","https://www.youtube.com/watch?v=syk1f6Dj82E","0","","2026-09-30","4","2","已汇总第1–930期","链接未收录不等于没有官方投稿"
"nico:sm32528864","マシュマリー","MIMI","初音未来","2018-01-04","https://www.nicovideo.jp/watch/sm32528864","https://www.youtube.com/watch?v=qtuX4cHk-vE","0","","2026-09-30","1","22","已汇总第1–930期","链接未收录不等于没有官方投稿"
"nico:sm12849032","サイノウサンプラー","koyori(電ポルP)","初音未来","2010-11-25","https://www.nicovideo.jp/watch/sm12849032","","0","","2026-09-30","3","7","已汇总第1–930期","链接未收录不等于没有官方投稿"
"nico:sm11328911","初音ミクの激唱（LONG VERSION）","cosMo＠暴走P","初音未来","2010-07-09","https://www.nicovideo.jp/watch/sm11328911","","0","","2026-09-30","5","3","已汇总第1–930期","链接未收录不等于没有官方投稿"
"nico:sm24862460","morning haze","keeno","初音未来","2014-11-07","https://www.nicovideo.jp/watch/sm24862460","","0","","2026-09-30","3","2","已汇总第1–930期","链接未收录不等于没有官方投稿"
"nico:sm18060733","ニセモノ注意報","150P","IA","2012-06-10","https://www.nicovideo.jp/watch/sm18060733","","0","","2026-09-30","3","3","已汇总第1–930期","链接未收录不等于没有官方投稿"
"nico:sm35562199","オートファジー","柊キライ","flower","2019-08-19","https://www.nicovideo.jp/watch/sm35562199","https://www.youtube.com/watch?v=iBFa98VMh2A","0","","2026-09-30","4","6","已汇总第1–930期","链接未收录不等于没有官方投稿"
"nico:sm40065212","カノン","柊マグネタイト","可不","2022-02-19","https://www.nicovideo.jp/watch/sm40065212","https://www.youtube.com/watch?v=G07TPX7i56g","0","","2026-09-30","2","3","已汇总第1–930期","链接未收录不等于没有官方投稿"
"nico:sm43461213","メロメロイド","かいりきベア","初音未来","2024-03-03","https://www.nicovideo.jp/watch/sm43461213","https://www.youtube.com/watch?v=TFpizvPDbec","2","2","2026-09-30","3","1","已汇总第1–930期","链接未收录不等于没有官方投稿"
"nico:sm5094908","trick and treat","OSTER_project","镜音连|镜音铃","2008-10-30","https://www.nicovideo.jp/watch/sm5094908","https://www.youtube.com/watch?v=EEPdHJxJCrA","0","","2026-09-30","5","1","已汇总第1–930期","链接未收录不等于没有官方投稿"
"nico:sm38500233","たぶん終わり","いよわ","flower|初音未来","2021-03-28","https://www.nicovideo.jp/watch/sm38500233","https://www.youtube.com/watch?v=GiDo4s1x9Mw","0","","2026-09-30","1","9","已汇总第1–930期","链接未收录不等于没有官方投稿"
"nico:sm4410647","サンドリヨン（Cendrillon）","Dios/シグナルP","KAITO|初音未来","2008-08-25","https://www.nicovideo.jp/watch/sm4410647","https://www.youtube.com/watch?v=YE_S-OPHP8o","0","","2026-09-30","6","3","已汇总第1–930期","链接未收录不等于没有官方投稿"
"nico:sm14387746","戯言スピーカー","ねこぼーろ","初音未来","2011-05-07","https://www.nicovideo.jp/watch/sm14387746","","0","","2026-09-30","3","2","已汇总第1–930期","链接未收录不等于没有官方投稿"
"nico:sm36314325","孤独の宗教","syudou","初音未来","2020-02-03","https://www.nicovideo.jp/watch/sm36314325","https://www.youtube.com/watch?v=EP_3-Qkrq60","0","","2026-09-30","3","1","已汇总第1–930期","链接未收录不等于没有官方投稿"
"nico:sm38151837","◈*_回生","ryo","健音 Tei","2021-01-22","https://www.nicovideo.jp/watch/sm38151837","","0","","2026-09-30","1","7","已汇总第1–930期","链接未收录不等于没有官方投稿"
"nico:sm39046046","Beat Eater","ポリスピカデリー","初音未来","2021-07-18","https://www.nicovideo.jp/watch/sm39046046","https://www.youtube.com/watch?v=Rcc_BreWEMI","0","","2026-09-30","2","1","已汇总第1–930期","链接未收录不等于没有官方投稿"
"nico:sm30836414","krank","有機酸","初音未来","2017-03-17","https://www.nicovideo.jp/watch/sm30836414","","0","","2026-09-30","2","5","已汇总第1–930期","链接未收录不等于没有官方投稿"
"nico:sm22587884","ELECT","niki","Lily","2014-01-02","https://www.nicovideo.jp/watch/sm22587884","https://www.youtube.com/watch?v=rXee9CxYmTY","0","","2026-09-30","2","1","已汇总第1–930期","链接未收录不等于没有官方投稿"
"nico:sm19254569","パレットには君がいっぱい","椎名もた(ぽわぽわP)","初音未来","2012-11-01","https://www.nicovideo.jp/watch/sm19254569","","0","","2026-09-30","4","7","已汇总第1–930期","链接未收录不等于没有官方投稿"
"nico:sm20810930","たすけてドラえもん","黒田亜津","初音未来","2013-05-08","https://www.nicovideo.jp/watch/sm20810930","","0","","2026-09-30","8","3","已汇总第1–930期","链接未收录不等于没有官方投稿"
"nico:sm41606052","デビルじゃないもん","DECO*27 x ピノキオピー","初音未来","2023-01-13","https://www.nicovideo.jp/watch/sm41606052","https://www.youtube.com/watch?v=lMEt3RdqB9Y","28","1","2026-09-30","4","1","已汇总第1–930期","链接未收录不等于没有官方投稿"
"nico:sm18623327","いーあるふぁんくらぶ","みきとP","GUMI|初音未来|镜音铃","2012-08-15","https://www.nicovideo.jp/watch/sm18623327","","0","","2026-09-30","42","1","已汇总第1–930期","链接未收录不等于没有官方投稿"
"nico:sm31533883","テオ","Omoi","初音未来","2017-07-08","https://www.nicovideo.jp/watch/sm31533883","https://www.youtube.com/watch?v=bmkY2yc1K7Q","0","","2026-09-30","69","1","已汇总第1–930期","链接未收录不等于没有官方投稿"
"nico:sm32513315","この曲100万再生いかなかったら死にます！","たまお","初音未来","2017-12-31","https://www.nicovideo.jp/watch/sm32513315","https://www.youtube.com/watch?v=Huuy_ruhGxs","0","","2026-09-30","9","2","已汇总第1–930期","链接未收录不等于没有官方投稿"
"nico:sm32748202","メルティランドナイトメア","はるまきごはん","初音未来","2018-02-16","https://www.nicovideo.jp/watch/sm32748202","https://www.youtube.com/watch?v=ZEy36W1xX8c","0","","2026-09-30","9","2","已汇总第1–930期","链接未收录不等于没有官方投稿"
"nico:sm36109943","ジャンキーナイトタウンオーケストラ","すりぃ","镜音连","2019-12-20","https://www.nicovideo.jp/watch/sm36109943","https://www.youtube.com/watch?v=E1PGiyRjqkU","0","","2026-09-30","1","3","已汇总第1–930期","链接未收录不等于没有官方投稿"
"nico:sm44664536","BLUE BACK","じん","初音未来","2025-02-19","https://www.nicovideo.jp/watch/sm44664536","","1","18","2026-09-30","0","","已汇总第1–930期","链接未收录不等于没有官方投稿"
"nico:sm31700140","命に嫌われている。","カンザキイオリ","初音未来","2017-08-06","https://www.nicovideo.jp/watch/sm31700140","https://www.youtube.com/watch?v=0HYm60Mjm0k","0","","2026-09-30","14","3","已汇总第1–930期","链接未收录不等于没有官方投稿"
"nico:sm11834233","心拍数♯0822","papiyon(蝶々P)","初音未来","2010-08-22","https://www.nicovideo.jp/watch/sm11834233","","0","","2026-09-30","6","3","已汇总第1–930期","链接未收录不等于没有官方投稿"
"nico:sm34812268","DECO*27 - スクランブル交際","DECO*27","初音未来","2019-03-22","https://www.nicovideo.jp/watch/sm34812268","https://www.youtube.com/watch?v=nj82E1_70sQ","0","","2026-09-30","3","1","已汇总第1–930期","链接未收录不等于没有官方投稿"
"nico:sm32411787","トウキョウダイバアフェイクショウ - ia [オリジナル]","ツミキ","IA","2017-12-15","https://www.nicovideo.jp/watch/sm32411787","","0","","2026-09-30","5","3","已汇总第1–930期","链接未收录不等于没有官方投稿"
"nico:sm24438970","EveR ∞ LastinG ∞ NighT","ひとしずくP やま△","GUMI|KAITO|MEIKO|初音未来|巡音流歌|神威乐步|镜音连|镜音铃","2014-09-11","https://www.nicovideo.jp/watch/sm24438970","","0","","2026-09-30","14","1","已汇总第1–930期","链接未收录不等于没有官方投稿"
"nico:sm3122624","千年の独奏歌","yanagiP","KAITO","2008-04-27","https://www.nicovideo.jp/watch/sm3122624","","0","","2026-09-30","10","1","已汇总第1–930期","链接未收录不等于没有官方投稿"
"nico:sm41770519","花に風","バルーン","初音未来","2023-02-10","https://www.nicovideo.jp/watch/sm41770519","https://www.youtube.com/watch?v=ixLrlhthgHs","4","1","2026-09-30","4","2","已汇总第1–930期","链接未收录不等于没有官方投稿"
"nico:sm21758815","世界寿命と最後の一日","スズム","GUMI","2013-09-05","https://www.nicovideo.jp/watch/sm21758815","","0","","2026-09-30","8","2","已汇总第1–930期","链接未收录不等于没有官方投稿"
"nico:sm36093941","DECO*27 - ネガティブ進化論","DECO*27","初音未来","2019-12-20","https://www.nicovideo.jp/watch/sm36093941","https://www.youtube.com/watch?v=UrqEy_arieg","0","","2026-09-30","3","1","已汇总第1–930期","链接未收录不等于没有官方投稿"
"nico:sm16915126","イカサマライフゲイム","kemu","GUMI","2012-02-08","https://www.nicovideo.jp/watch/sm16915126","https://www.youtube.com/watch?v=5Pbx04sT-sU","0","","2026-09-30","15","1","已汇总第1–930期","链接未收录不等于没有官方投稿"
"nico:sm35980813","キルマー","煮ル果実","flower","2019-11-22","https://www.nicovideo.jp/watch/sm35980813","https://www.youtube.com/watch?v=bmPoZ1BPcNY","0","","2026-09-30","2","3","已汇总第1–930期","链接未收录不等于没有官方投稿"
"nico:sm32445382","KILLER B","梅とら","巡音流歌","2017-12-21","https://www.nicovideo.jp/watch/sm32445382","https://www.youtube.com/watch?v=T2ekD1vzw8I","0","","2026-09-30","12","1","已汇总第1–930期","链接未收录不等于没有官方投稿"
"nico:sm40236688","パジャミィ","いよわ","初音未来","2022-03-27","https://www.nicovideo.jp/watch/sm40236688","https://www.youtube.com/watch?v=aBZqxfnvaVA","0","","2026-09-30","1","3","已汇总第1–930期","链接未收录不等于没有官方投稿"
"nico:sm42445494","あいのうた","大漠波新","初音未来|重音 Teto","2023-08-05","https://www.nicovideo.jp/watch/sm42445494","https://www.youtube.com/watch?v=LyZk53_5GwM","3","6","2026-09-30","1","9","已汇总第1–930期","链接未收录不等于没有官方投稿"
"nico:sm20410104","君はできない子","Kikuo","初音未来","2013-03-23","https://www.nicovideo.jp/watch/sm20410104","","0","","2026-09-30","2","12","已汇总第1–930期","链接未收录不等于没有官方投稿"
"nico:sm39083403","EYE","Kanaria","GUMI","2021-07-25","https://www.nicovideo.jp/watch/sm39083403","https://www.youtube.com/watch?v=sSHkXxADtaE","0","","2026-09-30","2","3","已汇总第1–930期","链接未收录不等于没有官方投稿"
"nico:sm32246515","い〜やい〜やい〜や","Neru","镜音连|镜音铃","2017-11-10","https://www.nicovideo.jp/watch/sm32246515","https://www.youtube.com/watch?v=y8-6QPEes1k","0","","2026-09-30","8","1","已汇总第1–930期","链接未收录不等于没有官方投稿"
"nico:sm1342044","初音ミクの暴走","cosMo＠暴走P","初音未来","2007-10-22","https://www.nicovideo.jp/watch/sm1342044","","0","","2026-09-30","7","4","已汇总第1–930期","链接未收录不等于没有官方投稿"
"nico:sm25086693","一騎当千","梅とら","GUMI|初音未来|巡音流歌|镜音铃","2014-12-09","https://www.nicovideo.jp/watch/sm25086693","","0","","2026-09-30","2","2","已汇总第1–930期","链接未收录不等于没有官方投稿"
"nico:sm37674814","ラヴィット","匹诺曹P","初音未来","2020-10-16","https://www.nicovideo.jp/watch/sm37674814","https://www.youtube.com/watch?v=--41OGPMurU","0","","2026-09-30","2","2","已汇总第1–930期","链接未收录不等于没有官方投稿"
"nico:sm3133304","悪ノ召使","mothy(悪ノＰ)","镜音连","2008-04-29","https://www.nicovideo.jp/watch/sm3133304","https://www.youtube.com/watch?v=yzpNpaS0uLc","0","","2026-09-30","32","3","已汇总第1–930期","链接未收录不等于没有官方投稿"
"nico:sm18511216","カミサマネジマキ","kemu","GUMI","2012-08-02","https://www.nicovideo.jp/watch/sm18511216","https://www.youtube.com/watch?v=XMdIGSyFKCk","0","","2026-09-30","8","1","已汇总第1–930期","链接未收录不等于没有官方投稿"
"nico:sm14595248","メカクシコード","じん(自然の敵P)","初音未来","2011-05-29","https://www.nicovideo.jp/watch/sm14595248","","0","","2026-09-30","7","18","已汇总第1–930期","链接未收录不等于没有官方投稿"
"nico:sm7882150","孤独の果て","光収容","镜音铃","2009-08-09","https://www.nicovideo.jp/watch/sm7882150","","0","","2026-09-30","3","1","已汇总第1–930期","链接未收录不等于没有官方投稿"
"nico:sm33817538","エゴロック","すりぃ","镜音连","2018-09-07","https://www.nicovideo.jp/watch/sm33817538","https://www.youtube.com/watch?v=pAgnrvo-hb4","0","","2026-09-30","2","26","已汇总第1–930期","链接未收录不等于没有官方投稿"
"nico:sm26745370","赤ペンおねがいします","椎名もた(ぽわぽわP)","初音未来","2015-07-23","https://www.nicovideo.jp/watch/sm26745370","","0","","2026-09-30","2","1","已汇总第1–930期","链接未收录不等于没有官方投稿"
"nico:sm30541190","トラッシュ・アンド・トラッシュ！","和田たけあき(くらげP)","镜音铃","2017-01-31","https://www.nicovideo.jp/watch/sm30541190","","0","","2026-09-30","7","1","已汇总第1–930期","链接未收录不等于没有官方投稿"
"nico:sm37601066","Giga - 'Ready Steady'","Giga","初音未来|镜音连|镜音铃","2020-09-30","https://www.nicovideo.jp/watch/sm37601066","https://www.youtube.com/watch?v=XAg1jDDG49Y","0","","2026-09-30","8","1","已汇总第1–930期","链接未收录不等于没有官方投稿"
"nico:sm30964600","ぼくらはみんな意味不明","匹诺曹P","初音未来","2017-04-04","https://www.nicovideo.jp/watch/sm30964600","https://www.youtube.com/watch?v=LtSNzPyo0lA","0","","2026-09-30","8","2","已汇总第1–930期","链接未收录不等于没有官方投稿"
"nico:sm23404002","ミルククラウン・オン・ソーネチカ","ユジー","初音未来","2014-04-25","https://www.nicovideo.jp/watch/sm23404002","","0","","2026-09-30","4","4","已汇总第1–930期","链接未收录不等于没有官方投稿"
"nico:sm23412656","DECO*27 - アンチビート","DECO*27","初音未来","2014-04-28","https://www.nicovideo.jp/watch/sm23412656","https://www.youtube.com/watch?v=Odjy0CHW9XI","0","","2026-09-30","3","1","已汇总第1–930期","链接未收录不等于没有官方投稿"
"nico:sm31485619","ホワイトハッピー","MARETU","初音未来","2017-06-30","https://www.nicovideo.jp/watch/sm31485619","https://www.youtube.com/watch?v=rYymKe82y0c","0","","2026-09-30","10","2","已汇总第1–930期","链接未收录不等于没有官方投稿"
"nico:sm11509720","Nyanyanyanyanyanyanya!","daniwell","初音未来","2010-07-25","https://www.nicovideo.jp/watch/sm11509720","","0","","2026-09-30","6","2","已汇总第1–930期","链接未收录不等于没有官方投稿"
"nico:sm20224929","KAITO v3・ミク","黑兔P","KAITO","2013-03-02","https://www.nicovideo.jp/watch/sm20224929","","0","","2026-09-30","2","2","已汇总第1–930期","链接未收录不等于没有官方投稿"
"nico:sm13715524","キリトリセン","40mP","GUMI","2011-02-26","https://www.nicovideo.jp/watch/sm13715524","https://www.youtube.com/watch?v=EjYwEoZHKvQ","0","","2026-09-30","8","1","已汇总第1–930期","链接未收录不等于没有官方投稿"
"nico:sm39809011","バーバヤーガ","煮ル果実","flower|可不","2021-12-26","https://www.nicovideo.jp/watch/sm39809011","https://www.youtube.com/watch?v=aOelHbwkRD4","0","","2026-09-30","1","9","已汇总第1–930期","链接未收录不等于没有官方投稿"
"nico:sm7781905","ANTI THE∞HOLiC","cosMo＠暴走P","巡音流歌|镜音铃","2009-07-29","https://www.nicovideo.jp/watch/sm7781905","https://www.youtube.com/watch?v=lvPRs_HC7Wg","0","","2026-09-30","2","3","已汇总第1–930期","链接未收录不等于没有官方投稿"
"nico:sm42356352","ライアーダンサー","マサラダ","重音 Teto","2023-06-15","https://www.nicovideo.jp/watch/sm42356352","https://www.youtube.com/watch?v=UHbmkxv-874","15","3","2026-09-30","7","2","已汇总第1–930期","链接未收录不等于没有官方投稿"
"nico:sm23820438","アンデッドエネミー","ギガ スズム","镜音铃","2014-06-20","https://www.nicovideo.jp/watch/sm23820438","","0","","2026-09-30","5","1","已汇总第1–930期","链接未收录不等于没有官方投稿"
"nico:sm36153076","永遠にゲームで対戦したいキリタン","GYARI","东北切蒲英|结月缘","2019-12-29","https://www.nicovideo.jp/watch/sm36153076","","0","","2026-09-30","6","1","已汇总第1–930期","链接未收录不等于没有官方投稿"
"nico:sm11714132","どうぶつ占い","すこっぷ","初音未来","2010-08-11","https://www.nicovideo.jp/watch/sm11714132","https://www.youtube.com/watch?v=GR4rouMj_Mg","0","","2026-09-30","2","4","已汇总第1–930期","链接未收录不等于没有官方投稿"
"nico:sm30990093","アイムハイ","MARETU","初音未来","2017-04-08","https://www.nicovideo.jp/watch/sm30990093","https://www.youtube.com/watch?v=siyb_Xo-p54","0","","2026-09-30","3","5","已汇总第1–930期","链接未收录不等于没有官方投稿"
"nico:sm21764582","DECO*27 - 妄想税","DECO*27","初音未来","2013-09-07","https://www.nicovideo.jp/watch/sm21764582","https://www.youtube.com/watch?v=sWvZfwY8beg","0","","2026-09-30","15","1","已汇总第1–930期","链接未收录不等于没有官方投稿"
"nico:sm25379507","このふざけた素晴らしき世界は、僕の為にある","n.k","初音未来","2015-01-19","https://www.nicovideo.jp/watch/sm25379507","","0","","2026-09-30","13","1","已汇总第1–930期","链接未收录不等于没有官方投稿"
"nico:sm9558887","ジェンガ","40mP","初音未来","2010-01-31","https://www.nicovideo.jp/watch/sm9558887","","0","","2026-09-30","3","2","已汇总第1–930期","链接未收录不等于没有官方投稿"
"nico:sm31843582","リバースユニバース","ナユタン星人","初音未来","2017-08-31","https://www.nicovideo.jp/watch/sm31843582","https://www.youtube.com/watch?v=VyRrUt_lTGo","0","","2026-09-30","4","1","已汇总第1–930期","链接未收录不等于没有官方投稿"
"nico:sm30655135","バケモノダンスフロア","日向電工","初音未来","2017-02-17","https://www.nicovideo.jp/watch/sm30655135","","0","","2026-09-30","4","1","已汇总第1–930期","链接未收录不等于没有官方投稿"
"nico:sm16590269","イージーデンス","Mitchie M","初音未来","2012-01-02","https://www.nicovideo.jp/watch/sm16590269","https://www.youtube.com/watch?v=TIbZDRXM-Tg","0","","2026-09-30","3","1","已汇总第1–930期","链接未收录不等于没有官方投稿"
"nico:sm19870840","自傷無色","ねこぼーろ","初音未来","2013-01-20","https://www.nicovideo.jp/watch/sm19870840","","0","","2026-09-30","6","3","已汇总第1–930期","链接未收录不等于没有官方投稿"
"nico:sm1136355","Packaged（Full Ver.）","kz(livetune)","初音未来","2007-09-25","https://www.nicovideo.jp/watch/sm1136355","","0","","2026-09-30","11","6","已汇总第1–930期","链接未收录不等于没有官方投稿"
"nico:sm19069321","みんなみくみくにしてあげる♪","ika","初音未来","2012-10-08","https://www.nicovideo.jp/watch/sm19069321","","0","","2026-09-30","3","1","已汇总第1–930期","链接未收录不等于没有官方投稿"
"nico:sm43166484","JUVENILE","じん","初音未来","2023-12-22","https://www.nicovideo.jp/watch/sm43166484","","8","3","2026-09-30","1","2","已汇总第1–930期","链接未收录不等于没有官方投稿"
"nico:sm24848610","Nostalogic (MEIKO-SAN mix)","yuukiss","MEIKO","2014-11-05","https://www.nicovideo.jp/watch/sm24848610","","0","","2026-09-30","11","1","已汇总第1–930期","链接未收录不等于没有官方投稿"
"nico:sm23743672","デリヘル呼んだら君が来た","ナナホシ管弦楽団","初音未来","2014-06-09","https://www.nicovideo.jp/watch/sm23743672","https://www.youtube.com/watch?v=YVFkEsuwAWc","0","","2026-09-30","4","2","已汇总第1–930期","链接未收录不等于没有官方投稿"
"nico:sm24909819","ぼうけんのしょがきえました！","ワンダフル☆オポチュニティ！","镜音连|镜音铃","2014-11-14","https://www.nicovideo.jp/watch/sm24909819","","0","","2026-09-30","6","2","已汇总第1–930期","链接未收录不等于没有官方投稿"
"nico:sm36106155","ゴー・トゥ・大都会","月裏","GUMI","2019-12-19","https://www.nicovideo.jp/watch/sm36106155","https://www.youtube.com/watch?v=Uc4NBh_kCL4","1","12","2026-09-30","0","","已汇总第1–930期","链接未收录不等于没有官方投稿"
"nico:sm19418883","一途な片思い、実らせたい小さな幸せ。","UtataP","MAYU","2012-11-23","https://www.nicovideo.jp/watch/sm19418883","https://www.youtube.com/watch?v=P2eBHok71nA","0","","2026-09-30","6","1","已汇总第1–930期","链接未收录不等于没有官方投稿"
"nico:sm29871999","lili.","有機酸","flower","2016-10-20","https://www.nicovideo.jp/watch/sm29871999","","0","","2026-09-30","4","11","已汇总第1–930期","链接未收录不等于没有官方投稿"
"nico:sm34078185","エイトリアム","R Sound Design","flower","2018-10-26","https://www.nicovideo.jp/watch/sm34078185","https://www.youtube.com/watch?v=z4C0z__DSqQ","0","","2026-09-30","17","2","已汇总第1–930期","链接未收录不等于没有官方投稿"
"nico:sm19480546","誰でもいいから付き合いたい","卓球少年","镜音连","2012-12-01","https://www.nicovideo.jp/watch/sm19480546","","0","","2026-09-30","4","4","已汇总第1–930期","链接未收录不等于没有官方投稿"
"nico:sm39813844","ニューダーリン","MARETU","初音未来","2021-12-27","https://www.nicovideo.jp/watch/sm39813844","https://www.youtube.com/watch?v=nXNeufhq_nw","0","","2026-09-30","1","3","已汇总第1–930期","链接未收录不等于没有官方投稿"
"nico:sm18684672","Masked bitcH","Giga","GUMI","2012-08-22","https://www.nicovideo.jp/watch/sm18684672","","0","","2026-09-30","2","5","已汇总第1–930期","链接未收录不等于没有官方投稿"
"nico:sm20252366","ヤンキーボーイ・ヤンキーガール","トーマ","GUMI","2013-03-05","https://www.nicovideo.jp/watch/sm20252366","","0","","2026-09-30","3","3","已汇总第1–930期","链接未收录不等于没有官方投稿"
"nico:sm23348919","イノコリ先生","HoneyWorks","flower","2014-04-17","https://www.nicovideo.jp/watch/sm23348919","https://www.youtube.com/watch?v=BkzVOKqTcBo","0","","2026-09-30","6","3","已汇总第1–930期","链接未收录不等于没有官方投稿"
"nico:sm23336175","Party×Party","ひとしずくP やま△","KAITO|MEIKO|初音未来|巡音流歌|镜音连|镜音铃","2014-04-15","https://www.nicovideo.jp/watch/sm23336175","","0","","2026-09-30","3","1","已汇总第1–930期","链接未收录不等于没有官方投稿"
"nico:sm29378969","DECO*27 - いいや","DECO*27","初音未来","2016-08-05","https://www.nicovideo.jp/watch/sm29378969","https://www.youtube.com/watch?v=Q6KJG0k6ALs","0","","2026-09-30","10","2","已汇总第1–930期","链接未收录不等于没有官方投稿"
"nico:sm29659225","LaLaL危","梅とら","GUMI|初音未来|巡音流歌|镜音铃","2016-09-17","https://www.nicovideo.jp/watch/sm29659225","https://www.youtube.com/watch?v=m4_lzyo6tS4","0","","2026-09-30","0","","已汇总第1–930期","链接未收录不等于没有官方投稿"
"nico:sm16866078","幽霊屋敷の首吊り少女","トーマ","GUMI","2012-02-03","https://www.nicovideo.jp/watch/sm16866078","","0","","2026-09-30","2","2","已汇总第1–930期","链接未收录不等于没有官方投稿"
"nico:sm34359096","バイオレンストリガー","八王子P","初音未来","2018-12-23","https://www.nicovideo.jp/watch/sm34359096","https://www.youtube.com/watch?v=iKdHiLzBf34","0","","2026-09-30","20","1","已汇总第1–930期","链接未收录不等于没有官方投稿"
"nico:sm30156654","DAYBREAK FRONTLINE","Orangestar","IA","2016-12-03","https://www.nicovideo.jp/watch/sm30156654","https://www.youtube.com/watch?v=emrt46SRyYs","0","","2026-09-30","39","1","已汇总第1–930期","链接未收录不等于没有官方投稿"
"nico:sm16846374","想像フォレスト","じん(自然の敵P)","IA","2012-02-01","https://www.nicovideo.jp/watch/sm16846374","","0","","2026-09-30","19","1","已汇总第1–930期","链接未收录不等于没有官方投稿"
"nico:sm9639869","WORLD'S END UMBRELLA","Hachi","初音未来","2010-02-08","https://www.nicovideo.jp/watch/sm9639869","https://www.youtube.com/watch?v=GlBWvRslL2c","0","","2026-09-30","4","1","已汇总第1–930期","链接未收录不等于没有官方投稿"
"nico:sm40160903","ヒアソビ","かめりあ","初音未来","2022-03-13","https://www.nicovideo.jp/watch/sm40160903","https://www.youtube.com/watch?v=od4QcDPpNVk","4","11","2026-09-30","6","4","已汇总第1–930期","链接未收录不等于没有官方投稿"
"nico:sm15880465","ゆるふわ樹海ガール","石風呂","初音未来","2011-10-14","https://www.nicovideo.jp/watch/sm15880465","","0","","2026-09-30","3","7","已汇总第1–930期","链接未收录不等于没有官方投稿"
"nico:sm43083649","オーバーライド","吉田夜世","重音 Teto","2023-11-29","https://www.nicovideo.jp/watch/sm43083649","https://www.youtube.com/watch?v=LLjfal8jCYI","97","1","2026-09-30","46","1","已汇总第1–930期","链接未收录不等于没有官方投稿"
"nico:sm20423253","リンカーネイション","kemu","GUMI|镜音铃","2013-03-24","https://www.nicovideo.jp/watch/sm20423253","https://www.youtube.com/watch?v=1EXGjYk_xXk","0","","2026-09-30","10","2","已汇总第1–930期","链接未收录不等于没有官方投稿"
"nico:sm26238908","メリュー","n-buna","初音未来","2015-05-12","https://www.nicovideo.jp/watch/sm26238908","https://www.youtube.com/watch?v=Jak2qiq_jJo","0","","2026-09-30","89","1","已汇总第1–930期","链接未收录不等于没有官方投稿"
"nico:sm32659903","おばけのウケねらい","匹诺曹P","初音未来","2018-01-30","https://www.nicovideo.jp/watch/sm32659903","https://www.youtube.com/watch?v=M92c6pl10u0","0","","2026-09-30","2","3","已汇总第1–930期","链接未收录不等于没有官方投稿"
"nico:sm20645796","かなしみのなみにおぼれる","Neru","镜音连","2013-04-19","https://www.nicovideo.jp/watch/sm20645796","https://www.youtube.com/watch?v=5R593n1W_HU","0","","2026-09-30","3","5","已汇总第1–930期","链接未收录不等于没有官方投稿"
"nico:sm33897535","アカリがやってきたぞっ","GYARI（ココアシガレットP）","绁星灯","2018-09-22","https://www.nicovideo.jp/watch/sm33897535","","0","","2026-09-30","26","1","已汇总第1–930期","链接未收录不等于没有官方投稿"
"nico:sm37478808","アンチジョーカー","マイキP","初音未来","2020-09-06","https://www.nicovideo.jp/watch/sm37478808","https://www.youtube.com/watch?v=L9Amln_KTxg","0","","2026-09-30","4","1","已汇总第1–930期","链接未收录不等于没有官方投稿"
"nico:sm10282629","秘蜜〜黒の誓い〜","ひとしずくP やま△","镜音连|镜音铃","2010-04-05","https://www.nicovideo.jp/watch/sm10282629","https://www.youtube.com/watch?v=zrdSQrxRKgw","0","","2026-09-30","3","1","已汇总第1–930期","链接未收录不等于没有官方投稿"
"nico:sm23770496","とても素敵な六月でした","Eight","初音未来","2014-06-13","https://www.nicovideo.jp/watch/sm23770496","https://www.youtube.com/watch?v=kAAt-qVxCjc","3","9","2026-09-30","2","13","已汇总第1–930期","链接未收录不等于没有官方投稿"
"nico:sm11970630","ロゼッタ","monaca:factory(10日Ｐ)","GUMI","2010-09-02","https://www.nicovideo.jp/watch/sm11970630","","0","","2026-09-30","3","4","已汇总第1–930期","链接未收录不等于没有官方投稿"
"nico:sm26610255","アンドロメダアンドロメダ","ナユタン星人","初音未来","2015-07-01","https://www.nicovideo.jp/watch/sm26610255","https://www.youtube.com/watch?v=ziubPl820DA","0","","2026-09-30","11","4","已汇总第1–930期","链接未收录不等于没有官方投稿"
"nico:sm6206647","闇色アリス","samfree","初音未来","2009-02-20","https://www.nicovideo.jp/watch/sm6206647","","0","","2026-09-30","4","3","已汇总第1–930期","链接未收录不等于没有官方投稿"
"nico:sm41951611","一千光年","いよわ","初音未来","2023-03-19","https://www.nicovideo.jp/watch/sm41951611","https://www.youtube.com/watch?v=uB_jQ8H2Yeg","4","1","2026-09-30","3","2","已汇总第1–930期","链接未收录不等于没有官方投稿"
"nico:nm14629738","アストロノーツ","椎名もた(ぽわぽわP)","初音未来","2011-06-02","https://www.nicovideo.jp/watch/nm14629738","","0","","2026-09-30","3","2","已汇总第1–930期","链接未收录不等于没有官方投稿"
"nico:sm34963017","コールボーイ","syudou","初音未来","2019-04-13","https://www.nicovideo.jp/watch/sm34963017","https://www.youtube.com/watch?v=FXnzOGTEcuc","0","","2026-09-30","1","5","已汇总第1–930期","链接未收录不等于没有官方投稿"
"nico:sm5865063","ボーカロイドたちがひぐらしのYOUをセッションしたようです","GYARI（ココアシガレットP）","KAITO|初音未来|镜音铃","2009-01-17","https://www.nicovideo.jp/watch/sm5865063","","0","","2026-09-30","8","1","已汇总第1–930期","链接未收录不等于没有官方投稿"
"nico:sm23925671","レイズ","n-buna","初音未来","2014-07-04","https://www.nicovideo.jp/watch/sm23925671","","0","","2026-09-30","2","2","已汇总第1–930期","链接未收录不等于没有官方投稿"
"nico:sm25771502","全く身にならないソング","露吐","结月缘","2015-03-12","https://www.nicovideo.jp/watch/sm25771502","","0","","2026-09-30","24","1","已汇总第1–930期","链接未收录不等于没有官方投稿"
"nico:sm45162338","アベリア","Aliey:S","初音未来","2025-07-07","https://www.nicovideo.jp/watch/sm45162338","https://www.youtube.com/watch?v=wYlH_sR-8cA","6","2","2026-09-30","0","","已汇总第1–930期","链接未收录不等于没有官方投稿"
"nico:sm24990461","今好きになる。","HoneyWorks","初音未来","2014-11-25","https://www.nicovideo.jp/watch/sm24990461","https://www.youtube.com/watch?v=WqlpuarOvq8","0","","2026-09-30","13","1","已汇总第1–930期","链接未收录不等于没有官方投稿"
"nico:sm8541371","Starduster","ジミーサムＰ","初音未来","2009-10-17","https://www.nicovideo.jp/watch/sm8541371","","0","","2026-09-30","4","4","已汇总第1–930期","链接未收录不等于没有官方投稿"
"nico:sm35933131","IMAWANOKIWA","いよわ","初音未来","2019-11-10","https://www.nicovideo.jp/watch/sm35933131","https://www.youtube.com/watch?v=OVwCr2MESfo","7","8","2026-09-30","0","","已汇总第1–930期","链接未收录不等于没有官方投稿"
"nico:sm29520630","きみも悪い人でよかった","匹诺曹P","初音未来","2016-08-26","https://www.nicovideo.jp/watch/sm29520630","https://www.youtube.com/watch?v=PLevj9bdRRA","0","","2026-09-30","8","1","已汇总第1–930期","链接未收录不等于没有官方投稿"
"nico:sm41383081","ハナタバ","MIMI","可不","2022-11-19","https://www.nicovideo.jp/watch/sm41383081","https://www.youtube.com/watch?v=7xht3kQO_TM","10","10","2026-09-30","1","9","已汇总第1–930期","链接未收录不等于没有官方投稿"
"nico:sm38186882","花を唄う","シノ","初音未来","2021-01-28","https://www.nicovideo.jp/watch/sm38186882","https://www.youtube.com/watch?v=gmIcg1EHIac","0","","2026-09-30","1","5","已汇总第1–930期","链接未收录不等于没有官方投稿"
"nico:sm42419098","HERO","Ayase","初音未来","2023-06-30","https://www.nicovideo.jp/watch/sm42419098","https://www.youtube.com/watch?v=o4AxMk3SGUY","5","1","2026-09-30","3","1","已汇总第1–930期","链接未收录不等于没有官方投稿"
"nico:sm45973015","デロスサントス","山本","重音 Teto","2026-02-21","https://www.nicovideo.jp/watch/sm45973015","","19","1","2026-09-30","0","","已汇总第1–930期","链接未收录不等于没有官方投稿"
"nico:sm34067662","[音街ウナ] Booo!","TOKOTOKO（西沢さんP）","音街 Una","2018-10-24","https://www.nicovideo.jp/watch/sm34067662","https://www.youtube.com/watch?v=PcoWIZVaBNc","0","","2026-09-30","2","4","已汇总第1–930期","链接未收录不等于没有官方投稿"
"nico:sm30177801","ダンスロボットダンス","ナユタン星人","初音未来","2016-12-06","https://www.nicovideo.jp/watch/sm30177801","https://www.youtube.com/watch?v=g7dvpD_zlIM","0","","2026-09-30","116","2","已汇总第1–930期","链接未收录不等于没有官方投稿"
"nico:sm19940497","ダンスダンスデカダンス","カラスヤサボウ","镜音铃","2013-01-28","https://www.nicovideo.jp/watch/sm19940497","","0","","2026-09-30","2","1","已汇总第1–930期","链接未收录不等于没有官方投稿"
"nico:sm2085047","歌に形はないけれど","doriko","初音未来","2008-01-20","https://www.nicovideo.jp/watch/sm2085047","https://www.youtube.com/watch?v=7xEkLsQXONQ","0","","2026-09-30","12","1","已汇总第1–930期","链接未收录不等于没有官方投稿"
"nico:sm23189603","[GUMI] 夜もすがら君想ふ","TOKOTOKO（西沢さんP）","GUMI","2014-03-27","https://www.nicovideo.jp/watch/sm23189603","","0","","2026-09-30","21","2","已汇总第1–930期","链接未收录不等于没有官方投稿"
"nico:sm18821036","九龍レトロ","トーマ","GUMI","2012-09-07","https://www.nicovideo.jp/watch/sm18821036","","0","","2026-09-30","4","2","已汇总第1–930期","链接未收录不等于没有官方投稿"
"nico:sm11480547","家に帰ると妻が必ず死んだふりをしています。","ほぼ日P","初音未来","2010-07-23","https://www.nicovideo.jp/watch/sm11480547","","0","","2026-09-30","3","2","已汇总第1–930期","链接未收录不等于没有官方投稿"
"nico:sm27962865","僕がモンスターになった日","れるりり","Fukase","2016-01-08","https://www.nicovideo.jp/watch/sm27962865","https://www.youtube.com/watch?v=M60bNWB0Nxo","0","","2026-09-30","11","2","已汇总第1–930期","链接未收录不等于没有官方投稿"
"nico:sm1657814","ストロボナイツ","kz(livetune)","初音未来","2007-11-30","https://www.nicovideo.jp/watch/sm1657814","","0","","2026-09-30","2","5","已汇总第1–930期","链接未收录不等于没有官方投稿"
"nico:sm24237168","曖昧劣情Lover","koyori(電ポルP)","flower","2014-08-14","https://www.nicovideo.jp/watch/sm24237168","","0","","2026-09-30","6","1","已汇总第1–930期","链接未收录不等于没有官方投稿"
"nico:sm14989713","粘着系男子の１５年ネチネチ（VY2版）","家の裏でマンボウが死んでるP","VY2","2011-07-11","https://www.nicovideo.jp/watch/sm14989713","","0","","2026-09-30","5","6","已汇总第1–930期","链接未收录不等于没有官方投稿"
"nico:sm33639476","ぼかろころしあむ","DIVELA","镜音铃","2018-08-05","https://www.nicovideo.jp/watch/sm33639476","https://www.youtube.com/watch?v=5kIeUb5AE4s","0","","2026-09-30","3","6","已汇总第1–930期","链接未收录不等于没有官方投稿"
"nico:sm1952223","ファインダー","kz(livetune)","初音未来","2008-01-05","https://www.nicovideo.jp/watch/sm1952223","","0","","2026-09-30","2","3","已汇总第1–930期","链接未收录不等于没有官方投稿"
"nico:sm24024502","イヤホンと蝉時雨","Orangestar","IA","2014-07-17","https://www.nicovideo.jp/watch/sm24024502","https://www.youtube.com/watch?v=UBqPPkB_Ybc","0","","2026-09-30","10","2","已汇总第1–930期","链接未收录不等于没有官方投稿"
"nico:sm42994083","はぐ","MIMI","初音未来|可不","2023-11-07","https://www.nicovideo.jp/watch/sm42994083","https://www.youtube.com/watch?v=PAwZl3Up-hc","3","3","2026-09-30","1","4","已汇总第1–930期","链接未收录不等于没有官方投稿"
"nico:sm26969103","キミノヨゾラ哨戒班","Orangestar","IA","2015-08-19","https://www.nicovideo.jp/watch/sm26969103","","0","","2026-09-30","9","2","已汇总第1–930期","链接未收录不等于没有官方投稿"
"nico:sm26975206","スクラマイズ","MARETU","初音未来","2015-08-20","https://www.nicovideo.jp/watch/sm26975206","https://www.youtube.com/watch?v=caGr4pP6H50","0","","2026-09-30","2","7","已汇总第1–930期","链接未收录不等于没有官方投稿"
"nico:sm17367688","Black Board","papiyon(蝶々P)","初音未来","2012-03-26","https://www.nicovideo.jp/watch/sm17367688","","0","","2026-09-30","4","2","已汇总第1–930期","链接未收录不等于没有官方投稿"
"nico:sm27061830","ハウトゥワープ","ナユタン星人","初音未来","2015-09-01","https://www.nicovideo.jp/watch/sm27061830","https://www.youtube.com/watch?v=vQSFmQBtlRY","0","","2026-09-30","4","6","已汇总第1–930期","链接未收录不等于没有官方投稿"
"nico:sm7992704","ACUTE","黑兔P","初音未来|巡音流歌|KAITO","2009-08-21","https://www.nicovideo.jp/watch/sm7992704","","0","","2026-09-30","4","1","已汇总第1–930期","链接未收录不等于没有官方投稿"
"nico:sm20504537","drop","keeno","初音未来","2013-04-02","https://www.nicovideo.jp/watch/sm20504537","","0","","2026-09-30","2","2","已汇总第1–930期","链接未收录不等于没有官方投稿"
"nico:sm39227588","Surges","Orangestar","IA|初音未来","2021-08-23","https://www.nicovideo.jp/watch/sm39227588","https://www.youtube.com/watch?v=rkaNKAvksDE","0","","2026-09-30","3","1","已汇总第1–930期","链接未收录不等于没有官方投稿"
"nico:sm31775813","阿吽のビーツ","羽生まゐご","flower","2017-08-19","https://www.nicovideo.jp/watch/sm31775813","https://www.youtube.com/watch?v=SiqjnFhLq2U","0","","2026-09-30","2","23","已汇总第1–930期","链接未收录不等于没有官方投稿"
"nico:sm35312841","絶え間なく藍色","獅子志司","初音未来","2019-06-25","https://www.nicovideo.jp/watch/sm35312841","https://www.youtube.com/watch?v=6ZUJj9ehvGQ","0","","2026-09-30","3","4","已汇总第1–930期","链接未收录不等于没有官方投稿"
"nico:sm33475587","トーキョーゲットー","Eve","初音未来","2018-07-05","https://www.nicovideo.jp/watch/sm33475587","","0","","2026-09-30","8","2","已汇总第1–930期","链接未收录不等于没有官方投稿"
"nico:sm22877529","故にユーエンミ―","4o（ただのCoだった）","初音未来","2014-02-13","https://www.nicovideo.jp/watch/sm22877529","","0","","2026-09-30","1","19","已汇总第1–930期","链接未收录不等于没有官方投稿"
"nico:sm7021921","ペテン師が笑う頃に","梨本うい","初音未来","2009-05-12","https://www.nicovideo.jp/watch/sm7021921","","0","","2026-09-30","1","25","已汇总第1–930期","链接未收录不等于没有官方投稿"
"nico:sm21702752","聖槍爆裂ボーイ","れるりり","镜音连","2013-08-29","https://www.nicovideo.jp/watch/sm21702752","https://www.youtube.com/watch?v=MqNmKnCNLyM","0","","2026-09-30","12","2","已汇总第1–930期","链接未收录不等于没有官方投稿"
"nico:sm16205143","初恋の絵本","HoneyWorks","GUMI","2011-11-18","https://www.nicovideo.jp/watch/sm16205143","https://www.youtube.com/watch?v=0ciRrkoK5PA","0","","2026-09-30","2","7","已汇总第1–930期","链接未收录不等于没有官方投稿"
"nico:sm33182045","ディカディズム","ぬゆり","flower","2018-05-11","https://www.nicovideo.jp/watch/sm33182045","https://www.youtube.com/watch?v=rMSCXxdsoPc","0","","2026-09-30","20","5","已汇总第1–930期","链接未收录不等于没有官方投稿"
"nico:sm39411572","群青讃歌","Eve","初音未来","2021-09-30","https://www.nicovideo.jp/watch/sm39411572","","0","","2026-09-30","2","1","已汇总第1–930期","链接未收录不等于没有官方投稿"
"nico:sm37511248","シェーマ","Chinozo","flower","2020-09-14","https://www.nicovideo.jp/watch/sm37511248","https://www.youtube.com/watch?v=dH4b59syDYs","0","","2026-09-30","1","9","已汇总第1–930期","链接未收录不等于没有官方投稿"
"nico:sm44267219","オブソミート","サツキ","初音未来|重音 Teto","2024-11-08","https://www.nicovideo.jp/watch/sm44267219","https://www.youtube.com/watch?v=L2hzsXOT0Nc","9","2","2026-09-30","3","2","已汇总第1–930期","链接未收录不等于没有官方投稿"
"nico:sm12850213","むかしむかしのきょうのぼく","DECO*27","初音未来","2010-11-25","https://www.nicovideo.jp/watch/sm12850213","","0","","2026-09-30","17","1","已汇总第1–930期","链接未收录不等于没有官方投稿"
"nico:sm10150980","モノクロ∞ブルースカイ","のぼる↑","初音未来","2010-03-25","https://www.nicovideo.jp/watch/sm10150980","https://www.youtube.com/watch?v=PB6qZQNteQY","0","","2026-09-30","8","2","已汇总第1–930期","链接未收录不等于没有官方投稿"
"nico:sm30960061","グラーヴェ","niki","初音未来","2017-04-04","https://www.nicovideo.jp/watch/sm30960061","https://www.youtube.com/watch?v=hghTIJEF8dk","0","","2026-09-30","22","3","已汇总第1–930期","链接未收录不等于没有官方投稿"
"nico:sm19811204","在来ヒーローズ","150P","GUMI|MAYU|初音未来|镜音铃","2013-01-12","https://www.nicovideo.jp/watch/sm19811204","","0","","2026-09-30","4","3","已汇总第1–930期","链接未收录不等于没有官方投稿"
"nico:sm13434014","影踏みエトランゼ","Substreet","初音未来","2011-01-29","https://www.nicovideo.jp/watch/sm13434014","","0","","2026-09-30","3","2","已汇总第1–930期","链接未收录不等于没有官方投稿"
"nico:sm17720979","セツナトリップ","Last Note．","GUMI","2012-05-03","https://www.nicovideo.jp/watch/sm17720979","","0","","2026-09-30","23","1","已汇总第1–930期","链接未收录不等于没有官方投稿"
"nico:sm42047041","ザムザ","てにをは","初音未来","2023-04-07","https://www.nicovideo.jp/watch/sm42047041","https://www.youtube.com/watch?v=q90SFMi8aUg","33","2","2026-09-30","6","3","已汇总第1–930期","链接未收录不等于没有官方投稿"
"nico:sm12514413","crack","keeno","初音未来","2010-10-22","https://www.nicovideo.jp/watch/sm12514413","","0","","2026-09-30","3","1","已汇总第1–930期","链接未收录不等于没有官方投稿"
"nico:sm16429826","ヘッドフォンアクター","じん(自然の敵P)","IA","2011-12-15","https://www.nicovideo.jp/watch/sm16429826","","0","","2026-09-30","10","1","已汇总第1–930期","链接未收录不等于没有官方投稿"
"nico:sm17064620","アカツキアライヴァル","Last Note．","初音未来|巡音流歌","2012-02-24","https://www.nicovideo.jp/watch/sm17064620","","0","","2026-09-30","3","1","已汇总第1–930期","链接未收录不等于没有官方投稿"
"nico:sm36668789","グッバイ宣言","Chinozo","flower","2020-04-13","https://www.nicovideo.jp/watch/sm36668789","https://www.youtube.com/watch?v=dHXC_ahjtEE","11","8","2026-09-30","2","7","已汇总第1–930期","链接未收录不等于没有官方投稿"
"nico:sm7696158","DECO*27 - 愛言葉","DECO*27","初音未来","2009-07-21","https://www.nicovideo.jp/watch/sm7696158","","0","","2026-09-30","4","5","已汇总第1–930期","链接未收录不等于没有官方投稿"
"nico:sm40132412","ド屑","なきそ","歌爱雪","2022-03-05","https://www.nicovideo.jp/watch/sm40132412","https://www.youtube.com/watch?v=5XehRIb81k8","1","8","2026-09-30","0","","已汇总第1–930期","链接未收录不等于没有官方投稿"
"nico:nm7103480","チルノのすうがく教室","EIKI`","初音未来","2009-05-20","https://www.nicovideo.jp/watch/nm7103480","","0","","2026-09-30","2","1","已汇总第1–930期","链接未收录不等于没有官方投稿"
"nico:sm30274883","残響","164","GUMI","2016-12-22","https://www.nicovideo.jp/watch/sm30274883","https://www.youtube.com/watch?v=Eoj9UcNv3Eo","0","","2026-09-30","3","8","已汇总第1–930期","链接未收录不等于没有官方投稿"
"nico:sm8166339","DECO*27 - 罪と罰","DECO*27","初音未来","2009-09-08","https://www.nicovideo.jp/watch/sm8166339","","0","","2026-09-30","2","1","已汇总第1–930期","链接未收录不等于没有官方投稿"
"nico:sm14993928","天国へ行こう","Kikuo","初音未来","2011-07-12","https://www.nicovideo.jp/watch/sm14993928","","0","","2026-09-30","2","11","已汇总第1–930期","链接未收录不等于没有官方投稿"
"nico:sm37828296","ステラ","じん","初音未来","2020-11-16","https://www.nicovideo.jp/watch/sm37828296","","0","","2026-09-30","2","1","已汇总第1–930期","链接未收录不等于没有官方投稿"
"nico:sm15977003","スイートフロートアパート","家の裏でマンボウが死んでるP","GUMI","2011-10-24","https://www.nicovideo.jp/watch/sm15977003","","0","","2026-09-30","6","1","已汇总第1–930期","链接未收录不等于没有官方投稿"
"nico:sm16719809","ドレミファロンド","40mP","初音未来","2012-01-17","https://www.nicovideo.jp/watch/sm16719809","https://www.youtube.com/watch?v=bphS6_wayug","0","","2026-09-30","3","1","已汇总第1–930期","链接未收录不等于没有官方投稿"
"nico:sm13361994","スキキライ","HoneyWorks","镜音连|镜音铃","2011-01-21","https://www.nicovideo.jp/watch/sm13361994","https://www.youtube.com/watch?v=op3lPBDHEXs","0","","2026-09-30","3","5","已汇总第1–930期","链接未收录不等于没有官方投稿"
"nico:sm36235479","DECO*27 - ポジティブ・パレード","DECO*27","初音未来","2020-01-17","https://www.nicovideo.jp/watch/sm36235479","https://www.youtube.com/watch?v=zSfMHbogn00","0","","2026-09-30","3","1","已汇总第1–930期","链接未收录不等于没有官方投稿"
"nico:sm7155972","紅一葉","黑兔P","巡音流歌","2009-05-26","https://www.nicovideo.jp/watch/sm7155972","","0","","2026-09-30","4","2","已汇总第1–930期","链接未收录不等于没有官方投稿"
"nico:sm39300654","エゴロック(long ver.)","すりぃ","镜音连","2021-09-07","https://www.nicovideo.jp/watch/sm39300654","https://www.youtube.com/watch?v=zi7-jk4LdX0","8","14","2026-09-30","3","1","已汇总第1–930期","链接未收录不等于没有官方投稿"
"nico:sm35992766","ルマ","かいりきベア","初音未来","2019-11-23","https://www.nicovideo.jp/watch/sm35992766","https://www.youtube.com/watch?v=XfUao0_54yM","0","","2026-09-30","5","2","已汇总第1–930期","链接未收录不等于没有官方投稿"
"nico:sm37507315","テレキャスタービーボーイ(long ver.)","すりぃ","镜音连","2020-09-12","https://www.nicovideo.jp/watch/sm37507315","https://www.youtube.com/watch?v=i-DZukWFR64","29","4","2026-09-30","8","1","已汇总第1–930期","链接未收录不等于没有官方投稿"
"nico:sm17865432","空想フォレスト","じん(自然の敵P)","IA","2012-05-19","https://www.nicovideo.jp/watch/sm17865432","","0","","2026-09-30","3","1","已汇总第1–930期","链接未收录不等于没有官方投稿"
"nico:sm31241401","ナンセンス文学","Eve","初音未来","2017-05-19","https://www.nicovideo.jp/watch/sm31241401","","0","","2026-09-30","27","1","已汇总第1–930期","链接未收录不等于没有官方投稿"
"nico:sm36897459","ヤミタイガール - れるりり","れるりり","GUMI","2020-05-22","https://www.nicovideo.jp/watch/sm36897459","https://www.youtube.com/watch?v=Scpu6fB4waA","0","","2026-09-30","0","","已汇总第1–930期","链接未收录不等于没有官方投稿"
"nico:sm26813372","リアル初音ミクの消失","cosMo＠暴走P","GUMI|初音未来","2015-07-29","https://www.nicovideo.jp/watch/sm26813372","https://www.youtube.com/watch?v=Qs1spSzwSPE","0","","2026-09-30","4","3","已汇总第1–930期","链接未收录不等于没有官方投稿"
"nico:sm15155336","ジャバヲッキー・ジャバヲッカ","カラスヤサボウ","镜音连|镜音铃","2011-07-29","https://www.nicovideo.jp/watch/sm15155336","","0","","2026-09-30","14","8","已汇总第1–930期","链接未收录不等于没有官方投稿"
"nico:sm4144858","スーパートルコ行進曲 - オワタ＼(^o^)","オワタP","神威 Gakupo","2008-08-01","https://www.nicovideo.jp/watch/sm4144858","https://www.youtube.com/watch?v=0e5ELMSC4oo","0","","2026-09-30","4","3","已汇总第1–930期","链接未收录不等于没有官方投稿"
"nico:sm32296100","シックシックシック","匹诺曹P","初音未来","2017-11-20","https://www.nicovideo.jp/watch/sm32296100","https://www.youtube.com/watch?v=gNKgqg3FISw","0","","2026-09-30","3","2","已汇总第1–930期","链接未收录不等于没有官方投稿"
"nico:sm18938918","Ib","Diarays","IA","2012-09-21","https://www.nicovideo.jp/watch/sm18938918","","0","","2026-09-30","3","1","已汇总第1–930期","链接未收录不等于没有官方投稿"
"nico:sm8228650","No Logic","ジミーサムＰ","巡音流歌","2009-09-14","https://www.nicovideo.jp/watch/sm8228650","","0","","2026-09-30","4","1","已汇总第1–930期","链接未收录不等于没有官方投稿"
"nico:sm4136912","神威がくぽ がオリジナル曲『 ダンシング☆サムライ","mathru@かにみそP","神威 Gakupo","2008-07-31","https://www.nicovideo.jp/watch/sm4136912","","0","","2026-09-30","10","2","已汇总第1–930期","链接未收录不等于没有官方投稿"
"nico:sm29021785","罪の名前","ryo","初音未来","2016-06-10","https://www.nicovideo.jp/watch/sm29021785","https://www.youtube.com/watch?v=kWJ4z-I25LU","0","","2026-09-30","16","1","已汇总第1–930期","链接未收录不等于没有官方投稿"
"nico:sm9129998","恋人のランジェ","Hachi","初音未来","2009-12-19","https://www.nicovideo.jp/watch/sm9129998","","0","","2026-09-30","3","3","已汇总第1–930期","链接未收录不等于没有官方投稿"
"nico:sm19466301","独りんぼエンヴィー","koyori(電ポルP)","初音未来","2012-11-29","https://www.nicovideo.jp/watch/sm19466301","https://www.youtube.com/watch?v=UKVioegPPds","0","","2026-09-30","10","3","已汇总第1–930期","链接未收录不等于没有官方投稿"
"nico:sm33897675","幾望の月","なきゃむりゃ","结月缘","2018-09-22","https://www.nicovideo.jp/watch/sm33897675","https://www.youtube.com/watch?v=z4k9fPvw_LQ","0","","2026-09-30","10","2","已汇总第1–930期","链接未收录不等于没有官方投稿"
"nico:sm31480307","マチガイサガシ","まふまふ","IA","2017-06-30","https://www.nicovideo.jp/watch/sm31480307","https://www.youtube.com/watch?v=YXTmB26L22Y","0","","2026-09-30","4","1","已汇总第1–930期","链接未收录不等于没有官方投稿"
"nico:sm16591615","cat's dance","まらしぃ","初音未来","2012-01-02","https://www.nicovideo.jp/watch/sm16591615","","0","","2026-09-30","6","2","已汇总第1–930期","链接未收录不等于没有官方投稿"
"nico:sm8298201","DECO*27 - キミ以上、ボク未満。","DECO*27","初音未来","2009-09-22","https://www.nicovideo.jp/watch/sm8298201","","0","","2026-09-30","2","3","已汇总第1–930期","链接未收录不等于没有官方投稿"
"nico:sm6256856","君を捜す空","ひとしずくP","镜音连","2009-02-25","https://www.nicovideo.jp/watch/sm6256856","https://www.youtube.com/watch?v=PQvXLTh093M","0","","2026-09-30","5","2","已汇总第1–930期","链接未收录不等于没有官方投稿"
"nico:sm44158937","ドーナツホール 2024","Hachi","GUMI","2024-09-30","https://www.nicovideo.jp/watch/sm44158937","","3","1","2026-09-30","2","1","已汇总第1–930期","链接未收录不等于没有官方投稿"
"nico:sm17456703","日本橋高架下R計画","じん(自然の敵P)","IA","2012-04-04","https://www.nicovideo.jp/watch/sm17456703","","0","","2026-09-30","2","1","已汇总第1–930期","链接未收录不等于没有官方投稿"
"nico:sm42682989","混沌ブギ","jon-YAKITORY","初音未来","2023-08-30","https://www.nicovideo.jp/watch/sm42682989","https://www.youtube.com/watch?v=1Swg-aBO9eY","38","1","2026-09-30","7","7","已汇总第1–930期","链接未收录不等于没有官方投稿"
"nico:sm18605244","アマツキツネ","まらしぃ","镜音铃","2012-08-13","https://www.nicovideo.jp/watch/sm18605244","","0","","2026-09-30","2","3","已汇总第1–930期","链接未收录不等于没有官方投稿"
"nico:sm32921516","SNOBBISM","Neru","镜音连|镜音铃","2018-03-21","https://www.nicovideo.jp/watch/sm32921516","https://www.youtube.com/watch?v=f5jDVFmEIVQ","0","","2026-09-30","6","1","已汇总第1–930期","链接未收录不等于没有官方投稿"
"nico:sm24626484","雨き声残響","Orangestar","IA","2014-10-05","https://www.nicovideo.jp/watch/sm24626484","https://www.youtube.com/watch?v=0KK5vQlCVYo","0","","2026-09-30","4","2","已汇总第1–930期","链接未收录不等于没有官方投稿"
"nico:sm42833438","NEO","じん","初音未来","2023-10-01","https://www.nicovideo.jp/watch/sm42833438","","4","2","2026-09-30","4","2","已汇总第1–930期","链接未收录不等于没有官方投稿"
"nico:sm38708262","シネマ","Ayase","初音未来","2021-05-08","https://www.nicovideo.jp/watch/sm38708262","https://www.youtube.com/watch?v=EEbWRjavSVw","0","","2026-09-30","5","1","已汇总第1–930期","链接未收录不等于没有官方投稿"
"nico:sm26885931","失敗作少女","かいりきベア","初音未来","2015-08-08","https://www.nicovideo.jp/watch/sm26885931","https://www.youtube.com/watch?v=TXfJVNqaHiM","0","","2026-09-30","3","5","已汇总第1–930期","链接未收录不等于没有官方投稿"
"nico:sm14731092","悪徳のジャッジメント","mothy(悪ノＰ)","KAITO","2011-06-13","https://www.nicovideo.jp/watch/sm14731092","https://www.youtube.com/watch?v=xC_lHFBen5k","0","","2026-09-30","2","2","已汇总第1–930期","链接未收录不等于没有官方投稿"
"nico:sm32076378","ドラマツルギー","Eve","初音未来","2017-10-10","https://www.nicovideo.jp/watch/sm32076378","","0","","2026-09-30","42","1","已汇总第1–930期","链接未收录不等于没有官方投稿"
"nico:sm32498233","くたばろうぜ","Neru","镜音连|镜音铃","2017-12-29","https://www.nicovideo.jp/watch/sm32498233","https://www.youtube.com/watch?v=jJirzFqSp-A","0","","2026-09-30","3","3","已汇总第1–930期","链接未收录不等于没有官方投稿"
"nico:sm2736134","夕日坂","doriko","初音未来","2008-03-22","https://www.nicovideo.jp/watch/sm2736134","","0","","2026-09-30","7","1","已汇总第1–930期","链接未收录不等于没有官方投稿"
"nico:sm8139134","パズル","クワガタP","初音未来","2009-09-05","https://www.nicovideo.jp/watch/sm8139134","https://www.youtube.com/watch?v=STbj31OfEko","0","","2026-09-30","3","3","已汇总第1–930期","链接未收录不等于没有官方投稿"
"nico:sm22361272","DECO*27 - 音偽バナシ","DECO*27","初音未来","2013-11-30","https://www.nicovideo.jp/watch/sm22361272","https://www.youtube.com/watch?v=fEcTEk9eQtc","0","","2026-09-30","5","1","已汇总第1–930期","链接未收录不等于没有官方投稿"
"nico:sm31936023","コバルトメモリーズ","はるまきごはん","初音未来","2017-09-16","https://www.nicovideo.jp/watch/sm31936023","https://www.youtube.com/watch?v=0X_pI_SCDK8","0","","2026-09-30","3","5","已汇总第1–930期","链接未收录不等于没有官方投稿"
"nico:sm25223315","厨病激発ボーイ","れるりり","镜音连","2015-01-02","https://www.nicovideo.jp/watch/sm25223315","https://www.youtube.com/watch?v=o2ovsJkqaiM","0","","2026-09-30","10","1","已汇总第1–930期","链接未收录不等于没有官方投稿"
"nico:sm32855820","ヨヒラ","n-buna","初音未来","2018-03-09","https://www.nicovideo.jp/watch/sm32855820","https://www.youtube.com/watch?v=ZgC5umCFkp0","0","","2026-09-30","7","2","已汇总第1–930期","链接未收录不等于没有官方投稿"
"nico:sm22885875","告白ライバル宣言","HoneyWorks","GUMI","2014-02-14","https://www.nicovideo.jp/watch/sm22885875","https://www.youtube.com/watch?v=9zlh7h76tK8","0","","2026-09-30","8","2","已汇总第1–930期","链接未收录不等于没有官方投稿"
"nico:sm22151787","愛の詩（V3）-初音ミク for LamazeP","ラマーズP","初音未来","2013-10-31","https://www.nicovideo.jp/watch/sm22151787","https://www.youtube.com/watch?v=E2oRrLUxWKo","0","","2026-09-30","2","2","已汇总第1–930期","链接未收录不等于没有官方投稿"
"nico:sm8061508","二息歩行","DECO*27","初音未来","2009-08-28","https://www.nicovideo.jp/watch/sm8061508","","0","","2026-09-30","4","2","已汇总第1–930期","链接未收录不等于没有官方投稿"
"nico:sm44233925","化けの花","なきそ","初音未来","2024-10-20","https://www.nicovideo.jp/watch/sm44233925","https://www.youtube.com/watch?v=jaSJ4t2ITW8","9","1","2026-09-30","3","1","已汇总第1–930期","链接未收录不等于没有官方投稿"
"nico:sm35553134","パノプティコン","r-906","初音未来","2019-08-17","https://www.nicovideo.jp/watch/sm35553134","https://www.youtube.com/watch?v=_-Vd0ZGB-lo","0","","2026-09-30","1","4","已汇总第1–930期","链接未收录不等于没有官方投稿"
"nico:sm30978393","彗星ハネムーン","ナユタン星人","初音未来","2017-04-06","https://www.nicovideo.jp/watch/sm30978393","https://www.youtube.com/watch?v=wCj04kwAFX8","0","","2026-09-30","50","1","已汇总第1–930期","链接未收录不等于没有官方投稿"
"nico:sm33009959","アウトサイダー","Eve","初音未来","2018-04-06","https://www.nicovideo.jp/watch/sm33009959","","0","","2026-09-30","14","1","已汇总第1–930期","链接未收录不等于没有官方投稿"
"nico:sm1937053","クローバー♣クラブ （オリジナル）","ゆうゆP","初音未来","2008-01-03","https://www.nicovideo.jp/watch/sm1937053","","0","","2026-09-30","1","10","已汇总第1–930期","链接未收录不等于没有官方投稿"
"nico:sm8489562","Mrs.Pumpkinの滑稽な夢","Hachi","初音未来","2009-10-12","https://www.nicovideo.jp/watch/sm8489562","","0","","2026-09-30","9","1","已汇总第1–930期","链接未收录不等于没有官方投稿"
"nico:sm25698086","頓珍漢の宴","匹诺曹P","初音未来","2015-03-02","https://www.nicovideo.jp/watch/sm25698086","https://www.youtube.com/watch?v=D6dwEFGL_KI","0","","2026-09-30","11","1","已汇总第1–930期","链接未收录不等于没有官方投稿"
"nico:sm33770519","ディザーチューン","DIVELA","初音未来","2018-08-31","https://www.nicovideo.jp/watch/sm33770519","https://www.youtube.com/watch?v=hc8rQr-R-bA","0","","2026-09-30","6","12","已汇总第1–930期","链接未收录不等于没有官方投稿"
"nico:sm37872936","メビウス","柊キライ","flower","2020-11-26","https://www.nicovideo.jp/watch/sm37872936","https://www.youtube.com/watch?v=hunqo6DgjD8","0","","2026-09-30","2","1","已汇总第1–930期","链接未收录不等于没有官方投稿"
"nico:sm42646085","リアライズ","柊マグネタイト","初音未来","2023-08-19","https://www.nicovideo.jp/watch/sm42646085","https://www.youtube.com/watch?v=pRZwLHrMsvM","6","1","2026-09-30","3","1","已汇总第1–930期","链接未收录不等于没有官方投稿"
"nico:sm20296308","ブリキノダンス","日向電工","初音未来","2013-03-10","https://www.nicovideo.jp/watch/sm20296308","","0","","2026-09-30","3","17","已汇总第1–930期","链接未收录不等于没有官方投稿"
"nico:sm31165275","ドリームレス・ドリームス","はるまきごはん","初音未来","2017-05-06","https://www.nicovideo.jp/watch/sm31165275","https://www.youtube.com/watch?v=JhuaYitvAaw","0","","2026-09-30","4","1","已汇总第1–930期","链接未收录不等于没有官方投稿"
"nico:sm35880454","ポッピンキャンディ☆フィーバー！","キノシタ","镜音铃|音街 Una","2019-10-29","https://www.nicovideo.jp/watch/sm35880454","","0","","2026-09-30","1","4","已汇总第1–930期","链接未收录不等于没有官方投稿"
"nico:sm12640192","Blackjack","ゆちゃP","巡音流歌","2010-11-04","https://www.nicovideo.jp/watch/sm12640192","https://www.youtube.com/watch?v=yIc8j0oMAW8","0","","2026-09-30","14","3","已汇总第1–930期","链接未收录不等于没有官方投稿"
"nico:sm18726752","永遠に幸せになる方法、見つけました。","UtataP","初音未来","2012-08-27","https://www.nicovideo.jp/watch/sm18726752","https://www.youtube.com/watch?v=ijI5Lkatfqk","0","","2026-09-30","4","1","已汇总第1–930期","链接未收录不等于没有官方投稿"
"nico:sm21744668","僕は空気が嫁ない","cosMo＠暴走P","GUMI","2013-09-03","https://www.nicovideo.jp/watch/sm21744668","https://www.youtube.com/watch?v=5KqoIMF9qQs","0","","2026-09-30","3","3","已汇总第1–930期","链接未收录不等于没有官方投稿"
"nico:sm38667465","アイディスマイル","とあ","初音未来|镜音铃","2021-04-19","https://www.nicovideo.jp/watch/sm38667465","","0","","2026-09-30","4","2","已汇总第1–930期","链接未收录不等于没有官方投稿"
"nico:sm16742993","恋愛勇者","Last Note．","GUMI","2012-01-20","https://www.nicovideo.jp/watch/sm16742993","","0","","2026-09-30","8","1","已汇总第1–930期","链接未收录不等于没有官方投稿"
"nico:sm38387707","ヴァンパイア","DECO*27","初音未来","2021-03-09","https://www.nicovideo.jp/watch/sm38387707","https://www.youtube.com/watch?v=e1xCOsgWG0M","6","14","2026-09-30","20","1","已汇总第1–930期","链接未收录不等于没有官方投稿"
"nico:sm13236011","リスキーゲーム","黑兔P","初音未来","2011-01-06","https://www.nicovideo.jp/watch/sm13236011","","0","","2026-09-30","5","3","已汇总第1–930期","链接未收录不等于没有官方投稿"
"nico:sm30159740","ムーンウォークフィーバー","日向電工","初音未来","2016-12-03","https://www.nicovideo.jp/watch/sm30159740","","0","","2026-09-30","4","2","已汇总第1–930期","链接未收录不等于没有官方投稿"
"nico:sm33677965","あの夏が飽和する。","カンザキイオリ","镜音连|镜音铃","2018-08-12","https://www.nicovideo.jp/watch/sm33677965","https://www.youtube.com/watch?v=mKaRxty1j7g","0","","2026-09-30","3","7","已汇总第1–930期","链接未收录不等于没有官方投稿"
"nico:sm28242091","Alice in 冷凍庫","Orangestar","IA","2016-02-17","https://www.nicovideo.jp/watch/sm28242091","https://www.youtube.com/watch?v=jQmYZWjLwzw","0","","2026-09-30","19","1","已汇总第1–930期","链接未收录不等于没有官方投稿"
"nico:sm9809880","死にたがり","梨本うい","初音未来","2010-02-23","https://www.nicovideo.jp/watch/sm9809880","","0","","2026-09-30","4","2","已汇总第1–930期","链接未收录不等于没有官方投稿"
"nico:sm40089113","魔法少女とチョコレゐト","匹诺曹P","初音未来","2022-02-25","https://www.nicovideo.jp/watch/sm40089113","https://www.youtube.com/watch?v=T2kS1gAbxhc","5","7","2026-09-30","6","1","已汇总第1–930期","链接未收录不等于没有官方投稿"
"nico:sm29081909","脱法ロック","Neru","镜音连","2016-06-19","https://www.nicovideo.jp/watch/sm29081909","https://www.youtube.com/watch?v=u5mHVUwDf_0","0","","2026-09-30","62","1","已汇总第1–930期","链接未收录不等于没有官方投稿"
"nico:sm29281205","祝福のメシアとアイの塔","ひとしずくP やま△","GUMI|IA|KAITO|MAYU|MEIKO|初音未来|巡音流歌|神威乐步|镜音连|镜音铃","2016-07-20","https://www.nicovideo.jp/watch/sm29281205","","0","","2026-09-30","5","1","已汇总第1–930期","链接未收录不等于没有官方投稿"
"nico:sm28929186","DECO*27 - ライアーダンス","DECO*27","初音未来","2016-05-27","https://www.nicovideo.jp/watch/sm28929186","https://www.youtube.com/watch?v=FOvfM0fe-FE","0","","2026-09-30","13","1","已汇总第1–930期","链接未收录不等于没有官方投稿"
"nico:sm39889004","くうになる","MIMI","初音未来|可不","2022-01-15","https://www.nicovideo.jp/watch/sm39889004","https://www.youtube.com/watch?v=f6TytcA47rI","0","","2026-09-30","2","3","已汇总第1–930期","链接未收录不等于没有官方投稿"
"nico:sm40676162","バグ","かいりきベア","初音未来","2022-06-25","https://www.nicovideo.jp/watch/sm40676162","https://www.youtube.com/watch?v=FkO8ub83wss","11","9","2026-09-30","7","1","已汇总第1–930期","链接未收录不等于没有官方投稿"
"nico:sm25309940","パケットヒーロー","MARETU","初音未来","2015-01-09","https://www.nicovideo.jp/watch/sm25309940","https://www.youtube.com/watch?v=eXKoaIaSqPQ","0","","2026-09-30","2","8","已汇总第1–930期","链接未收录不等于没有官方投稿"
"nico:sm18172311","完全犯罪ラブレター","150P","IA","2012-06-23","https://www.nicovideo.jp/watch/sm18172311","","0","","2026-09-30","3","4","已汇总第1–930期","链接未收录不等于没有官方投稿"
"nico:sm8430328","1925","T-POCKET","初音未来","2009-10-05","https://www.nicovideo.jp/watch/sm8430328","","0","","2026-09-30","16","1","已汇总第1–930期","链接未收录不等于没有官方投稿"
"nico:sm34317927","ラストダンス","Eve","初音未来","2018-12-14","https://www.nicovideo.jp/watch/sm34317927","","0","","2026-09-30","8","1","已汇总第1–930期","链接未收录不等于没有官方投稿"
"nico:sm32727744","だれかの心臓になれたなら","ユリイ・カノン","GUMI","2018-02-12","https://www.nicovideo.jp/watch/sm32727744","https://www.youtube.com/watch?v=hZFBTnzKa54","0","","2026-09-30","48","1","已汇总第1–930期","链接未收录不等于没有官方投稿"
"nico:sm39722490","DECO*27 - アニマル","DECO*27","初音未来","2021-12-16","https://www.nicovideo.jp/watch/sm39722490","https://www.youtube.com/watch?v=HtBqK6xsQ9k","0","","2026-09-30","2","1","已汇总第1–930期","链接未收录不等于没有官方投稿"
"nico:sm33721009","閻魔さまのいうとおり","匹诺曹P","初音未来","2018-08-20","https://www.nicovideo.jp/watch/sm33721009","https://www.youtube.com/watch?v=Tg5z_8286ms","0","","2026-09-30","3","1","已汇总第1–930期","链接未收录不等于没有官方投稿"
"nico:sm12825985","ハッピーシンセサイザ","EasyPop","GUMI|巡音流歌","2010-11-22","https://www.nicovideo.jp/watch/sm12825985","https://www.youtube.com/watch?v=xOKplMgHxxA","0","","2026-09-30","25","2","已汇总第1–930期","链接未收录不等于没有官方投稿"
"nico:sm35330510","再会","はるまきごはん","初音未来","2019-06-29","https://www.nicovideo.jp/watch/sm35330510","","0","","2026-09-30","3","1","已汇总第1–930期","链接未收录不等于没有官方投稿"
"nico:sm29544351","チェチェ・チェック・ワンツー！","和田たけあき(くらげP)","结月缘","2016-08-29","https://www.nicovideo.jp/watch/sm29544351","","0","","2026-09-30","9","2","已汇总第1–930期","链接未收录不等于没有官方投稿"
"nico:sm7756597","SPiCa","とくP","初音未来","2009-07-27","https://www.nicovideo.jp/watch/sm7756597","","0","","2026-09-30","2","2","已汇总第1–930期","链接未收录不等于没有官方投稿"
"nico:sm17428538","イカサマ⇔カジノ","ひとしずくP やま△","镜音连|镜音铃","2012-04-01","https://www.nicovideo.jp/watch/sm17428538","https://www.youtube.com/watch?v=tjkYVU8IahE","0","","2026-09-30","2","2","已汇总第1–930期","链接未收录不等于没有官方投稿"
"nico:sm29525305","ココロナンセンス","かいりきベア","初音未来","2016-08-26","https://www.nicovideo.jp/watch/sm29525305","https://www.youtube.com/watch?v=3HA9QiksWIc","0","","2026-09-30","2","6","已汇总第1–930期","链接未收录不等于没有官方投稿"
"nico:sm17961470","幸福な死を","Kikuo","初音未来","2012-05-30","https://www.nicovideo.jp/watch/sm17961470","","0","","2026-09-30","1","4","已汇总第1–930期","链接未收录不等于没有官方投稿"
"nico:sm22474644","病名恋ワズライ","HoneyWorks","GUMI","2013-12-17","https://www.nicovideo.jp/watch/sm22474644","https://www.youtube.com/watch?v=mwBGD2WT70I","0","","2026-09-30","5","2","已汇总第1–930期","链接未收录不等于没有官方投稿"
"nico:sm16712655","ハイファイレイヴァー","EasyPop","GUMI|初音未来|巡音流歌","2012-01-16","https://www.nicovideo.jp/watch/sm16712655","https://www.youtube.com/watch?v=19so4AYK3xc","0","","2026-09-30","1","6","已汇总第1–930期","链接未收录不等于没有官方投稿"
"nico:sm30469574","太陽系デスコ","ナユタン星人","初音未来","2017-01-20","https://www.nicovideo.jp/watch/sm30469574","https://www.youtube.com/watch?v=Ja9qmYjXk6U","0","","2026-09-30","98","1","已汇总第1–930期","链接未收录不等于没有官方投稿"
"nico:sm27943541","キドアイラク","Task","GUMI|初音未来","2016-01-05","https://www.nicovideo.jp/watch/sm27943541","","0","","2026-09-30","3","4","已汇总第1–930期","链接未收录不等于没有官方投稿"
"nico:sm27804706","DECO*27 - チャンバラジョニー","DECO*27","初音未来","2015-12-16","https://www.nicovideo.jp/watch/sm27804706","https://www.youtube.com/watch?v=9qVm_1fGF6I","0","","2026-09-30","19","1","已汇总第1–930期","链接未收录不等于没有官方投稿"
"nico:sm30564811","影光SPECTRUM","M.S.SProject","初音未来","2017-02-04","https://www.nicovideo.jp/watch/sm30564811","","0","","2026-09-30","2","3","已汇总第1–930期","链接未收录不等于没有官方投稿"
"nico:sm21720548","しかばねの踊り","Kikuo","初音未来","2013-08-31","https://www.nicovideo.jp/watch/sm21720548","","0","","2026-09-30","2","6","已汇总第1–930期","链接未收录不等于没有官方投稿"
"nico:sm22872605","DECO*27 - おじゃま虫","DECO*27","初音未来","2014-02-14","https://www.nicovideo.jp/watch/sm22872605","https://www.youtube.com/watch?v=wv2P0PLz9fw","0","","2026-09-30","3","4","已汇总第1–930期","链接未收录不等于没有官方投稿"
"nico:sm29822304","シャルル","バルーン","flower","2016-10-12","https://www.nicovideo.jp/watch/sm29822304","https://www.youtube.com/watch?v=TA5OFS_xX0c","0","","2026-09-30","115","2","已汇总第1–930期","链接未收录不等于没有官方投稿"
"nico:sm37292594","マフィア","wotaku","初音未来","2020-08-07","https://www.nicovideo.jp/watch/sm37292594","https://www.youtube.com/watch?v=43gCuHxQDy0","0","","2026-09-30","2","4","已汇总第1–930期","链接未收录不等于没有官方投稿"
"nico:sm44759275","ダイダイダイダイダイキライ","雨良 Amala","初音未来|重音 Teto","2025-03-15","https://www.nicovideo.jp/watch/sm44759275","https://www.youtube.com/watch?v=klIxS5o65C4","24","1","2026-09-30","12","1","已汇总第1–930期","链接未收录不等于没有官方投稿"
"nico:sm33334184","METEOR","DIVELA","初音未来","2018-06-08","https://www.nicovideo.jp/watch/sm33334184","https://www.youtube.com/watch?v=2kZVEUGLgy4","0","","2026-09-30","3","1","已汇总第1–930期","链接未收录不等于没有官方投稿"
"nico:sm31098605","[初音ミク・MV] テスラは夢の中","TOKOTOKO（西沢さんP）","初音未来","2017-04-26","https://www.nicovideo.jp/watch/sm31098605","","0","","2026-09-30","1","2","已汇总第1–930期","链接未收录不等于没有官方投稿"
"nico:sm24808556","キメラ","ATOLS","IA","2014-10-31","https://www.nicovideo.jp/watch/sm24808556","https://www.youtube.com/watch?v=OgCj6OpPbAw","0","","2026-09-30","2","7","已汇总第1–930期","链接未收录不等于没有官方投稿"
"nico:sm26705595","世界を壊している","Neru","镜音铃","2015-07-14","https://www.nicovideo.jp/watch/sm26705595","https://www.youtube.com/watch?v=YICFtIl2tEg","0","","2026-09-30","4","1","已汇总第1–930期","链接未收录不等于没有官方投稿"
"nico:sm32611388","トオトロジイダウトフル - gumi [オリジナル]","ツミキ","GUMI","2018-01-20","https://www.nicovideo.jp/watch/sm32611388","","0","","2026-09-30","3","3","已汇总第1–930期","链接未收录不等于没有官方投稿"
"nico:sm11224129","ピエロ","KEI","初音未来","2010-06-29","https://www.nicovideo.jp/watch/sm11224129","","0","","2026-09-30","2","6","已汇总第1–930期","链接未收录不等于没有官方投稿"
"nico:sm19179814","四季刻歌","綿飴（季節P）","IA","2012-10-22","https://www.nicovideo.jp/watch/sm19179814","","0","","2026-09-30","2","9","已汇总第1–930期","链接未收录不等于没有官方投稿"
"nico:sm14065801","ReAct","黑兔P","初音未来|镜音连|镜音铃","2011-04-04","https://www.nicovideo.jp/watch/sm14065801","","0","","2026-09-30","2","1","已汇总第1–930期","链接未收录不等于没有官方投稿"
"nico:sm9797269","白い雪のプリンセスは","のぼる↑","初音未来","2010-02-22","https://www.nicovideo.jp/watch/sm9797269","https://www.youtube.com/watch?v=aPb-MTcpNbE","0","","2026-09-30","4","1","已汇总第1–930期","链接未收录不等于没有官方投稿"
"nico:sm1563848","SUPER HATSUNE BEAT vol.1","ゆうゆP","初音未来","2007-11-18","https://www.nicovideo.jp/watch/sm1563848","","0","","2026-09-30","5","1","已汇总第1–930期","链接未收录不等于没有官方投稿"
"nico:sm43084181","ボルテッカー","DECO*27","初音未来","2023-12-01","https://www.nicovideo.jp/watch/sm43084181","https://www.youtube.com/watch?v=C-7TIDIKc98","8","3","2026-09-30","2","3","已汇总第1–930期","链接未收录不等于没有官方投稿"
"nico:sm1639267","卑怯戦隊うろたんだー","シンP","KAITO|MEIKO|初音未来","2007-11-28","https://www.nicovideo.jp/watch/sm1639267","","0","","2026-09-30","64","2","已汇总第1–930期","链接未收录不等于没有官方投稿"
"nico:sm33222454","ジャガーノート","夏代孝明","初音未来","2018-05-17","https://www.nicovideo.jp/watch/sm33222454","","0","","2026-09-30","12","1","已汇总第1–930期","链接未收录不等于没有官方投稿"
"nico:sm31840221","快晴","Orangestar","IA","2017-08-31","https://www.nicovideo.jp/watch/sm31840221","https://www.youtube.com/watch?v=BwGpXK3W6tE","0","","2026-09-30","5","2","已汇总第1–930期","链接未收录不等于没有官方投稿"
"nico:sm13560654","BadBye","koma’n","初音未来","2011-02-11","https://www.nicovideo.jp/watch/sm13560654","","0","","2026-09-30","4","1","已汇总第1–930期","链接未收录不等于没有官方投稿"
"nico:sm15108950","Alice in Musicland","OSTER_project","初音未来|镜音连|镜音铃","2011-07-24","https://www.nicovideo.jp/watch/sm15108950","https://www.youtube.com/watch?v=7vE_Bi5Sglw","0","","2026-09-30","12","1","已汇总第1–930期","链接未收录不等于没有官方投稿"
"nico:sm44681832","花弁、それにまつわる音声","あばらや","初音未来","2025-02-22","https://www.nicovideo.jp/watch/sm44681832","https://www.youtube.com/watch?v=LW1KBCgvEPQ","6","1","2026-09-30","4","1","已汇总第1–930期","链接未收录不等于没有官方投稿"
"nico:sm28221195","ONE OFF MIND","VAN DE SHOP","GUMI|初音未来","2016-02-14","https://www.nicovideo.jp/watch/sm28221195","","0","","2026-09-30","1","5","已汇总第1–930期","链接未收录不等于没有官方投稿"
"nico:sm43425346","わかれみち","大漠波新","初音未来|重音 Teto","2024-02-23","https://www.nicovideo.jp/watch/sm43425346","https://www.youtube.com/watch?v=ak7OILqZPL4","3","3","2026-09-30","1","9","已汇总第1–930期","链接未收录不等于没有官方投稿"
"nico:sm19042393","サリシノハラ","みきとP","初音未来","2012-10-04","https://www.nicovideo.jp/watch/sm19042393","","0","","2026-09-30","8","3","已汇总第1–930期","链接未收录不等于没有官方投稿"
"nico:sm14196898","マーメイド","monaca:factory(10日Ｐ)","GUMI","2011-04-18","https://www.nicovideo.jp/watch/sm14196898","","0","","2026-09-30","3","1","已汇总第1–930期","链接未收录不等于没有官方投稿"
"nico:sm30225611","メーベル","バルーン","flower","2016-12-14","https://www.nicovideo.jp/watch/sm30225611","https://www.youtube.com/watch?v=PfCcIsDmlfA","0","","2026-09-30","5","1","已汇总第1–930期","链接未收录不等于没有官方投稿"
"nico:sm35928733","しう","MARETU","初音未来","2019-11-09","https://www.nicovideo.jp/watch/sm35928733","https://www.youtube.com/watch?v=LCOItseOsFE","0","","2026-09-30","3","2","已汇总第1–930期","链接未收录不等于没有官方投稿"
"nico:sm27056499","わたしのアール","和田たけあき(くらげP)","初音未来","2015-08-31","https://www.nicovideo.jp/watch/sm27056499","","0","","2026-09-30","2","3","已汇总第1–930期","链接未收录不等于没有官方投稿"
"nico:sm40545552","月光","はるまきごはん","初音未来|镜音铃","2022-05-30","https://www.nicovideo.jp/watch/sm40545552","https://www.youtube.com/watch?v=SaX0By61S3U","0","","2026-09-30","2","1","已汇总第1–930期","链接未收录不等于没有官方投稿"
"nico:sm38268550","エンヴィーベイビー","Kanaria","GUMI","2021-02-13","https://www.nicovideo.jp/watch/sm38268550","https://www.youtube.com/watch?v=dgS6HvEohsw","3","5","2026-09-30","11","1","已汇总第1–930期","链接未收录不等于没有官方投稿"
"nico:sm22210937","猪突猛進ガール","れるりり","GUMI|初音未来","2013-11-08","https://www.nicovideo.jp/watch/sm22210937","https://www.youtube.com/watch?v=WA_6kcUA_Ls","0","","2026-09-30","8","2","已汇总第1–930期","链接未收录不等于没有官方投稿"
"nico:sm10924943","初音ミクの分裂→破壊","cosMo＠暴走P","初音未来","2010-06-02","https://www.nicovideo.jp/watch/sm10924943","","0","","2026-09-30","2","1","已汇总第1–930期","链接未收录不等于没有官方投稿"
"nico:sm23750267","恋愛裁判","40mP","初音未来","2014-06-10","https://www.nicovideo.jp/watch/sm23750267","https://www.youtube.com/watch?v=TXzfQ0cP1P0","0","","2026-09-30","11","1","已汇总第1–930期","链接未收录不等于没有官方投稿"
"nico:sm7357463","とおせんぼ","wowaka","初音未来","2009-06-16","https://www.nicovideo.jp/watch/sm7357463","https://www.youtube.com/watch?v=uxNoOPetZ6g","0","","2026-09-30","3","2","已汇总第1–930期","链接未收录不等于没有官方投稿"
"nico:sm7767386","DECO*27 - 心壊サミット","DECO*27","初音未来","2009-07-28","https://www.nicovideo.jp/watch/sm7767386","","0","","2026-09-30","4","4","已汇总第1–930期","链接未收录不等于没有官方投稿"
"nico:sm19625630","オレンジ","トーマ","初音未来","2012-12-20","https://www.nicovideo.jp/watch/sm19625630","","0","","2026-09-30","8","1","已汇总第1–930期","链接未收录不等于没有官方投稿"
"nico:sm21283394","一触即発☆禅ガール","れるりり","GUMI|初音未来","2013-07-12","https://www.nicovideo.jp/watch/sm21283394","https://www.youtube.com/watch?v=xEhKWS53RfY","0","","2026-09-30","8","1","已汇总第1–930期","链接未收录不等于没有官方投稿"
"nico:sm4794708","番凩","仕事してP","KAITO|MEIKO","2008-10-01","https://www.nicovideo.jp/watch/sm4794708","https://www.youtube.com/watch?v=OK-ybp0qRl0","0","","2026-09-30","3","4","已汇总第1–930期","链接未收录不等于没有官方投稿"
"nico:sm23144598","DECO*27 - ストリーミングハート","DECO*27","初音未来","2014-03-21","https://www.nicovideo.jp/watch/sm23144598","https://www.youtube.com/watch?v=9DD6JvY06Ok","0","","2026-09-30","17","1","已汇总第1–930期","链接未收录不等于没有官方投稿"
"nico:sm30447915","花が落ちたので、","一二三","初音未来","2017-01-20","https://www.nicovideo.jp/watch/sm30447915","https://www.youtube.com/watch?v=35iPH7jJLH0","0","","2026-09-30","3","5","已汇总第1–930期","链接未收录不等于没有官方投稿"
"nico:sm33481720","金星のダンス","ナユタン星人","初音未来","2018-07-06","https://www.nicovideo.jp/watch/sm33481720","https://www.youtube.com/watch?v=fd8uXlrr5is","0","","2026-09-30","3","3","已汇总第1–930期","链接未收录不等于没有官方投稿"
"nico:sm28749686","ハイパーゴアムササビスティックディサピアリジーニャス","nyanyannya（大天才P）","KAITO","2016-05-02","https://www.nicovideo.jp/watch/sm28749686","","0","","2026-09-30","10","8","已汇总第1–930期","链接未收录不等于没有官方投稿"
"nico:sm17598915","少年少女カメレオンシンプトム","Neru","镜音铃","2012-04-20","https://www.nicovideo.jp/watch/sm17598915","https://www.youtube.com/watch?v=HvFsRQ2X9-4","0","","2026-09-30","3","2","已汇总第1–930期","链接未收录不等于没有官方投稿"
"nico:sm8033594","LOL -lots of laugh-","mikumix","初音未来","2009-08-25","https://www.nicovideo.jp/watch/sm8033594","","0","","2026-09-30","6","1","已汇总第1–930期","链接未收录不等于没有官方投稿"
"nico:sm19361252","林檎売りの泡沫少女","yukkedoluce(黒髪ストロングP)","GUMI","2012-11-15","https://www.nicovideo.jp/watch/sm19361252","","0","","2026-09-30","5","1","已汇总第1–930期","链接未收录不等于没有官方投稿"
"nico:sm40126515","DECO*27 - ジレンマ","DECO*27","初音未来","2022-03-09","https://www.nicovideo.jp/watch/sm40126515","https://www.youtube.com/watch?v=E_PfhNftyh4","0","","2026-09-30","3","1","已汇总第1–930期","链接未收录不等于没有官方投稿"
"nico:sm39131047","ねぇねぇねぇ。","匹诺曹P","初音未来|镜音铃","2021-08-06","https://www.nicovideo.jp/watch/sm39131047","https://www.youtube.com/watch?v=w8yweCungCE","0","","2026-09-30","2","3","已汇总第1–930期","链接未收录不等于没有官方投稿"
"nico:sm13275244","腐れ外道とチョコレゐト","匹诺曹P","初音未来","2011-01-10","https://www.nicovideo.jp/watch/sm13275244","https://www.youtube.com/watch?v=sHnvEsNU1X0","0","","2026-09-30","5","1","已汇总第1–930期","链接未收录不等于没有官方投稿"
"nico:sm26167108","ニュース39","Mitchie M","初音未来","2015-05-03","https://www.nicovideo.jp/watch/sm26167108","https://www.youtube.com/watch?v=l69v6SVoE9k","0","","2026-09-30","8","1","已汇总第1–930期","链接未收录不等于没有官方投稿"
"nico:sm17763107","しわ","buzzG","GUMI","2012-05-07","https://www.nicovideo.jp/watch/sm17763107","https://www.youtube.com/watch?v=5-VIKa-8CoM","0","","2026-09-30","2","1","已汇总第1–930期","链接未收录不等于没有官方投稿"
"nico:sm43416549","ころしちゃった!","夏山よつぎ","初音未来","2024-02-23","https://www.nicovideo.jp/watch/sm43416549","","6","8","2026-09-30","1","5","已汇总第1–930期","链接未收录不等于没有官方投稿"
"nico:sm9305683","白ノ娘","mothy(悪ノＰ)","初音未来","2010-01-06","https://www.nicovideo.jp/watch/sm9305683","","0","","2026-09-30","6","1","已汇总第1–930期","链接未收录不等于没有官方投稿"
"nico:sm24276234","アスノヨゾラ哨戒班","Orangestar","IA","2014-08-19","https://www.nicovideo.jp/watch/sm24276234","https://www.youtube.com/watch?v=XogSflwXgpw","0","","2026-09-30","198","1","已汇总第1–930期","链接未收录不等于没有官方投稿"
"nico:sm31394907","レディーレ","バルーン","flower","2017-06-14","https://www.nicovideo.jp/watch/sm31394907","https://www.youtube.com/watch?v=cweRY2J9EZI","0","","2026-09-30","9","1","已汇总第1–930期","链接未收录不等于没有官方投稿"
"nico:sm34318335","水死体にもどらないで","いよわ","flower|初音未来","2018-12-14","https://www.nicovideo.jp/watch/sm34318335","","0","","2026-09-30","0","","已汇总第1–930期","链接未收录不等于没有官方投稿"
"nico:sm34963198","テレキャスタービーボーイ","すりぃ","镜音连","2019-04-13","https://www.nicovideo.jp/watch/sm34963198","https://www.youtube.com/watch?v=pWLhidOSYOs","0","","2026-09-30","4","5","已汇总第1–930期","链接未收录不等于没有官方投稿"
"nico:sm39422060","DECO*27 - モザイクロール (Reloaded)","DECO*27","初音未来","2021-10-08","https://www.nicovideo.jp/watch/sm39422060","https://www.youtube.com/watch?v=WysuxO4yR04","0","","2026-09-30","2","1","已汇总第1–930期","链接未收录不等于没有官方投稿"
"nico:sm18421533","合い鳴き","shr","镜音连|镜音铃","2012-07-23","https://www.nicovideo.jp/watch/sm18421533","","0","","2026-09-30","3","19","已汇总第1–930期","链接未收录不等于没有官方投稿"
"nico:sm40349788","まにまに","r-906","初音未来","2022-04-23","https://www.nicovideo.jp/watch/sm40349788","https://www.youtube.com/watch?v=9O2VyUM5MlQ","2","14","2026-09-30","5","1","已汇总第1–930期","链接未收录不等于没有官方投稿"
"nico:sm21858462","in the rain","keeno","初音未来","2013-09-18","https://www.nicovideo.jp/watch/sm21858462","","0","","2026-09-30","2","1","已汇总第1–930期","链接未收录不等于没有官方投稿"
"nico:sm32479585","カトラリー","有機酸","初音未来","2017-12-25","https://www.nicovideo.jp/watch/sm32479585","","0","","2026-09-30","4","2","已汇总第1–930期","链接未收录不等于没有官方投稿"
"nico:sm32825157","空中分解","すりぃ","镜音连","2018-03-03","https://www.nicovideo.jp/watch/sm32825157","https://www.youtube.com/watch?v=RCySAU30PTQ","0","","2026-09-30","2","12","已汇总第1–930期","链接未收录不等于没有官方投稿"
"nico:sm40389473","異星にいこうね","いよわ","星界","2022-04-29","https://www.nicovideo.jp/watch/sm40389473","https://www.youtube.com/watch?v=PubukElqUJw","0","","2026-09-30","1","6","已汇总第1–930期","链接未收录不等于没有官方投稿"
"nico:sm22820339","About me","papiyon(蝶々P)","GUMI","2014-02-05","https://www.nicovideo.jp/watch/sm22820339","","0","","2026-09-30","6","2","已汇总第1–930期","链接未收录不等于没有官方投稿"
"nico:sm21986604","命のユースティティア","Neru","镜音连","2013-10-06","https://www.nicovideo.jp/watch/sm21986604","https://www.youtube.com/watch?v=4lJ1zps776k","0","","2026-09-30","8","2","已汇总第1–930期","链接未收录不等于没有官方投稿"
"nico:sm39426624","マシンガンポエムドール(from プロジェクトセカイ)","cosMo＠暴走P","初音未来","2021-10-03","https://www.nicovideo.jp/watch/sm39426624","https://www.youtube.com/watch?v=UgZFpO_Y6qo","0","","2026-09-30","1","2","已汇总第1–930期","链接未收录不等于没有官方投稿"
"nico:sm21645689","こどものしくみ","匹诺曹P","初音未来","2013-08-21","https://www.nicovideo.jp/watch/sm21645689","https://www.youtube.com/watch?v=e_a7FGe_hxY","0","","2026-09-30","2","2","已汇总第1–930期","链接未收录不等于没有官方投稿"
"nico:sm23769673","疑心暗鬼","梅とら","初音未来|巡音流歌|镜音铃","2014-06-13","https://www.nicovideo.jp/watch/sm23769673","","0","","2026-09-30","2","5","已汇总第1–930期","链接未收录不等于没有官方投稿"
"nico:sm27771293","スヂ","MARETU","初音未来","2015-12-11","https://www.nicovideo.jp/watch/sm27771293","https://www.youtube.com/watch?v=f0Y8Mo7nhC8","0","","2026-09-30","3","4","已汇总第1–930期","链接未收录不等于没有官方投稿"
"nico:sm35023755","人間らしい","ユリイ・カノン","GUMI","2019-04-25","https://www.nicovideo.jp/watch/sm35023755","https://www.youtube.com/watch?v=0qY9rsBAKPk","0","","2026-09-30","3","1","已汇总第1–930期","链接未收录不等于没有官方投稿"
"nico:sm34812051","あわよくばきみの眷属になりたいな","Peg","镜音铃","2019-03-21","https://www.nicovideo.jp/watch/sm34812051","https://www.youtube.com/watch?v=aY3VSCeM9P0","0","","2026-09-30","2","7","已汇总第1–930期","链接未收录不等于没有官方投稿"
"nico:sm1588476","ミラクルペイント","OSTER_project","初音未来","2007-11-22","https://www.nicovideo.jp/watch/sm1588476","https://www.youtube.com/watch?v=gqPWXe0dCC4","0","","2026-09-30","7","2","已汇总第1–930期","链接未收录不等于没有官方投稿"
"nico:sm29654974","DECO*27 - リバーシブル・キャンペーン","DECO*27","初音未来","2016-09-16","https://www.nicovideo.jp/watch/sm29654974","https://www.youtube.com/watch?v=RqxnjgFj1HU","0","","2026-09-30","24","1","已汇总第1–930期","链接未收录不等于没有官方投稿"
"nico:sm17232159","シルバーバレット","OzaShin(ぺぺろんP)","GUMI","2012-03-12","https://www.nicovideo.jp/watch/sm17232159","","0","","2026-09-30","4","1","已汇总第1–930期","链接未收录不等于没有官方投稿"
"nico:sm7456991","恋はきっと急上昇☆","のぼる↑","GUMI","2009-06-26","https://www.nicovideo.jp/watch/sm7456991","https://www.youtube.com/watch?v=qeBMQM11ZEQ","0","","2026-09-30","2","20","已汇总第1–930期","链接未收录不等于没有官方投稿"
"nico:sm1880080","に鳥の詩を歌ってもらった","じゃがりこ","镜音连","2007-12-28","https://www.nicovideo.jp/watch/sm1880080","","0","","2026-09-30","2","1","已汇总第1–930期","链接未收录不等于没有官方投稿"
"nico:sm41439538","地球の裏","いよわ","里命","2022-11-29","https://www.nicovideo.jp/watch/sm41439538","https://www.youtube.com/watch?v=ruBxsq03FZo","3","1","2026-09-30","2","1","已汇总第1–930期","链接未收录不等于没有官方投稿"
"nico:sm30379034","イナイイナイ依存症","かいりきベア","初音未来","2017-01-06","https://www.nicovideo.jp/watch/sm30379034","https://www.youtube.com/watch?v=_l4FsnJt0k4","0","","2026-09-30","4","1","已汇总第1–930期","链接未收录不等于没有官方投稿"
"nico:sm29315733","キライ・キライ・ジガヒダイ！","和田たけあき(くらげP)","音街 Una","2016-07-25","https://www.nicovideo.jp/watch/sm29315733","https://www.youtube.com/watch?v=0c9958OoTL8","0","","2026-09-30","18","1","已汇总第1–930期","链接未收录不等于没有官方投稿"
"nico:sm36165193","エバ","柊キライ","flower","2020-01-03","https://www.nicovideo.jp/watch/sm36165193","https://www.youtube.com/watch?v=z_RmuScgWOQ","0","","2026-09-30","2","3","已汇总第1–930期","链接未收录不等于没有官方投稿"
"nico:sm18991614","文学少女インセイン カラスヤサボウ","カラスヤサボウ","镜音铃","2012-09-28","https://www.nicovideo.jp/watch/sm18991614","","0","","2026-09-30","4","5","已汇总第1–930期","链接未收录不等于没有官方投稿"
"nico:sm1249071","えれくとりっく・えんじぇぅ","ヤスオP","初音未来","2007-10-10","https://www.nicovideo.jp/watch/sm1249071","","0","","2026-09-30","8","4","已汇总第1–930期","链接未收录不等于没有官方投稿"
"nico:sm15956806","エンヴィキャットウォーク","トーマ","初音未来","2011-10-22","https://www.nicovideo.jp/watch/sm15956806","","0","","2026-09-30","4","2","已汇总第1–930期","链接未收录不等于没有官方投稿"
"nico:sm33536770","flower - 死んでしまったのだろうか","Guiano","flower","2018-07-16","https://www.nicovideo.jp/watch/sm33536770","https://www.youtube.com/watch?v=_xXenYRkbKs","0","","2026-09-30","3","8","已汇总第1–930期","链接未收录不等于没有官方投稿"
"nico:sm2972481","トルコ行進曲 - オワタ＼(^o^)","オワタP","初音未来","2008-04-12","https://www.nicovideo.jp/watch/sm2972481","https://www.youtube.com/watch?v=qMgZ3bmVObk","0","","2026-09-30","3","1","已汇总第1–930期","链接未收录不等于没有官方投稿"
"nico:sm33546188","かいしんのいちげき！","天月-あまつき-","初音未来","2018-07-18","https://www.nicovideo.jp/watch/sm33546188","","0","","2026-09-30","5","1","已汇总第1–930期","链接未收录不等于没有官方投稿"
"nico:sm8639738","カムパネルラ","sasakure.UK","GUMI","2009-10-28","https://www.nicovideo.jp/watch/sm8639738","https://www.youtube.com/watch?v=HgJmRGl4YLc","0","","2026-09-30","7","5","已汇总第1–930期","链接未收录不等于没有官方投稿"
"nico:sm32673722","メリーバッドエンド","まふまふ","初音未来","2018-02-02","https://www.nicovideo.jp/watch/sm32673722","https://www.youtube.com/watch?v=kffrKgAN7tI","0","","2026-09-30","18","1","已汇总第1–930期","链接未收录不等于没有官方投稿"
"nico:sm6529016","from Y to Y","ジミーサムＰ","初音未来|巡音流歌","2009-03-24","https://www.nicovideo.jp/watch/sm6529016","","0","","2026-09-30","3","1","已汇总第1–930期","链接未收录不等于没有官方投稿"
"nico:sm18198019","地球最後の告白を","kemu","GUMI","2012-06-26","https://www.nicovideo.jp/watch/sm18198019","https://www.youtube.com/watch?v=s8KBk8ZRH54","1","5","2026-09-30","7","1","已汇总第1–930期","链接未收录不等于没有官方投稿"
"nico:sm34312814","クレイジー・ビート","さつき が てんこもり","初音未来|镜音连","2018-12-13","https://www.nicovideo.jp/watch/sm34312814","https://www.youtube.com/watch?v=A2CLaPzWypk","0","","2026-09-30","5","3","已汇总第1–930期","链接未收录不等于没有官方投稿"
"nico:sm41728811","お呪い","なきそ","花隈千冬","2023-02-06","https://www.nicovideo.jp/watch/sm41728811","https://www.youtube.com/watch?v=zxYdPypVQvQ","1","17","2026-09-30","1","4","已汇总第1–930期","链接未收录不等于没有官方投稿"
"nico:sm24108252","バレリーコ","みきとP","GUMI","2014-07-28","https://www.nicovideo.jp/watch/sm24108252","","0","","2026-09-30","3","1","已汇总第1–930期","链接未收录不等于没有官方投稿"
"nico:sm44397533","み む かゥ わ ナ イ ス ト ラ イ","ぬぬぬぬぬぬぬぬぬぬぬぬぬぬぬぬ","初音未来","2024-12-06","https://www.nicovideo.jp/watch/sm44397533","","14","2","2026-09-30","11","1","已汇总第1–930期","链接未收录不等于没有官方投稿"
"nico:sm22122720","テレカクシ思春期","HoneyWorks","镜音连","2013-10-26","https://www.nicovideo.jp/watch/sm22122720","https://www.youtube.com/watch?v=AUEiHQOCQ2M","0","","2026-09-30","5","1","已汇总第1–930期","链接未收录不等于没有官方投稿"
"nico:sm1050729","恋スルVOC@LOID （修正版）","OSTER_project","初音未来","2007-09-13","https://www.nicovideo.jp/watch/sm1050729","","0","","2026-09-30","12","10","已汇总第1–930期","链接未收录不等于没有官方投稿"
"nico:sm1908098","コンビニ","cokesi_Processor","初音未来","2007-12-30","https://www.nicovideo.jp/watch/sm1908098","","0","","2026-09-30","3","4","已汇总第1–930期","链接未收录不等于没有官方投稿"
"nico:sm25995740","セイデンキニンゲン","かいりきベア","初音未来","2015-04-10","https://www.nicovideo.jp/watch/sm25995740","https://www.youtube.com/watch?v=FNCJT-2rRAI","0","","2026-09-30","4","2","已汇总第1–930期","链接未收录不等于没有官方投稿"
"nico:sm39053581","DECO*27 - シンデレラ","DECO*27","初音未来","2021-08-06","https://www.nicovideo.jp/watch/sm39053581","https://www.youtube.com/watch?v=adGhT_-JbZI","0","","2026-09-30","3","2","已汇总第1–930期","链接未收录不等于没有官方投稿"
"nico:sm20081073","Twilight ∞ nighT","ひとしずくP やま△","GUMI|KAITO|MEIKO|初音未来|巡音流歌|神威乐步|镜音连|镜音铃","2013-02-14","https://www.nicovideo.jp/watch/sm20081073","","0","","2026-09-30","7","1","已汇总第1–930期","链接未收录不等于没有官方投稿"
"nico:sm22542108","少女ケシゴム","MARETU","GUMI|初音未来","2013-12-27","https://www.nicovideo.jp/watch/sm22542108","","0","","2026-09-30","2","5","已汇总第1–930期","链接未收录不等于没有官方投稿"
"nico:sm11713594","会いたい","Dios/シグナルP","GUMI","2010-08-11","https://www.nicovideo.jp/watch/sm11713594","https://www.youtube.com/watch?v=kisHgIYiR3E","0","","2026-09-30","4","1","已汇总第1–930期","链接未收录不等于没有官方投稿"
"nico:sm19480453","放課後ストライド","Last Note．","GUMI","2012-12-01","https://www.nicovideo.jp/watch/sm19480453","","0","","2026-09-30","10","1","已汇总第1–930期","链接未收录不等于没有官方投稿"
"nico:sm6875060","時忘人","仕事してP","KAITO","2009-04-27","https://www.nicovideo.jp/watch/sm6875060","","0","","2026-09-30","3","4","已汇总第1–930期","链接未收录不等于没有官方投稿"
"nico:sm9047689","Synchronicity～第二章 光と影の楽園～","ひとしずくP やま△","镜音连|镜音铃","2009-12-09","https://www.nicovideo.jp/watch/sm9047689","","0","","2026-09-30","3","3","已汇总第1–930期","链接未收录不等于没有官方投稿"
"nico:sm28974414","気まぐれメルシィ","八王子P","初音未来","2016-06-03","https://www.nicovideo.jp/watch/sm28974414","https://www.youtube.com/watch?v=o1iz4L-5zkQ","0","","2026-09-30","24","2","已汇总第1–930期","链接未收录不等于没有官方投稿"
"nico:sm42576236","リレイアウター","稻叶昙","歌爱雪","2023-08-05","https://www.nicovideo.jp/watch/sm42576236","https://www.youtube.com/watch?v=b56xjtP6Qac","5","1","2026-09-30","3","2","已汇总第1–930期","链接未收录不等于没有官方投稿"
"nico:sm37467451","Giga & KIRA - 'GETCHA!'","Giga","GUMI|初音未来","2020-09-04","https://www.nicovideo.jp/watch/sm37467451","https://www.youtube.com/watch?v=KRVFPPYcJUc","0","","2026-09-30","3","7","已汇总第1–930期","链接未收录不等于没有官方投稿"
"nico:sm12774972","キャットフード","doriko","初音未来","2010-11-17","https://www.nicovideo.jp/watch/sm12774972","https://www.youtube.com/watch?v=k2uywrdsmXQ","0","","2026-09-30","3","1","已汇总第1–930期","链接未收录不等于没有官方投稿"
"nico:sm36036629","幽霊東京","Ayase","初音未来","2019-12-03","https://www.nicovideo.jp/watch/sm36036629","https://www.youtube.com/watch?v=lWl5viCqGSc","0","","2026-09-30","3","3","已汇总第1–930期","链接未收录不等于没有官方投稿"
"nico:sm4248763","がくぽに鬼畜眼鏡を歌ってもらった(full ver.)","黒糖ポッキー","神威 Gakupo","2008-08-10","https://www.nicovideo.jp/watch/sm4248763","","0","","2026-09-30","6","1","已汇总第1–930期","链接未收录不等于没有官方投稿"
"nico:sm35761194","失楽ペトリ","ナナホシ管弦楽団","初音未来","2019-10-02","https://www.nicovideo.jp/watch/sm35761194","https://www.youtube.com/watch?v=Tke5xF_hUXo","0","","2026-09-30","3","2","已汇总第1–930期","链接未收录不等于没有官方投稿"
"nico:sm19905283","過食性:アイドル症候群","スズム","GUMI|MAYU","2013-01-24","https://www.nicovideo.jp/watch/sm19905283","","0","","2026-09-30","7","1","已汇总第1–930期","链接未收录不等于没有官方投稿"
"nico:sm34214810","ジグソーパズル","まふまふ","镜音连","2018-11-23","https://www.nicovideo.jp/watch/sm34214810","https://www.youtube.com/watch?v=ta9zslmSRqg","0","","2026-09-30","6","1","已汇总第1–930期","链接未收录不等于没有官方投稿"
"nico:sm18791295","[初音ミク] 橙ゲノム [オリジナル]","つなま（めざめP）","初音未来","2012-09-03","https://www.nicovideo.jp/watch/sm18791295","","0","","2026-09-30","2","3","已汇总第1–930期","链接未收录不等于没有官方投稿"
"nico:sm16702635","Bad ∞ End ∞ Night","ひとしずくP やま△","GUMI|KAITO|MEIKO|初音未来|巡音流歌|神威乐步|镜音连|镜音铃","2012-01-15","https://www.nicovideo.jp/watch/sm16702635","","0","","2026-09-30","16","2","已汇总第1–930期","链接未收录不等于没有官方投稿"
"nico:sm39666771","孤独毒毒","syudou","初音未来","2021-11-26","https://www.nicovideo.jp/watch/sm39666771","https://www.youtube.com/watch?v=_FhgjDhBAWI","0","","2026-09-30","3","3","已汇总第1–930期","链接未收录不等于没有官方投稿"
"nico:sm38335870","限りなく灰色へ","すりぃ","镜音连","2021-02-26","https://www.nicovideo.jp/watch/sm38335870","https://www.youtube.com/watch?v=cwLlHFMlBNQ","0","","2026-09-30","4","1","已汇总第1–930期","链接未收录不等于没有官方投稿"
"nico:sm19511216","GLIDE","niki","Lily","2012-12-05","https://www.nicovideo.jp/watch/sm19511216","https://www.youtube.com/watch?v=JhYUena5eTs","0","","2026-09-30","1","7","已汇总第1–930期","链接未收录不等于没有官方投稿"
"nico:sm14827457","番蝶","てにをは","初音未来","2011-06-23","https://www.nicovideo.jp/watch/sm14827457","","0","","2026-09-30","11","3","已汇总第1–930期","链接未收录不等于没有官方投稿"
"nico:sm32087162","ポジティブ☆ダンスタイム","キノシタ","镜音铃|音街 Una","2017-10-12","https://www.nicovideo.jp/watch/sm32087162","","0","","2026-09-30","11","2","已汇总第1–930期","链接未收录不等于没有官方投稿"
"nico:sm38728089","ハルノ寂寞","稻叶昙","弦卷真纪","2021-05-13","https://www.nicovideo.jp/watch/sm38728089","","0","","2026-09-30","1","2","已汇总第1–930期","链接未收录不等于没有官方投稿"
"nico:sm37467621","ネロイズム","かいりきベア","鸣花尊","2020-09-04","https://www.nicovideo.jp/watch/sm37467621","","0","","2026-09-30","2","4","已汇总第1–930期","链接未收录不等于没有官方投稿"
"nico:sm16075884","インタビュア by クワガタP","クワガタP","巡音流歌","2011-11-04","https://www.nicovideo.jp/watch/sm16075884","","0","","2026-09-30","2","2","已汇总第1–930期","链接未收录不等于没有官方投稿"
"nico:sm28749432","すきなことだけでいいです","匹诺曹P","初音未来","2016-05-01","https://www.nicovideo.jp/watch/sm28749432","https://www.youtube.com/watch?v=mYHJPb9PuUM","0","","2026-09-30","17","1","已汇总第1–930期","链接未收录不等于没有官方投稿"
"nico:sm21652882","メアの教育","Diarays","初音未来","2013-08-22","https://www.nicovideo.jp/watch/sm21652882","","0","","2026-09-30","3","3","已汇总第1–930期","链接未收录不等于没有官方投稿"
"nico:sm20127682","純情スカート","40mP","初音未来","2013-02-19","https://www.nicovideo.jp/watch/sm20127682","https://www.youtube.com/watch?v=NvAh_YiAfws","0","","2026-09-30","3","1","已汇总第1–930期","链接未收录不等于没有官方投稿"
"nico:sm12050471","Calc.","ジミーサムＰ","初音未来","2010-09-09","https://www.nicovideo.jp/watch/sm12050471","","0","","2026-09-30","5","2","已汇总第1–930期","链接未收录不等于没有官方投稿"
"nico:sm25793676","アサガオの散る頃に","ぷす","初音未来","2015-03-15","https://www.nicovideo.jp/watch/sm25793676","","0","","2026-09-30","17","1","已汇总第1–930期","链接未收录不等于没有官方投稿"
"nico:sm7706816","Paranoid Doll","natsuP(SCL)","神威 Gakupo","2009-07-22","https://www.nicovideo.jp/watch/sm7706816","","0","","2026-09-30","4","3","已汇总第1–930期","链接未收录不等于没有官方投稿"
"nico:sm32769089","明星ギャラクティカ","ナユタン星人","初音未来","2018-02-20","https://www.nicovideo.jp/watch/sm32769089","https://www.youtube.com/watch?v=pIDodd6Ac2Q","0","","2026-09-30","13","1","已汇总第1–930期","链接未收录不等于没有官方投稿"
"nico:sm7610111","ぼくらの１６ｂｉｔ戦争","sasakure.UK","GUMI","2009-07-12","https://www.nicovideo.jp/watch/sm7610111","https://www.youtube.com/watch?v=XKTDNQ2sTvM","0","","2026-09-30","7","2","已汇总第1–930期","链接未收录不等于没有官方投稿"
"nico:sm39776265","アイロニック","kanaria","初音未来","2021-12-19","https://www.nicovideo.jp/watch/sm39776265","","0","","2026-09-30","1","2","已汇总第1–930期","链接未收录不等于没有官方投稿"
"nico:sm11264170","ワンダーランドと羊の歌","Hachi","初音未来","2010-07-03","https://www.nicovideo.jp/watch/sm11264170","https://www.youtube.com/watch?v=wjau2XZEH4A","0","","2026-09-30","5","1","已汇总第1–930期","链接未收录不等于没有官方投稿"
"nico:sm20350758","負け犬至上主義","150P","IA","2013-03-16","https://www.nicovideo.jp/watch/sm20350758","","0","","2026-09-30","3","4","已汇总第1–930期","链接未收录不等于没有官方投稿"
"nico:sm23910729","金曜日のおはよう","HoneyWorks","GUMI","2014-07-02","https://www.nicovideo.jp/watch/sm23910729","https://www.youtube.com/watch?v=LMj9_tDSZkA","0","","2026-09-30","7","1","已汇总第1–930期","链接未收录不等于没有官方投稿"
"nico:sm35070488","DECO*27 - アンドロイドガール","DECO*27","初音未来","2019-05-03","https://www.nicovideo.jp/watch/sm35070488","https://www.youtube.com/watch?v=uFRPeiAEO0M","0","","2026-09-30","4","2","已汇总第1–930期","链接未收录不等于没有官方投稿"
"nico:sm2849292","イケ恋歌 -Full ver.-","れれれP","镜音连","2008-03-31","https://www.nicovideo.jp/watch/sm2849292","","0","","2026-09-30","4","3","已汇总第1–930期","链接未收录不等于没有官方投稿"
"nico:sm7452616","メグメグ☆ファイアーエンドレスナイト","samfree","GUMI","2009-06-26","https://www.nicovideo.jp/watch/sm7452616","","0","","2026-09-30","2","4","已汇总第1–930期","链接未收录不等于没有官方投稿"
"nico:sm17397763","コノハの世界事情","じん(自然の敵P)","IA|初音未来","2012-03-30","https://www.nicovideo.jp/watch/sm17397763","","0","","2026-09-30","10","1","已汇总第1–930期","链接未收录不等于没有官方投稿"
"nico:sm31808640","うみなおし","MARETU","初音未来","2017-08-25","https://www.nicovideo.jp/watch/sm31808640","https://www.youtube.com/watch?v=Tu2xgl1303M","0","","2026-09-30","9","4","已汇总第1–930期","链接未收录不等于没有官方投稿"
"nico:sm35512935","絶対にチョコミントを食べるアオイチャン","GYARI","琴叶茜|琴叶葵","2019-08-09","https://www.nicovideo.jp/watch/sm35512935","https://www.youtube.com/watch?v=pfkBYHFZAt8","0","","2026-09-30","1","4","已汇总第1–930期","链接未收录不等于没有官方投稿"
"nico:sm29910955","惑星ループ","ナユタン星人","初音未来","2016-10-19","https://www.nicovideo.jp/watch/sm29910955","https://www.youtube.com/watch?v=LNX0GsjBP2w","0","","2026-09-30","18","1","已汇总第1–930期","链接未收录不等于没有官方投稿"
"nico:sm17930619","如月アテンション","じん(自然の敵P)","IA","2012-05-27","https://www.nicovideo.jp/watch/sm17930619","","0","","2026-09-30","14","1","已汇总第1–930期","链接未收录不等于没有官方投稿"
"nico:sm29875435","乱躁滅裂ガール - れるりり","れるりり","镜音连","2016-10-21","https://www.nicovideo.jp/watch/sm29875435","https://www.youtube.com/watch?v=T3Ar3Wn9VOY","0","","2026-09-30","5","7","已汇总第1–930期","链接未收录不等于没有官方投稿"
"nico:sm33715008","廃墟の国のアリス","まふまふ","初音未来","2018-08-19","https://www.nicovideo.jp/watch/sm33715008","https://www.youtube.com/watch?v=BBM1sOhElrA","0","","2026-09-30","7","1","已汇总第1–930期","链接未收录不等于没有官方投稿"
"nico:sm18406343","チルドレンレコード","じん(自然の敵P)","IA","2012-07-21","https://www.nicovideo.jp/watch/sm18406343","","0","","2026-09-30","39","1","已汇总第1–930期","链接未收录不等于没有官方投稿"
"nico:sm38300091","キュートなカノジョ","syudou","可不","2021-02-20","https://www.nicovideo.jp/watch/sm38300091","https://www.youtube.com/watch?v=oFmup8lxUHw","0","","2026-09-30","11","2","已汇总第1–930期","链接未收录不等于没有官方投稿"
"nico:sm1667273","すいません・・・、鏡音リンを予約したいのですが・・・","loadorigin","初音未来|镜音铃","2007-12-01","https://www.nicovideo.jp/watch/sm1667273","","0","","2026-09-30","3","2","已汇总第1–930期","链接未收录不等于没有官方投稿"
"nico:sm32492001","何でも言うことを聞いてくれるアカネチャン","GYARI","结月缘","2017-12-28","https://www.nicovideo.jp/watch/sm32492001","https://www.youtube.com/watch?v=OVuYIMa5XBw","0","","2026-09-30","2","6","已汇总第1–930期","链接未收录不等于没有官方投稿"
"nico:nm6971638","1/6 -out of the gravity-","ぼーかりおどP","初音未来","2009-05-07","https://www.nicovideo.jp/watch/nm6971638","","0","","2026-09-30","5","3","已汇总第1–930期","链接未收录不等于没有官方投稿"
"nico:sm39034813","キャットラビング","香椎モイミ","可不","2021-07-17","https://www.nicovideo.jp/watch/sm39034813","https://www.youtube.com/watch?v=7gwvBrlUiww","0","","2026-09-30","2","5","已汇总第1–930期","链接未收录不等于没有官方投稿"
"nico:sm20332495","ヤキモチの答え","HoneyWorks","GUMI","2013-03-14","https://www.nicovideo.jp/watch/sm20332495","https://www.youtube.com/watch?v=-b8h94sHfuQ","0","","2026-09-30","5","1","已汇总第1–930期","链接未收录不等于没有官方投稿"
"nico:sm42515407","好きな惣菜発表ドラゴン","ンバヂ(nbaji)","重音 Teto","2023-08-05","https://www.nicovideo.jp/watch/sm42515407","https://www.youtube.com/watch?v=OnCFEo_pXaY","10","1","2026-09-30","7","1","已汇总第1–930期","链接未收录不等于没有官方投稿"
"nico:sm6609407","右肩の蝶","のりP","镜音铃","2009-04-01","https://www.nicovideo.jp/watch/sm6609407","","0","","2026-09-30","8","1","已汇总第1–930期","链接未收录不等于没有官方投稿"
"nico:sm29610327","フラジール","ぬゆり","GUMI","2016-09-10","https://www.nicovideo.jp/watch/sm29610327","https://www.youtube.com/watch?v=a_rrj1Xh5LI","0","","2026-09-30","9","2","已汇总第1–930期","链接未收录不等于没有官方投稿"
"nico:sm24333080","ミュージックミュージック","とあ","初音未来","2014-08-27","https://www.nicovideo.jp/watch/sm24333080","","0","","2026-09-30","7","2","已汇总第1–930期","链接未收录不等于没有官方投稿"
"nico:sm2053548","サイハテ","小林オニキス","初音未来","2008-01-16","https://www.nicovideo.jp/watch/sm2053548","","0","","2026-09-30","16","2","已汇总第1–930期","链接未收录不等于没有官方投稿"
"nico:sm40840962","DECO*27 - ゾンビ","DECO*27","初音未来","2022-07-29","https://www.nicovideo.jp/watch/sm40840962","https://www.youtube.com/watch?v=NkBq2bYuvJI","0","","2026-09-30","3","2","已汇总第1–930期","链接未收录不等于没有官方投稿"
"nico:sm40632249","フューチャー・イヴ","sasakure.UK","初音未来","2022-06-17","https://www.nicovideo.jp/watch/sm40632249","https://www.youtube.com/watch?v=7j0mQH0BtEU","0","","2026-09-30","4","3","已汇总第1–930期","链接未收录不等于没有官方投稿"
"nico:sm32891453","コウカツ","MARETU","初音未来","2018-03-16","https://www.nicovideo.jp/watch/sm32891453","https://www.youtube.com/watch?v=oEexpf-arg4","0","","2026-09-30","4","2","已汇总第1–930期","链接未收录不等于没有官方投稿"
"nico:sm42016095","深海","Riei","初音未来","2023-04-07","https://www.nicovideo.jp/watch/sm42016095","https://www.youtube.com/watch?v=4Alrd2eB7a0","2","6","2026-09-30","0","","已汇总第1–930期","链接未收录不等于没有官方投稿"
"nico:sm34425299","ビターチョコデコレーション","syudou","初音未来","2019-01-04","https://www.nicovideo.jp/watch/sm34425299","https://www.youtube.com/watch?v=XCyKJD6uQyg","0","","2026-09-30","17","2","已汇总第1–930期","链接未收录不等于没有官方投稿"
"nico:sm15016420","トゥインクル","Junky","镜音铃","2011-07-14","https://www.nicovideo.jp/watch/sm15016420","","0","","2026-09-30","5","5","已汇总第1–930期","链接未收录不等于没有官方投稿"
"nico:sm13805781","カーニバル","otetsu","GUMI","2011-03-07","https://www.nicovideo.jp/watch/sm13805781","https://www.youtube.com/watch?v=n_AusGqbcAI","0","","2026-09-30","3","1","已汇总第1–930期","链接未收录不等于没有官方投稿"
"nico:sm34932948","ノイローゼ","栗山夕璃(蜂屋ななし)","flower","2019-04-08","https://www.nicovideo.jp/watch/sm34932948","","0","","2026-09-30","3","6","已汇总第1–930期","链接未收录不等于没有官方投稿"
"nico:sm37255725","鉄の処女と夢見がちなお姫さま","じょるじん","镜音铃","2020-07-27","https://www.nicovideo.jp/watch/sm37255725","https://www.youtube.com/watch?v=vcayCUK62fc","0","","2026-09-30","3","2","已汇总第1–930期","链接未收录不等于没有官方投稿"
"nico:sm14780909","骸骨楽団とリリア","トーマ","初音未来","2011-06-18","https://www.nicovideo.jp/watch/sm14780909","","0","","2026-09-30","5","1","已汇总第1–930期","链接未收录不等于没有官方投稿"
"nico:sm19233263","威風堂々","梅とら","GUMI|IA|初音未来|巡音流歌|镜音铃","2012-10-29","https://www.nicovideo.jp/watch/sm19233263","https://www.youtube.com/watch?v=xGNQOqtGU_E","0","","2026-09-30","4","5","已汇总第1–930期","链接未收录不等于没有官方投稿"
"nico:sm36731216","ボッカデラベリタ","柊キライ","flower","2020-04-26","https://www.nicovideo.jp/watch/sm36731216","https://www.youtube.com/watch?v=wp9Z2wZ-2bs","0","","2026-09-30","7","1","已汇总第1–930期","链接未收录不等于没有官方投稿"
"nico:sm4468648","VOCALOIDでニコニコ動画流星群","awk","KAITO|初音未来|镜音连|镜音铃","2008-08-31","https://www.nicovideo.jp/watch/sm4468648","","0","","2026-09-30","9","1","已汇总第1–930期","链接未收录不等于没有官方投稿"
"nico:sm10948305","しゅうまつがやってくる！","sasakure.UK","镜音铃","2010-06-04","https://www.nicovideo.jp/watch/sm10948305","","0","","2026-09-30","3","3","已汇总第1–930期","链接未收录不等于没有官方投稿"
"nico:sm16539814","リンちゃんなう！","オワタP","初音未来|巡音流歌|镜音铃","2011-12-27","https://www.nicovideo.jp/watch/sm16539814","https://www.youtube.com/watch?v=_oS2aIhE2_U","0","","2026-09-30","18","2","已汇总第1–930期","链接未收录不等于没有官方投稿"
"nico:sm37441963","ダーリンダンス","かいりきベア","初音未来","2020-08-30","https://www.nicovideo.jp/watch/sm37441963","https://www.youtube.com/watch?v=Rkrm5foi188","36","6","2026-09-30","6","2","已汇总第1–930期","链接未收录不等于没有官方投稿"
"nico:sm1340413","私の時間","くちばしP","初音未来","2007-10-22","https://www.nicovideo.jp/watch/sm1340413","https://www.youtube.com/watch?v=S9m0r7hM7dY","0","","2026-09-30","7","1","已汇总第1–930期","链接未收录不等于没有官方投稿"
"nico:sm23721916","妄想疾患■ガール","もじゃ","GUMI","2014-06-07","https://www.nicovideo.jp/watch/sm23721916","https://www.youtube.com/watch?v=7twNgrAUtv4","0","","2026-09-30","2","6","已汇总第1–930期","链接未收录不等于没有官方投稿"
"nico:sm30868619","フィクサー","ぬゆり","flower","2017-03-22","https://www.nicovideo.jp/watch/sm30868619","https://www.youtube.com/watch?v=srH34Tjjo9U","0","","2026-09-30","6","2","已汇总第1–930期","链接未收录不等于没有官方投稿"
"nico:sm42461482","プロポーズ","内緒のピアス","可不","2023-07-10","https://www.nicovideo.jp/watch/sm42461482","https://www.youtube.com/watch?v=ST_AJmY_Tcc","15","8","2026-09-30","2","7","已汇总第1–930期","链接未收录不等于没有官方投稿"
"nico:sm44301514","テトリス","柊マグネタイト","重音 Teto","2024-11-08","https://www.nicovideo.jp/watch/sm44301514","https://www.youtube.com/watch?v=Soy4jGPHr3g","78","1","2026-09-30","37","1","已汇总第1–930期","链接未收录不等于没有官方投稿"
"nico:sm18257340","古書屋敷殺人事件","てにをは","初音未来","2012-07-03","https://www.nicovideo.jp/watch/sm18257340","https://www.youtube.com/watch?v=VKETQAo0v9Y","0","","2026-09-30","4","3","已汇总第1–930期","链接未收录不等于没有官方投稿"
"nico:sm17849759","magician's operation","EZFG","巡音流歌","2012-05-17","https://www.nicovideo.jp/watch/sm17849759","https://www.youtube.com/watch?v=TMpNjc3ZpM4","0","","2026-09-30","2","2","已汇总第1–930期","链接未收录不等于没有官方投稿"
"nico:sm39428081","なにやってもうまくいかない","meiyo","可不","2021-10-03","https://www.nicovideo.jp/watch/sm39428081","https://www.youtube.com/watch?v=UE9C8wc2MgA","0","","2026-09-30","3","7","已汇总第1–930期","链接未收录不等于没有官方投稿"
"nico:sm31388743","猛独が襲う","一二三","初音未来","2017-06-13","https://www.nicovideo.jp/watch/sm31388743","https://www.youtube.com/watch?v=3Mgfv-kYc10","0","","2026-09-30","4","1","已汇总第1–930期","链接未收录不等于没有官方投稿"
"nico:sm30243825","アヤカシ","buzzG","初音未来","2016-12-17","https://www.nicovideo.jp/watch/sm30243825","https://www.youtube.com/watch?v=i1G-k305pJM","0","","2026-09-30","1","23","已汇总第1–930期","链接未收录不等于没有官方投稿"
"nico:sm10851396","くたばれPTA","梨本うい","初音未来","2010-05-26","https://www.nicovideo.jp/watch/sm10851396","","0","","2026-09-30","2","2","已汇总第1–930期","链接未收录不等于没有官方投稿"
"nico:sm19856000","THE WORLDS","M.S.SProject","初音未来","2013-01-18","https://www.nicovideo.jp/watch/sm19856000","","0","","2026-09-30","4","1","已汇总第1–930期","链接未收录不等于没有官方投稿"
"nico:sm27304884","パーフェクト生命","ナユタン星人","初音未来","2015-10-06","https://www.nicovideo.jp/watch/sm27304884","https://www.youtube.com/watch?v=ou-ZYF0WO20","0","","2026-09-30","7","1","已汇总第1–930期","链接未收录不等于没有官方投稿"
"nico:sm9711503","Sweet Devil","八王子P","初音未来","2010-02-14","https://www.nicovideo.jp/watch/sm9711503","https://www.youtube.com/watch?v=atXcWO54Ek0","0","","2026-09-30","1","15","已汇总第1–930期","链接未收录不等于没有官方投稿"
"nico:sm29911405","おどりゃんせ","ユリイ・カノン","GUMI|初音未来","2016-10-26","https://www.nicovideo.jp/watch/sm29911405","https://www.youtube.com/watch?v=lJB8ByV1nj4","0","","2026-09-30","8","3","已汇总第1–930期","链接未收录不等于没有官方投稿"
"nico:sm20470051","ロスタイムメモリー","じん(自然の敵P)","IA","2013-03-30","https://www.nicovideo.jp/watch/sm20470051","","0","","2026-09-30","31","1","已汇总第1–930期","链接未收录不等于没有官方投稿"
"nico:sm34871494","アンヘル","かいりきベア","鸣花尊","2019-03-30","https://www.nicovideo.jp/watch/sm34871494","","3","13","2026-09-30","31","3","已汇总第1–930期","链接未收录不等于没有官方投稿"
"nico:sm38495939","んっあっあっ。","SLAVE.V-V-R","初音未来","2021-03-28","https://www.nicovideo.jp/watch/sm38495939","","0","","2026-09-30","5","2","已汇总第1–930期","链接未收录不等于没有官方投稿"
"nico:sm27057005","始発とカフカ","n-buna","初音未来","2015-08-31","https://www.nicovideo.jp/watch/sm27057005","https://www.youtube.com/watch?v=j-cQ97A0OPM","0","","2026-09-30","5","1","已汇总第1–930期","链接未收录不等于没有官方投稿"
"nico:sm30789907","雨とペトラ","バルーン","flower","2017-03-09","https://www.nicovideo.jp/watch/sm30789907","https://www.youtube.com/watch?v=PdfdOhYVU40","0","","2026-09-30","33","1","已汇总第1–930期","链接未收录不等于没有官方投稿"
"nico:sm21697223","M.S.S.Planet","M.S.SProject","GUMI|初音未来","2013-08-28","https://www.nicovideo.jp/watch/sm21697223","","0","","2026-09-30","8","3","已汇总第1–930期","链接未收录不等于没有官方投稿"
"nico:sm28751658","脱獄","Neru","镜音铃","2016-05-01","https://www.nicovideo.jp/watch/sm28751658","https://www.youtube.com/watch?v=nEJ-m6KNddI","0","","2026-09-30","13","1","已汇总第1–930期","链接未收录不等于没有官方投稿"
"nico:sm18529569","おおかみは赤ずきんに恋をした","ひとしずくP やま△","镜音连|镜音铃","2012-08-04","https://www.nicovideo.jp/watch/sm18529569","https://www.youtube.com/watch?v=ooy2FUZ4oI8","0","","2026-09-30","2","7","已汇总第1–930期","链接未收录不等于没有官方投稿"
"nico:sm16628066","つけまつける","ギガP おればななP","镜音铃","2012-01-07","https://www.nicovideo.jp/watch/sm16628066","","0","","2026-09-30","4","2","已汇总第1–930期","链接未收录不等于没有官方投稿"
"nico:sm14990051","嗚呼、素晴らしきニャン生","Nem","GUMI|镜音连","2011-07-11","https://www.nicovideo.jp/watch/sm14990051","https://www.youtube.com/watch?v=xcNFyPciZ0g","0","","2026-09-30","7","1","已汇总第1–930期","链接未收录不等于没有官方投稿"
"nico:sm41175261","天使の翼。","A4。","可不","2022-10-07","https://www.nicovideo.jp/watch/sm41175261","","0","","2026-09-30","2","3","已汇总第1–930期","链接未收录不等于没有官方投稿"
"nico:sm39804594","CH4NGE","Giga","可不","2021-12-25","https://www.nicovideo.jp/watch/sm39804594","https://www.youtube.com/watch?v=LbO4pg_LHUI","1","20","2026-09-30","2","5","已汇总第1–930期","链接未收录不等于没有官方投稿"
"nico:sm25872280","パズルガール","とあ","初音未来","2015-03-25","https://www.nicovideo.jp/watch/sm25872280","","0","","2026-09-30","3","3","已汇总第1–930期","链接未收录不等于没有官方投稿"
"nico:sm43035761","ウルトラトレーラー","マサラダ","重音 Teto","2023-11-17","https://www.nicovideo.jp/watch/sm43035761","https://www.youtube.com/watch?v=Fhg3KsDkMJM","3","2","2026-09-30","3","1","已汇总第1–930期","链接未收录不等于没有官方投稿"
"nico:sm23762151","ツギハギスタッカート","とあ","初音未来","2014-06-12","https://www.nicovideo.jp/watch/sm23762151","","0","","2026-09-30","14","2","已汇总第1–930期","链接未收录不等于没有官方投稿"
"nico:sm15251289","小夜子","みきとP","初音未来","2011-08-08","https://www.nicovideo.jp/watch/sm15251289","","0","","2026-09-30","1","8","已汇总第1–930期","链接未收录不等于没有官方投稿"
"nico:sm13299882","（Θ）どういうことなの！？","くちばしP","初音未来","2011-01-13","https://www.nicovideo.jp/watch/sm13299882","","0","","2026-09-30","3","2","已汇总第1–930期","链接未收录不等于没有官方投稿"
"nico:sm34145146","ねぇ、どろどろさん - 鏡音リン MV","YASUHIRO(康寛)","镜音铃","2018-11-09","https://www.nicovideo.jp/watch/sm34145146","","0","","2026-09-30","22","3","已汇总第1–930期","链接未收录不等于没有官方投稿"
"nico:sm22835696","レッド・パージ！！！","P.I.N.A.","镜音连|镜音铃","2014-02-07","https://www.nicovideo.jp/watch/sm22835696","https://www.youtube.com/watch?v=7TtvPQmtyBU","0","","2026-09-30","5","10","已汇总第1–930期","链接未收录不等于没有官方投稿"
"nico:sm21036288","さよならワンダーノイズ","n-buna","初音未来","2013-06-04","https://www.nicovideo.jp/watch/sm21036288","","0","","2026-09-30","3","7","已汇总第1–930期","链接未收录不等于没有官方投稿"
"nico:sm20503130","魔法少女幸福論","トーマ","初音未来","2013-04-02","https://www.nicovideo.jp/watch/sm20503130","","0","","2026-09-30","13","1","已汇总第1–930期","链接未收录不等于没有官方投稿"
"nico:sm30228596","キレキャリオン","ポリスピカデリー","初音未来","2016-12-15","https://www.nicovideo.jp/watch/sm30228596","https://www.youtube.com/watch?v=AWVvuh9L2cc","0","","2026-09-30","20","4","已汇总第1–930期","链接未收录不等于没有官方投稿"
"nico:sm45739389","ループザルーム","ルシノ","初音未来","2025-11-21","https://www.nicovideo.jp/watch/sm45739389","https://www.youtube.com/watch?v=icBDYkfxpMs","38","1","2026-09-30","0","","已汇总第1–930期","链接未收录不等于没有官方投稿"
"nico:sm29782999","乱躁滅裂ガール","れるりり","GUMI|初音未来","2016-10-14","https://www.nicovideo.jp/watch/sm29782999","https://www.youtube.com/watch?v=PPFH4h2YcKE","0","","2026-09-30","12","1","已汇总第1–930期","链接未收录不等于没有官方投稿"
"nico:sm31562175","あの娘シークレット","Eve","初音未来","2017-07-13","https://www.nicovideo.jp/watch/sm31562175","","0","","2026-09-30","4","2","已汇总第1–930期","链接未收录不等于没有官方投稿"
"nico:sm33260180","ハローディストピア","まふまふ","镜音连|镜音铃","2018-05-25","https://www.nicovideo.jp/watch/sm33260180","https://www.youtube.com/watch?v=ye2J__KE9Yg","0","","2026-09-30","12","1","已汇总第1–930期","链接未收录不等于没有官方投稿"
"nico:sm33360604","抜錨","ナナホシ管弦楽団","巡音流歌","2018-06-13","https://www.nicovideo.jp/watch/sm33360604","https://www.youtube.com/watch?v=C7h6-jU1DCA","3","8","2026-09-30","1","12","已汇总第1–930期","链接未收录不等于没有官方投稿"
"nico:sm10385613","初音ミクの暴走（LONG VERSION）","cosMo＠暴走P","初音未来","2010-04-14","https://www.nicovideo.jp/watch/sm10385613","","0","","2026-09-30","2","1","已汇总第1–930期","链接未收录不等于没有官方投稿"
"nico:sm31015274","イヤガール","かいりきベア","初音未来","2017-04-12","https://www.nicovideo.jp/watch/sm31015274","https://www.youtube.com/watch?v=cDqytGXoXWI","0","","2026-09-30","2","3","已汇总第1–930期","链接未收录不等于没有官方投稿"
"nico:sm31883007","ファイヴ","Omoi","初音未来","2017-09-07","https://www.nicovideo.jp/watch/sm31883007","https://www.youtube.com/watch?v=-tbbBwB9n40","0","","2026-09-30","1","5","已汇总第1–930期","链接未收录不等于没有官方投稿"
"nico:sm37223770","愛されなくても君がいる","匹诺曹P","初音未来","2020-07-22","https://www.nicovideo.jp/watch/sm37223770","https://www.youtube.com/watch?v=ygY2qObZv24","0","","2026-09-30","3","1","已汇总第1–930期","链接未收录不等于没有官方投稿"
"nico:sm24606671","DECO*27 - ハートアラモード","DECO*27","初音未来","2014-10-03","https://www.nicovideo.jp/watch/sm24606671","https://www.youtube.com/watch?v=LE1XskraNfI","0","","2026-09-30","9","1","已汇总第1–930期","链接未收录不等于没有官方投稿"
"nico:sm6020985","ワンダーラスト","sasakure.UK","巡音流歌","2009-02-02","https://www.nicovideo.jp/watch/sm6020985","https://www.youtube.com/watch?v=wehX1cNY_9E","0","","2026-09-30","5","4","已汇总第1–930期","链接未收录不等于没有官方投稿"
"nico:sm38790520","爆笑","syudou","初音未来","2021-05-27","https://www.nicovideo.jp/watch/sm38790520","","0","","2026-09-30","3","3","已汇总第1–930期","链接未收录不等于没有官方投稿"
"nico:sm23304692","Blessing","halyosy","KAITO|MEIKO|初音未来|巡音流歌|镜音连|镜音铃","2014-04-11","https://www.nicovideo.jp/watch/sm23304692","https://www.youtube.com/watch?v=E4tIHBx7bqc","0","","2026-09-30","14","2","已汇总第1–930期","链接未收录不等于没有官方投稿"
"nico:sm24841816","ハイドアンド・シーク","19's_Sound_Factory","初音未来","2014-11-04","https://www.nicovideo.jp/watch/sm24841816","","0","","2026-09-30","3","3","已汇总第1–930期","链接未收录不等于没有官方投稿"
"nico:sm21920307","- It's A Whole World -","そーいち☆","镜音连","2013-09-27","https://www.nicovideo.jp/watch/sm21920307","","0","","2026-09-30","1","6","已汇总第1–930期","链接未收录不等于没有官方投稿"
"nico:sm30376008","ハイスペックニート","40mP","初音未来","2017-01-06","https://www.nicovideo.jp/watch/sm30376008","https://www.youtube.com/watch?v=4DbM_WD0kl8","0","","2026-09-30","3","2","已汇总第1–930期","链接未收录不等于没有官方投稿"
"nico:sm1427306","桜の季節 - Full.ver （オリジナル）","ゆうゆP","初音未来","2007-11-02","https://www.nicovideo.jp/watch/sm1427306","","0","","2026-09-30","5","1","已汇总第1–930期","链接未收录不等于没有官方投稿"
"nico:sm18279200","走れ","KEI","GUMI","2012-07-06","https://www.nicovideo.jp/watch/sm18279200","","0","","2026-09-30","3","1","已汇总第1–930期","链接未收录不等于没有官方投稿"
"nico:sm32592371","マイナスレッテル","かいりきベア","flower","2018-01-16","https://www.nicovideo.jp/watch/sm32592371","https://www.youtube.com/watch?v=gF9vwjSinsU","0","","2026-09-30","2","1","已汇总第1–930期","链接未收录不等于没有官方投稿"
"nico:sm4271779","VOiCE","ラヴリーP","初音未来","2008-08-13","https://www.nicovideo.jp/watch/sm4271779","https://www.youtube.com/watch?v=AgpU1gL1Py4","0","","2026-09-30","4","6","已汇总第1–930期","链接未收录不等于没有官方投稿"
"nico:sm41188307","星界ちゃんと可不ちゃんのおつかい合騒曲","南ノ南","可不|星界","2022-10-08","https://www.nicovideo.jp/watch/sm41188307","https://www.youtube.com/watch?v=hXabKIYl_Yo","15","4","2026-09-30","10","2","已汇总第1–930期","链接未收录不等于没有官方投稿"
"nico:sm41295783","ラヴィ(Lavie)","すりぃ","镜音连","2022-10-29","https://www.nicovideo.jp/watch/sm41295783","https://www.youtube.com/watch?v=mq88yUFdVng","58","1","2026-09-30","14","2","已汇总第1–930期","链接未收录不等于没有官方投稿"
"nico:sm26470008","ドクター＝ファンクビート","nyanyannya（大天才P）","KAITO","2015-06-12","https://www.nicovideo.jp/watch/sm26470008","","0","","2026-09-30","1","4","已汇总第1–930期","链接未收录不等于没有官方投稿"
"nico:sm40510213","DECO*27 - 愛言葉Ⅳ","DECO*27","初音未来","2022-05-27","https://www.nicovideo.jp/watch/sm40510213","https://www.youtube.com/watch?v=aHNWL7MBXoc","0","","2026-09-30","3","1","已汇总第1–930期","链接未收录不等于没有官方投稿"
"nico:sm6928368","右肩の蝶（鏡音レン版）","のりP","镜音连","2009-05-03","https://www.nicovideo.jp/watch/sm6928368","","0","","2026-09-30","8","1","已汇总第1–930期","链接未收录不等于没有官方投稿"
"nico:sm21336351","きょうもハレバレ","ふわりP","GUMI","2013-07-12","https://www.nicovideo.jp/watch/sm21336351","","0","","2026-09-30","8","4","已汇总第1–930期","链接未收录不等于没有官方投稿"
"nico:sm15416657","fix","keeno","初音未来","2011-08-25","https://www.nicovideo.jp/watch/sm15416657","","0","","2026-09-30","3","1","已汇总第1–930期","链接未收录不等于没有官方投稿"
"nico:sm22791352","｢好き！雪！本気マジック｣","Mitchie M","初音未来","2014-02-01","https://www.nicovideo.jp/watch/sm22791352","https://www.youtube.com/watch?v=79N1O0lF0GY","0","","2026-09-30","5","3","已汇总第1–930期","链接未收录不等于没有官方投稿"
"nico:sm35584107","ゴキブリの味","MARETU","初音未来","2019-08-24","https://www.nicovideo.jp/watch/sm35584107","https://www.youtube.com/watch?v=Hmc41Zsb2Ns","0","","2026-09-30","2","2","已汇总第1–930期","链接未收录不等于没有官方投稿"
"nico:sm34595420","ヲズワルド","煮ル果実","flower","2019-02-10","https://www.nicovideo.jp/watch/sm34595420","https://www.youtube.com/watch?v=mVjyVppveGY","0","","2026-09-30","1","7","已汇总第1–930期","链接未收录不等于没有官方投稿"
"nico:sm8619805","鎖の少女","のぼる↑","初音未来","2009-10-26","https://www.nicovideo.jp/watch/sm8619805","https://www.youtube.com/watch?v=PRzirzL54Iw","0","","2026-09-30","6","1","已汇总第1–930期","链接未收录不等于没有官方投稿"
"nico:sm37081741","アイ情劣等生","かいりきベア","镜音铃","2020-06-27","https://www.nicovideo.jp/watch/sm37081741","https://www.youtube.com/watch?v=eEuIHatfgkE","0","","2026-09-30","5","1","已汇总第1–930期","链接未收录不等于没有官方投稿"
"nico:sm32672006","天使だと思っていたのに","鬱P","初音未来","2018-02-01","https://www.nicovideo.jp/watch/sm32672006","","0","","2026-09-30","7","2","已汇总第1–930期","链接未收录不等于没有官方投稿"
"nico:sm35552172","アブソリュート - 鏡音リン MV","YASUHIRO","镜音铃","2019-08-17","https://www.nicovideo.jp/watch/sm35552172","","0","","2026-09-30","2","1","已汇总第1–930期","链接未收录不等于没有官方投稿"
"nico:sm16036598","3331","ナノウ(ほえほえP)","初音未来","2011-10-31","https://www.nicovideo.jp/watch/sm16036598","https://www.youtube.com/watch?v=I7HYL2D2VsA","0","","2026-09-30","3","1","已汇总第1–930期","链接未收录不等于没有官方投稿"
"nico:sm34583356","ロジカ","かいりきベア","flower","2019-02-08","https://www.nicovideo.jp/watch/sm34583356","https://www.youtube.com/watch?v=eiU-ZZ_hwTc","0","","2026-09-30","3","5","已汇总第1–930期","链接未收录不等于没有官方投稿"
"nico:sm35818693","アルティメットセンパイ","匹诺曹P","初音未来","2019-10-16","https://www.nicovideo.jp/watch/sm35818693","https://www.youtube.com/watch?v=MnJq5kSn-GY","0","","2026-09-30","3","1","已汇总第1–930期","链接未收录不等于没有官方投稿"
"nico:sm22491239","すーぱーぬこわーるど","まふまふ","IA|镜音铃","2013-12-20","https://www.nicovideo.jp/watch/sm22491239","","0","","2026-09-30","4","3","已汇总第1–930期","链接未收录不等于没有官方投稿"
"nico:sm35586514","トラフィック・ジャム","煮ル果実","flower","2019-08-25","https://www.nicovideo.jp/watch/sm35586514","https://www.youtube.com/watch?v=oUevY6uH4Qg","0","","2026-09-30","2","2","已汇总第1–930期","链接未收录不等于没有官方投稿"
"nico:sm24657407","Happy Halloween","Junky","镜音铃","2014-10-10","https://www.nicovideo.jp/watch/sm24657407","https://www.youtube.com/watch?v=1DcgczDzQPk","3","4","2026-09-30","16","2","已汇总第1–930期","链接未收录不等于没有官方投稿"
"nico:sm26065324","UNDER CONSTRUCTION","けんまP","初音未来","2015-04-19","https://www.nicovideo.jp/watch/sm26065324","https://www.youtube.com/watch?v=6Q6_rZdjSRk","0","","2026-09-30","11","3","已汇总第1–930期","链接未收录不等于没有官方投稿"
"nico:sm40901829","Who?","Azari","flower|歌爱雪","2022-08-10","https://www.nicovideo.jp/watch/sm40901829","","0","","2026-09-30","2","4","已汇总第1–930期","链接未收录不等于没有官方投稿"
"nico:sm1204327","celluloid","baker","初音未来","2007-10-05","https://www.nicovideo.jp/watch/sm1204327","https://www.youtube.com/watch?v=E-hlpvXNesU","0","","2026-09-30","8","11","已汇总第1–930期","链接未收录不等于没有官方投稿"
"nico:sm32688081","懺悔参り","羽生まゐご","flower","2018-02-04","https://www.nicovideo.jp/watch/sm32688081","https://www.youtube.com/watch?v=wM4phGebR4o","0","","2026-09-30","4","6","已汇总第1–930期","链接未收录不等于没有官方投稿"
"nico:sm37287661","KING","Kanaria","GUMI","2020-08-02","https://www.nicovideo.jp/watch/sm37287661","https://www.youtube.com/watch?v=cm-l2h6GB8Q","35","3","2026-09-30","37","1","已汇总第1–930期","链接未收录不等于没有官方投稿"
"nico:sm28108489","ヒトサマアレルギー","かいりきベア","flower","2016-01-30","https://www.nicovideo.jp/watch/sm28108489","https://www.youtube.com/watch?v=lEGG_JPE3UQ","0","","2026-09-30","5","4","已汇总第1–930期","链接未收录不等于没有官方投稿"
"nico:sm10533832","指切り","すこっぷ","初音未来","2010-04-28","https://www.nicovideo.jp/watch/sm10533832","","0","","2026-09-30","6","2","已汇总第1–930期","链接未收录不等于没有官方投稿"
"nico:sm10482108","桜前線異常ナシ","ワタルＰ","初音未来","2010-04-23","https://www.nicovideo.jp/watch/sm10482108","","0","","2026-09-30","5","3","已汇总第1–930期","链接未收录不等于没有官方投稿"
"nico:sm9707593","ホール・ニュー・ワールド","根気P","KAITO|MEIKO","2010-02-14","https://www.nicovideo.jp/watch/sm9707593","","0","","2026-09-30","3","1","已汇总第1–930期","链接未收录不等于没有官方投稿"
"nico:sm14332782","バビロン","トーマ","初音未来","2011-05-02","https://www.nicovideo.jp/watch/sm14332782","","0","","2026-09-30","3","5","已汇总第1–930期","链接未收录不等于没有官方投稿"
"nico:sm29100175","ピチカートドロップス","とあ","初音未来","2016-06-22","https://www.nicovideo.jp/watch/sm29100175","","0","","2026-09-30","2","2","已汇总第1–930期","链接未收录不等于没有官方投稿"
"nico:sm10037227","Guilty Verse","OzaShin(ぺぺろんP)","冰山清辉","2010-03-15","https://www.nicovideo.jp/watch/sm10037227","","0","","2026-09-30","5","4","已汇总第1–930期","链接未收录不等于没有官方投稿"
"nico:sm33550626","エンドロール","夏代孝明","VY1|初音未来","2018-07-19","https://www.nicovideo.jp/watch/sm33550626","","0","","2026-09-30","4","2","已汇总第1–930期","链接未收录不等于没有官方投稿"
"nico:sm35546354","オルターエゴ","Misumi","初音未来","2019-08-16","https://www.nicovideo.jp/watch/sm35546354","https://www.youtube.com/watch?v=DlIREQyaxu8","0","","2026-09-30","2","7","已汇总第1–930期","链接未收录不等于没有官方投稿"
"nico:sm40408445","酔いどれ知らず","Kanaria","GUMI","2022-05-02","https://www.nicovideo.jp/watch/sm40408445","https://www.youtube.com/watch?v=vB8sxY_PJ_w","65","1","2026-09-30","3","1","已汇总第1–930期","链接未收录不等于没有官方投稿"
"nico:sm20132624","透明エレジー","n-buna","GUMI","2013-02-19","https://www.nicovideo.jp/watch/sm20132624","https://www.youtube.com/watch?v=U2-K_eFGtJM","0","","2026-09-30","18","2","已汇总第1–930期","链接未收录不等于没有官方投稿"
"nico:sm19286279","アザレアの亡霊","トーマ","初音未来","2012-11-05","https://www.nicovideo.jp/watch/sm19286279","","0","","2026-09-30","3","1","已汇总第1–930期","链接未收录不等于没有官方投稿"
"nico:sm39570961","エリート","Chinozo","可不","2021-11-03","https://www.nicovideo.jp/watch/sm39570961","https://www.youtube.com/watch?v=YznQjwMjDKw","0","","2026-09-30","1","7","已汇总第1–930期","链接未收录不等于没有官方投稿"
"nico:sm1465138","粉雪","BinoP","初音未来","2007-11-06","https://www.nicovideo.jp/watch/sm1465138","","0","","2026-09-30","4","1","已汇总第1–930期","链接未收录不等于没有官方投稿"
"nico:sm16814250","なりすましゲンガー","KulfiQ","初音未来|镜音铃","2012-01-28","https://www.nicovideo.jp/watch/sm16814250","https://www.youtube.com/watch?v=DZyzw_6S9RA","0","","2026-09-30","3","5","已汇总第1–930期","链接未收录不等于没有官方投稿"
"nico:sm2393562","KAITO・ミク","黑兔P","KAITO|初音未来","2008-02-21","https://www.nicovideo.jp/watch/sm2393562","","0","","2026-09-30","5","19","已汇总第1–930期","链接未收录不等于没有官方投稿"
"nico:sm17637208","サヨナラチェーンソー","和田たけあき(くらげP)","结月缘","2012-04-24","https://www.nicovideo.jp/watch/sm17637208","","0","","2026-09-30","5","22","已汇总第1–930期","链接未收录不等于没有官方投稿"
"nico:sm34509853","内臓ありますか","匹诺曹P","初音未来","2019-01-22","https://www.nicovideo.jp/watch/sm34509853","https://www.youtube.com/watch?v=GSpwTvYgFrM","0","","2026-09-30","2","2","已汇总第1–930期","链接未收录不等于没有官方投稿"
"nico:sm27529228","[GUMI] 君色に染まる","TOKOTOKO（西沢さんP）","GUMI","2015-11-06","https://www.nicovideo.jp/watch/sm27529228","","0","","2026-09-30","3","3","已汇总第1–930期","链接未收录不等于没有官方投稿"
"nico:sm19595505","ケッペキショウ","すこっぷ","GUMI","2012-12-16","https://www.nicovideo.jp/watch/sm19595505","https://www.youtube.com/watch?v=6kkSexCUzeA","0","","2026-09-30","5","2","已汇总第1–930期","链接未收录不等于没有官方投稿"
"nico:sm28406516","白ゆき","n-buna","初音未来","2016-03-12","https://www.nicovideo.jp/watch/sm28406516","","0","","2026-09-30","26","1","已汇总第1–930期","链接未收录不等于没有官方投稿"
"nico:sm33844537","エゴイスト","大沼パセリ","flower","2018-09-12","https://www.nicovideo.jp/watch/sm33844537","https://www.youtube.com/watch?v=QprnVxCveSY","0","","2026-09-30","1","25","已汇总第1–930期","链接未收录不等于没有官方投稿"
"nico:sm36053074","春嵐","john","初音未来","2019-12-07","https://www.nicovideo.jp/watch/sm36053074","https://www.youtube.com/watch?v=pUH9vCsvq08","43","3","2026-09-30","1","4","已汇总第1–930期","链接未收录不等于没有官方投稿"
"nico:sm2871474","下剋上(完)","一行P","镜音连|镜音铃","2008-04-02","https://www.nicovideo.jp/watch/sm2871474","","0","","2026-09-30","3","1","已汇总第1–930期","链接未收录不等于没有官方投稿"
"nico:sm23668734","DECO*27 - ラブドール","DECO*27","GUMI","2014-05-30","https://www.nicovideo.jp/watch/sm23668734","https://www.youtube.com/watch?v=Ak9S5ibCuyk","0","","2026-09-30","3","3","已汇总第1–930期","链接未收录不等于没有官方投稿"
"nico:sm25630992","空奏列車","Orangestar","初音未来","2015-02-21","https://www.nicovideo.jp/watch/sm25630992","https://www.youtube.com/watch?v=xzoShzMIlIM","0","","2026-09-30","5","1","已汇总第1–930期","链接未收录不等于没有官方投稿"
"nico:sm17239967","[初音ミク] paranoia [オリジナル]","つなま（めざめP）","初音未来","2012-03-13","https://www.nicovideo.jp/watch/sm17239967","","0","","2026-09-30","19","3","已汇总第1–930期","链接未收录不等于没有官方投稿"
"nico:sm42540632","あいしていたのに","MARETU","初音未来","2023-07-28","https://www.nicovideo.jp/watch/sm42540632","https://www.youtube.com/watch?v=R_g0M5Zmqhg","0","","2026-09-30","1","4","已汇总第1–930期","链接未收录不等于没有官方投稿"
"nico:sm38408292","MIRA","kanaria","小春六花","2021-03-12","https://www.nicovideo.jp/watch/sm38408292","https://www.youtube.com/watch?v=QF-PvlyheVc","0","","2026-09-30","3","2","已汇总第1–930期","链接未收录不等于没有官方投稿"
"nico:sm11982230","般若心経ポップ","おにゅう","初音未来","2010-09-03","https://www.nicovideo.jp/watch/sm11982230","","0","","2026-09-30","6","1","已汇总第1–930期","链接未收录不等于没有官方投稿"
"nico:sm17211747","ろりこんでよかった～ おじりなる(*´ω｀*)","Takebo3","初音未来","2012-03-10","https://www.nicovideo.jp/watch/sm17211747","","0","","2026-09-30","6","2","已汇总第1–930期","链接未收录不等于没有官方投稿"
"nico:sm38907008","トンデモワンダーズ","sasakure.UK","KAITO|初音未来","2021-06-19","https://www.nicovideo.jp/watch/sm38907008","https://www.youtube.com/watch?v=dBQg24mx45Y","0","","2026-09-30","5","1","已汇总第1–930期","链接未收录不等于没有官方投稿"
"nico:sm34554538","DECO*27 - 夜行性ハイズ","DECO*27","初音未来","2019-02-01","https://www.nicovideo.jp/watch/sm34554538","https://www.youtube.com/watch?v=WXl1ZPk--Zs","0","","2026-09-30","4","3","已汇总第1–930期","链接未收录不等于没有官方投稿"
"nico:sm44469704","キャンディークッキーチョコレート","はろける","初音未来|重音 Teto","2024-12-26","https://www.nicovideo.jp/watch/sm44469704","https://www.youtube.com/watch?v=bI3542HJRzY","15","4","2026-09-30","5","4","已汇总第1–930期","链接未收录不等于没有官方投稿"
"nico:sm20413055","クノイチでも恋がしたい","みきとP","初音未来|镜音铃","2013-03-23","https://www.nicovideo.jp/watch/sm20413055","","0","","2026-09-30","3","3","已汇总第1–930期","链接未收录不等于没有官方投稿"
"nico:sm39853779","DECO*27 - サラマンダー","DECO*27","初音未来","2022-01-07","https://www.nicovideo.jp/watch/sm39853779","https://www.youtube.com/watch?v=-H2PCK7DJsQ","0","","2026-09-30","2","2","已汇总第1–930期","链接未收录不等于没有官方投稿"
"nico:sm11323864","sasakure. UK - ロストエンファウンド","sasakure.UK","初音未来","2010-07-09","https://www.nicovideo.jp/watch/sm11323864","https://www.youtube.com/watch?v=aJxGc2LRvIo","0","","2026-09-30","3","1","已汇总第1–930期","链接未收录不等于没有官方投稿"
"nico:sm9032932","円尾坂の仕立屋","mothy(悪ノＰ)","巡音流歌","2009-12-08","https://www.nicovideo.jp/watch/sm9032932","https://www.youtube.com/watch?v=etn41n6wtAQ","0","","2026-09-30","5","2","已汇总第1–930期","链接未收录不等于没有官方投稿"
"nico:sm34111863","ミスリード・ミスリード","Omoi","初音未来|镜音铃","2018-11-02","https://www.nicovideo.jp/watch/sm34111863","https://www.youtube.com/watch?v=7TfohVyOk9A","0","","2026-09-30","10","5","已汇总第1–930期","链接未收录不等于没有官方投稿"
"nico:sm16238717","深海シティアンダーグラウンド","田中Ｂ","镜音铃","2011-11-22","https://www.nicovideo.jp/watch/sm16238717","","0","","2026-09-30","5","1","已汇总第1–930期","链接未收录不等于没有官方投稿"
"nico:sm21720819","アウターサイエンス","じん(自然の敵P)","IA","2013-08-31","https://www.nicovideo.jp/watch/sm21720819","","0","","2026-09-30","24","1","已汇总第1–930期","链接未收录不等于没有官方投稿"
"nico:sm41406827","Iなんです","れるりり","初音未来","2022-11-28","https://www.nicovideo.jp/watch/sm41406827","https://www.youtube.com/watch?v=QYpL88jiWFs","2","2","2026-09-30","1","2","已汇总第1–930期","链接未收录不等于没有官方投稿"
"nico:sm18579564","マカロン","ATOLS","初音未来","2012-08-10","https://www.nicovideo.jp/watch/sm18579564","https://www.youtube.com/watch?v=nXqN519Z4Io","0","","2026-09-30","3","13","已汇总第1–930期","链接未收录不等于没有官方投稿"
"nico:sm41926207","強風オールバック","ゆこぴ","歌爱雪","2023-03-15","https://www.nicovideo.jp/watch/sm41926207","","37","1","2026-09-30","28","1","已汇总第1–930期","链接未收录不等于没有官方投稿"
"nico:sm11641089","sasakure. UK - タイガーランペイジ","sasakure.UK","镜音铃","2010-08-05","https://www.nicovideo.jp/watch/sm11641089","","0","","2026-09-30","3","1","已汇总第1–930期","链接未收录不等于没有官方投稿"
"nico:sm13774194","Mr.Music","れるりり","GUMI|初音未来|巡音流歌|歌爱雪|镜音连|镜音铃","2011-03-04","https://www.nicovideo.jp/watch/sm13774194","","0","","2026-09-30","5","1","已汇总第1–930期","链接未收录不等于没有官方投稿"
"nico:sm38735257","◈*_我が儘賛歌","ryo","重音 Teto","2021-05-14","https://www.nicovideo.jp/watch/sm38735257","","0","","2026-09-30","1","8","已汇总第1–930期","链接未收录不等于没有官方投稿"
"nico:sm2700265","Soar","minato","初音未来","2008-03-19","https://www.nicovideo.jp/watch/sm2700265","","0","","2026-09-30","4","1","已汇总第1–930期","链接未收录不等于没有官方投稿"
"nico:sm32358510","君が飛び降りるのなら","Omoi","初音未来","2017-12-02","https://www.nicovideo.jp/watch/sm32358510","https://www.youtube.com/watch?v=kK3mfxQ1oZE","0","","2026-09-30","4","2","已汇总第1–930期","链接未收录不等于没有官方投稿"
"nico:sm5524166","初めての恋が終わる時","ryo","初音未来","2008-12-12","https://www.nicovideo.jp/watch/sm5524166","","0","","2026-09-30","13","1","已汇总第1–930期","链接未收录不等于没有官方投稿"
"nico:sm17142789","春に一番近い街","40mP","GUMI","2012-03-03","https://www.nicovideo.jp/watch/sm17142789","https://www.youtube.com/watch?v=nYAabXvBKjI","0","","2026-09-30","3","1","已汇总第1–930期","链接未收录不等于没有官方投稿"
"nico:sm39875801","アイデンティティ","Kanaria","GUMI|初音未来","2022-01-09","https://www.nicovideo.jp/watch/sm39875801","https://www.youtube.com/watch?v=M9moY0hEJRE","11","11","2026-09-30","3","1","已汇总第1–930期","链接未收录不等于没有官方投稿"
"nico:sm17608134","shake it！","emon(Tes.)","初音未来|镜音连|镜音铃","2012-04-21","https://www.nicovideo.jp/watch/sm17608134","","0","","2026-09-30","6","12","已汇总第1–930期","链接未收录不等于没有官方投稿"
"nico:sm39978904","DECO*27 - パラサイト","DECO*27","初音未来","2022-02-07","https://www.nicovideo.jp/watch/sm39978904","https://www.youtube.com/watch?v=agcoHM2CJ3s","0","","2026-09-30","3","1","已汇总第1–930期","链接未收录不等于没有官方投稿"
"nico:sm20671920","アヤノの幸福理論","じん(自然の敵P)","IA","2013-04-22","https://www.nicovideo.jp/watch/sm20671920","","0","","2026-09-30","12","1","已汇总第1–930期","链接未收录不等于没有官方投稿"
"nico:sm28797238","花降らし","n-buna","初音未来","2016-05-07","https://www.nicovideo.jp/watch/sm28797238","https://www.youtube.com/watch?v=z8IpY_XeusQ","0","","2026-09-30","5","3","已汇总第1–930期","链接未收录不等于没有官方投稿"
"nico:sm25795428","ラブレター・フロム・メランコリー","カラスヤサボウ","初音未来","2015-03-15","https://www.nicovideo.jp/watch/sm25795428","","0","","2026-09-30","3","5","已汇总第1–930期","链接未收录不等于没有官方投稿"
"nico:sm30681505","フリィダム ロリィタ","ねじ式","结月缘","2017-02-21","https://www.nicovideo.jp/watch/sm30681505","https://www.youtube.com/watch?v=teSQphExzBU","0","","2026-09-30","7","1","已汇总第1–930期","链接未收录不等于没有官方投稿"
"nico:sm19218102","告白予行練習","HoneyWorks","GUMI","2012-10-27","https://www.nicovideo.jp/watch/sm19218102","https://www.youtube.com/watch?v=YNkL6A1WRY8","0","","2026-09-30","9","2","已汇总第1–930期","链接未收录不等于没有官方投稿"
"nico:sm27042325","濫觴生命","Orangestar","IA","2015-08-29","https://www.nicovideo.jp/watch/sm27042325","https://www.youtube.com/watch?v=rc8vrHd0T_4","0","","2026-09-30","5","1","已汇总第1–930期","链接未收录不等于没有官方投稿"
"nico:sm35507640","ジェヘナ","wotaku","初音未来","2019-08-09","https://www.nicovideo.jp/watch/sm35507640","https://www.youtube.com/watch?v=7Y9sJvLI3Po","1","15","2026-09-30","4","6","已汇总第1–930期","链接未收录不等于没有官方投稿"
"nico:sm13252011","妄想スケッチ","40mP","初音未来","2011-01-08","https://www.nicovideo.jp/watch/sm13252011","https://www.youtube.com/watch?v=lI7T7fbYj0w","0","","2026-09-30","3","1","已汇总第1–930期","链接未收录不等于没有官方投稿"
"nico:sm8901412","シザーハンズ","Nem","初音未来","2009-11-24","https://www.nicovideo.jp/watch/sm8901412","https://www.youtube.com/watch?v=lPaJf50trAo","0","","2026-09-30","2","5","已汇总第1–930期","链接未收录不等于没有官方投稿"
"nico:sm20797677","敗北の少年","kemu","GUMI","2013-05-06","https://www.nicovideo.jp/watch/sm20797677","https://www.youtube.com/watch?v=w2ySuxC2SNI","0","","2026-09-30","7","2","已汇总第1–930期","链接未收录不等于没有官方投稿"
"nico:sm31942799","病名は愛だった","Neru","镜音连|镜音铃","2017-09-17","https://www.nicovideo.jp/watch/sm31942799","https://www.youtube.com/watch?v=2IH-toUoq3w","0","","2026-09-30","10","1","已汇总第1–930期","链接未收录不等于没有官方投稿"
"nico:sm24028752","unravel -Full-東京喰種-トーキョーグール-","dj-jo","初音未来","2014-07-18","https://www.nicovideo.jp/watch/sm24028752","","0","","2026-09-30","11","4","已汇总第1–930期","链接未收录不等于没有官方投稿"
"nico:sm45176104","チェリーポップ","DECO*27","初音未来","2025-07-25","https://www.nicovideo.jp/watch/sm45176104","https://www.youtube.com/watch?v=BI9Ue6JwJic","13","2","2026-09-30","4","2","已汇总第1–930期","链接未收录不等于没有官方投稿"
"nico:sm45040752","お返事まだカナ？おじさん構文！","吉本おじさん","雨衣","2025-05-31","https://www.nicovideo.jp/watch/sm45040752","","13","1","2026-09-30","9","1","已汇总第1–930期","链接未收录不等于没有官方投稿"
"nico:sm6115924","いろは唄","銀サク","镜音铃","2009-02-11","https://www.nicovideo.jp/watch/sm6115924","","0","","2026-09-30","4","2","已汇总第1–930期","链接未收录不等于没有官方投稿"
"nico:sm19577010","アイドルを咲かせ","Mitchie M","初音未来","2012-12-14","https://www.nicovideo.jp/watch/sm19577010","https://www.youtube.com/watch?v=9bnFEb3qrT0","0","","2026-09-30","6","2","已汇总第1–930期","链接未收录不等于没有官方投稿"
"nico:sm36142547","マジカルドクター","MARETU","初音未来","2019-12-27","https://www.nicovideo.jp/watch/sm36142547","https://www.youtube.com/watch?v=Y0EcKR05Ac4","0","","2026-09-30","2","4","已汇总第1–930期","链接未收录不等于没有官方投稿"
"nico:sm2352095","白虎野の娘","ぶっちぎりP","KAITO","2008-02-17","https://www.nicovideo.jp/watch/sm2352095","","0","","2026-09-30","11","4","已汇总第1–930期","链接未收录不等于没有官方投稿"
"nico:sm42292205","ももいろの鍵","いよわ","初音未来","2023-05-31","https://www.nicovideo.jp/watch/sm42292205","https://www.youtube.com/watch?v=sAUdWpemfGw","5","1","2026-09-30","3","1","已汇总第1–930期","链接未收录不等于没有官方投稿"
"nico:sm31889142","セカイ再信仰特区","ろくろ","初音未来","2017-09-08","https://www.nicovideo.jp/watch/sm31889142","https://www.youtube.com/watch?v=ZThehxRQHjg","0","","2026-09-30","2","7","已汇总第1–930期","链接未收录不等于没有官方投稿"
"nico:sm42118418","レクイエム","Kanaria","初音未来","2023-04-22","https://www.nicovideo.jp/watch/sm42118418","https://www.youtube.com/watch?v=94FQd3qSoz8","7","3","2026-09-30","2","4","已汇总第1–930期","链接未收录不等于没有官方投稿"
"nico:sm31970347","∞まわる∞","カルロス袴田","初音未来|音街 Una","2017-09-23","https://www.nicovideo.jp/watch/sm31970347","","0","","2026-09-30","5","4","已汇总第1–930期","链接未收录不等于没有官方投稿"
"nico:sm5858956","しねばいいのに","dBu","KAITO","2009-01-16","https://www.nicovideo.jp/watch/sm5858956","","0","","2026-09-30","3","2","已汇总第1–930期","链接未收录不等于没有官方投稿"
"nico:sm2406770","桜ノ雨","halyosy","初音未来","2008-02-23","https://www.nicovideo.jp/watch/sm2406770","https://www.youtube.com/watch?v=1UAkQP8tytM","0","","2026-09-30","22","1","已汇总第1–930期","链接未收录不等于没有官方投稿"
"nico:sm20377698","無気力クーデター","Last Note．","GUMI","2013-03-19","https://www.nicovideo.jp/watch/sm20377698","","0","","2026-09-30","4","2","已汇总第1–930期","链接未收录不等于没有官方投稿"
"nico:sm6165498","紙飛行機 もう一つの囚人","囚人P","镜音铃","2009-02-15","https://www.nicovideo.jp/watch/sm6165498","","0","","2026-09-30","2","3","已汇总第1–930期","链接未收录不等于没有官方投稿"
"nico:sm31491163","アップルドットコム","匹诺曹P","初音未来","2017-07-01","https://www.nicovideo.jp/watch/sm31491163","https://www.youtube.com/watch?v=h1pSSrmdEtw","0","","2026-09-30","3","4","已汇总第1–930期","链接未收录不等于没有官方投稿"
"nico:sm39735145","GURU","じん","可不","2021-12-10","https://www.nicovideo.jp/watch/sm39735145","","0","","2026-09-30","2","1","已汇总第1–930期","链接未收录不等于没有官方投稿"
"nico:sm21782397","ミサイルキラー","4o（ただのCoだった）","镜音铃","2013-09-08","https://www.nicovideo.jp/watch/sm21782397","","0","","2026-09-30","1","15","已汇总第1–930期","链接未收录不等于没有官方投稿"
"nico:sm13476300","↑人生ゲーム↓","ゆずひこ","初音未来","2011-02-02","https://www.nicovideo.jp/watch/sm13476300","","0","","2026-09-30","3","3","已汇总第1–930期","链接未收录不等于没有官方投稿"
"nico:sm5117285","囚人 オリジナル  前後史曲リンク有","囚人P","镜音连","2008-11-01","https://www.nicovideo.jp/watch/sm5117285","","0","","2026-09-30","1","9","已汇总第1–930期","链接未收录不等于没有官方投稿"
"nico:sm29238961","飛行少女","ナユタン星人","初音未来","2016-07-13","https://www.nicovideo.jp/watch/sm29238961","https://www.youtube.com/watch?v=JGRgYC1p8qk","0","","2026-09-30","7","1","已汇总第1–930期","链接未收录不等于没有官方投稿"
"nico:sm30057669","ちがう!!!","カルロス袴田","初音未来|音街 Una","2016-11-17","https://www.nicovideo.jp/watch/sm30057669","","0","","2026-09-30","10","3","已汇总第1–930期","链接未收录不等于没有官方投稿"
"nico:sm10693487","ラマーズＰ終了のお知らせ","ラマーズP","重音 Teto","2010-05-12","https://www.nicovideo.jp/watch/sm10693487","","0","","2026-09-30","0","","已汇总第1–930期","链接未收录不等于没有官方投稿"
"nico:sm22879165","スキスキ絶頂症","koyori(電ポルP)","GUMI","2014-02-13","https://www.nicovideo.jp/watch/sm22879165","","0","","2026-09-30","7","3","已汇总第1–930期","链接未收录不等于没有官方投稿"
"nico:sm2234368","夢みることり","はややP","初音未来|镜音铃","2008-02-05","https://www.nicovideo.jp/watch/sm2234368","","0","","2026-09-30","2","1","已汇总第1–930期","链接未收录不等于没有官方投稿"
"nico:sm14703600","[初音ミク] うそつき [オリジナル]","つなま（めざめP）","初音未来","2011-06-10","https://www.nicovideo.jp/watch/sm14703600","","0","","2026-09-30","7","13","已汇总第1–930期","链接未收录不等于没有官方投稿"
"nico:sm30105817","アルカリレットウセイ","かいりきベア","初音未来","2016-11-25","https://www.nicovideo.jp/watch/sm30105817","https://www.youtube.com/watch?v=zLmopbS97aY","0","","2026-09-30","75","5","已汇总第1–930期","链接未收录不等于没有官方投稿"
"nico:sm32234716","プロトディスコ","ぬゆり","flower","2017-11-08","https://www.nicovideo.jp/watch/sm32234716","https://www.youtube.com/watch?v=rkkZYzXsxPA","0","","2026-09-30","3","2","已汇总第1–930期","链接未收录不等于没有官方投稿"
"nico:sm10122021","え？あぁ、そう。","papiyon(蝶々P)","初音未来","2010-03-22","https://www.nicovideo.jp/watch/sm10122021","","0","","2026-09-30","10","6","已汇总第1–930期","链接未收录不等于没有官方投稿"
"nico:sm982882","Ievan Polkka","Otomania","初音未来","2007-09-04","https://www.nicovideo.jp/watch/sm982882","","0","","2026-09-30","25","3","已汇总第1–930期","链接未收录不等于没有官方投稿"
"nico:sm31314079","拝啓ドッペルゲンガー","kemu","GUMI","2017-05-31","https://www.nicovideo.jp/watch/sm31314079","https://www.youtube.com/watch?v=grdy6rLbQ-c","0","","2026-09-30","13","1","已汇总第1–930期","链接未收录不等于没有官方投稿"
"nico:sm25034487","クラブ＝マジェスティ","nyanyannya（大天才P）","镜音连","2014-12-03","https://www.nicovideo.jp/watch/sm25034487","","0","","2026-09-30","9","10","已汇总第1–930期","链接未收录不等于没有官方投稿"
"nico:sm13304052","十面相","YM","GUMI","2011-01-14","https://www.nicovideo.jp/watch/sm13304052","","0","","2026-09-30","15","4","已汇总第1–930期","链接未收录不等于没有官方投稿"
"nico:sm21638600","背景、夏に溺れる","n-buna","初音未来","2013-08-20","https://www.nicovideo.jp/watch/sm21638600","","0","","2026-09-30","1","5","已汇总第1–930期","链接未收录不等于没有官方投稿"
"nico:sm12875726","からっぽのまにまに","匹诺曹P","初音未来","2010-11-28","https://www.nicovideo.jp/watch/sm12875726","https://www.youtube.com/watch?v=uAb7d7V7GMw","0","","2026-09-30","3","3","已汇总第1–930期","链接未收录不等于没有官方投稿"
"nico:sm1274898","ハジメテノオト（Fullバージョン）","malo","初音未来","2007-10-14","https://www.nicovideo.jp/watch/sm1274898","","0","","2026-09-30","18","2","已汇总第1–930期","链接未收录不等于没有官方投稿"
"nico:sm10933505","Just a game","takamatt","GUMI","2010-06-03","https://www.nicovideo.jp/watch/sm10933505","","0","","2026-09-30","3","4","已汇总第1–930期","链接未收录不等于没有官方投稿"
"nico:sm38767428","ナミダ","MARETU","初音未来","2021-05-21","https://www.nicovideo.jp/watch/sm38767428","https://www.youtube.com/watch?v=cDeJQZKEEQo","0","","2026-09-30","2","1","已汇总第1–930期","链接未收录不等于没有官方投稿"
"nico:sm42147038","バベル","いよわ","重音 Teto","2023-04-29","https://www.nicovideo.jp/watch/sm42147038","https://www.youtube.com/watch?v=zSKwxQqrac0","3","4","2026-09-30","3","2","已汇总第1–930期","链接未收录不等于没有官方投稿"
"nico:sm43773753","（ム）責任集合体","マサラダ","重音 Teto","2024-05-11","https://www.nicovideo.jp/watch/sm43773753","https://www.youtube.com/watch?v=c5_0NPftdlY","16","3","2026-09-30","8","2","已汇总第1–930期","链接未收录不等于没有官方投稿"
"nico:sm32787097","愛があれば。","カンザキイオリ","镜音铃","2017-12-10","https://www.nicovideo.jp/watch/sm32787097","https://www.youtube.com/watch?v=ytzJmoLqifU","0","","2026-09-30","1","29","已汇总第1–930期","链接未收录不等于没有官方投稿"
"nico:sm32499603","失想ワアド","じん(自然の敵P)","初音未来","2017-12-29","https://www.nicovideo.jp/watch/sm32499603","","0","","2026-09-30","7","1","已汇总第1–930期","链接未收录不等于没有官方投稿"
"nico:sm36685972","セカイはまだ始まってすらいない","匹诺曹P","初音未来","2020-04-17","https://www.nicovideo.jp/watch/sm36685972","https://www.youtube.com/watch?v=1s8NNPgdl5g","0","","2026-09-30","4","5","已汇总第1–930期","链接未收录不等于没有官方投稿"
"nico:nm13359285","ストロボラスト","椎名もた(ぽわぽわP)","初音未来","2011-01-20","https://www.nicovideo.jp/watch/nm13359285","","0","","2026-09-30","3","4","已汇总第1–930期","链接未收录不等于没有官方投稿"
"nico:sm11884641","リリリリ★バーニングナイト","samfree","Lily","2010-08-26","https://www.nicovideo.jp/watch/sm11884641","","0","","2026-09-30","3","2","已汇总第1–930期","链接未收录不等于没有官方投稿"
"nico:sm45241713","いますぐ輪廻","なきそ","初音未来","2025-08-01","https://www.nicovideo.jp/watch/sm45241713","https://www.youtube.com/watch?v=3iUgKH8c7p4","51","1","2026-09-30","7","1","已汇总第1–930期","链接未收录不等于没有官方投稿"
"nico:sm25645403","劇場愛歌","n-buna","miki","2015-02-23","https://www.nicovideo.jp/watch/sm25645403","","0","","2026-09-30","3","2","已汇总第1–930期","链接未收录不等于没有官方投稿"
"nico:sm17611572","チェックメイト","ゆちゃP","GUMI","2012-04-22","https://www.nicovideo.jp/watch/sm17611572","https://www.youtube.com/watch?v=3f3HrNOsQqQ","0","","2026-09-30","6","3","已汇总第1–930期","链接未收录不等于没有官方投稿"
"nico:sm12154467","アンチクロロベンゼン","オワタP","镜音铃","2010-09-19","https://www.nicovideo.jp/watch/sm12154467","https://www.youtube.com/watch?v=qaQvtckEJB0","0","","2026-09-30","6","1","已汇总第1–930期","链接未收录不等于没有官方投稿"
"nico:sm21737751","サマータイムレコード","じん(自然の敵P)","IA","2013-09-02","https://www.nicovideo.jp/watch/sm21737751","","0","","2026-09-30","41","1","已汇总第1–930期","链接未收录不等于没有官方投稿"
"nico:sm29425003","シンクロナイザー","Orangestar","初音未来","2016-08-11","https://www.nicovideo.jp/watch/sm29425003","https://www.youtube.com/watch?v=gCxvFRuk4Xg","0","","2026-09-30","2","3","已汇总第1–930期","链接未收录不等于没有官方投稿"
"nico:sm40354298","可不ちゃんのカレーうどん狂騒曲","南ノ南","东北豆包|可不","2022-04-23","https://www.nicovideo.jp/watch/sm40354298","https://www.youtube.com/watch?v=978nElfOkL8","2","7","2026-09-30","1","4","已汇总第1–930期","链接未收录不等于没有官方投稿"
"nico:sm30301328","ドクハク","MARETU","初音未来","2016-12-27","https://www.nicovideo.jp/watch/sm30301328","https://www.youtube.com/watch?v=nCO9j_L894U","0","","2026-09-30","16","2","已汇总第1–930期","链接未收录不等于没有官方投稿"
"nico:sm18783356","再教育","Neru","镜音连|镜音铃","2012-09-02","https://www.nicovideo.jp/watch/sm18783356","https://www.youtube.com/watch?v=xauTD6nRMio","0","","2026-09-30","4","1","已汇总第1–930期","链接未收录不等于没有官方投稿"
"nico:sm33149670","表裏一体","すりぃ","镜音连|镜音铃","2018-05-03","https://www.nicovideo.jp/watch/sm33149670","https://www.youtube.com/watch?v=0dMIsWoWNKc","0","","2026-09-30","14","6","已汇总第1–930期","链接未收录不等于没有官方投稿"
"nico:sm8981824","積み木の人形","wowaka","GUMI|初音未来","2009-12-02","https://www.nicovideo.jp/watch/sm8981824","https://www.youtube.com/watch?v=6nrK6iTVkz4","0","","2026-09-30","3","4","已汇总第1–930期","链接未收录不等于没有官方投稿"
"nico:sm13306896","ドミノ倒シ","すこっぷ","初音未来","2011-01-14","https://www.nicovideo.jp/watch/sm13306896","https://www.youtube.com/watch?v=2D2vcHw-5qc","0","","2026-09-30","3","3","已汇总第1–930期","链接未收录不等于没有官方投稿"
"nico:sm15298030","マッシュルームマザー","匹诺曹P","初音未来","2011-08-13","https://www.nicovideo.jp/watch/sm15298030","https://www.youtube.com/watch?v=pyzgN2DL4fY","0","","2026-09-30","3","2","已汇总第1–930期","链接未收录不等于没有官方投稿"
"nico:sm20766496","sister's noise (FULL)","non","镜音铃","2013-05-03","https://www.nicovideo.jp/watch/sm20766496","","0","","2026-09-30","9","1","已汇总第1–930期","链接未收录不等于没有官方投稿"
"nico:sm20765934","イドラのサーカス","Neru","镜音铃","2013-05-03","https://www.nicovideo.jp/watch/sm20765934","https://www.youtube.com/watch?v=u6lHwB3e-z8","0","","2026-09-30","4","2","已汇总第1–930期","链接未收录不等于没有官方投稿"
"nico:sm8532252","ちょっとアレな曲14 脱げばいいってモンじゃない！ -Full ver.-","デッドボールＰ","初音未来","2009-10-16","https://www.nicovideo.jp/watch/sm8532252","","0","","2026-09-30","5","1","已汇总第1–930期","链接未收录不等于没有官方投稿"
"nico:sm34294264","撥条少女時計","Drop","初音未来","2018-12-09","https://www.nicovideo.jp/watch/sm34294264","https://www.youtube.com/watch?v=sB1e_0jkvE8","0","","2026-09-30","22","1","已汇总第1–930期","链接未收录不等于没有官方投稿"
"nico:sm36594334","potatoになっていく","Neru","镜音连|镜音铃","2020-03-30","https://www.nicovideo.jp/watch/sm36594334","https://www.youtube.com/watch?v=Dun11cIEo9s","0","","2026-09-30","6","2","已汇总第1–930期","链接未收录不等于没有官方投稿"
"nico:sm28694937","踊れオーケストラ","YASUHIRO(康寛)","IA","2016-04-23","https://www.nicovideo.jp/watch/sm28694937","https://www.youtube.com/watch?v=5XcRbKUKSdY","0","","2026-09-30","5","4","已汇总第1–930期","链接未收录不等于没有官方投稿"
"nico:sm33189938","ガランド","ピコン","初音未来","2018-05-11","https://www.nicovideo.jp/watch/sm33189938","","0","","2026-09-30","4","3","已汇总第1–930期","链接未收录不等于没有官方投稿"
"nico:sm11559163","トリノコシティ","40mP","初音未来","2010-07-29","https://www.nicovideo.jp/watch/sm11559163","https://www.youtube.com/watch?v=yIQDGwyJpSo","0","","2026-09-30","7","1","已汇总第1–930期","链接未收录不等于没有官方投稿"
"nico:sm13004628","イッシュのポケモン 言えるのか！","hapi⇒ MazoP 大丈夫Ｐ 黒魔 鬱P 生㌔P","初音未来|重音 Teto","2010-12-12","https://www.nicovideo.jp/watch/sm13004628","","0","","2026-09-30","4","1","已汇总第1–930期","链接未收录不等于没有官方投稿"
"nico:sm33115376","悪魔の踊り方","こんにちは谷田さん","镜音铃","2018-04-27","https://www.nicovideo.jp/watch/sm33115376","","0","","2026-09-30","2","6","已汇总第1–930期","链接未收录不等于没有官方投稿"
"nico:sm30822018","ビースト・ダンス","和田たけあき(くらげP)","音街 Una","2017-03-14","https://www.nicovideo.jp/watch/sm30822018","https://www.youtube.com/watch?v=mH-PbzzRFsg","0","","2026-09-30","7","1","已汇总第1–930期","链接未收录不等于没有官方投稿"
"nico:sm22831329","神のまにまに","れるりり","GUMI|初音未来|镜音铃","2014-02-07","https://www.nicovideo.jp/watch/sm22831329","https://www.youtube.com/watch?v=b2GJcYBoVyg","0","","2026-09-30","5","1","已汇总第1–930期","链接未收录不等于没有官方投稿"
"nico:sm45961898","個々々々々々人","Sohbana","初音未来","2026-02-21","https://www.nicovideo.jp/watch/sm45961898","https://www.youtube.com/watch?v=MJL9LuyX-Bk","14","1","2026-09-30","0","","已汇总第1–930期","链接未收录不等于没有官方投稿"
"nico:sm31825358","君が生きてなくてよかった","匹诺曹P","初音未来","2017-08-28","https://www.nicovideo.jp/watch/sm31825358","https://www.youtube.com/watch?v=Aa3rgnV6WY8","0","","2026-09-30","3","1","已汇总第1–930期","链接未收录不等于没有官方投稿"
"nico:sm20308615","名前のない怪物を歌ってもらった","タカオカミズキ","结月缘","2013-03-11","https://www.nicovideo.jp/watch/sm20308615","","0","","2026-09-30","16","5","已汇总第1–930期","链接未收录不等于没有官方投稿"
"nico:sm29194168","ラプンツェル","n-buna","初音未来","2016-07-06","https://www.nicovideo.jp/watch/sm29194168","https://www.youtube.com/watch?v=1okLHuZUftU","0","","2026-09-30","5","1","已汇总第1–930期","链接未收录不等于没有官方投稿"
"nico:sm13313111","からくり卍ばーすと","ひとしずくP やま△","镜音连|镜音铃","2011-01-15","https://www.nicovideo.jp/watch/sm13313111","https://www.youtube.com/watch?v=LrVh8ken6D4","0","","2026-09-30","4","6","已汇总第1–930期","链接未收录不等于没有官方投稿"
"nico:sm1097445","みくみくにしてあげる♪","ika","初音未来","2007-09-20","https://www.nicovideo.jp/watch/sm1097445","","0","","2026-09-30","126","1","已汇总第1–930期","链接未收录不等于没有官方投稿"
"nico:sm3440324","リグレットメッセージ","mothy(悪ノＰ)","镜音铃","2008-05-25","https://www.nicovideo.jp/watch/sm3440324","https://www.youtube.com/watch?v=7bdSWHkHbec","0","","2026-09-30","2","6","已汇总第1–930期","链接未收录不等于没有官方投稿"
"nico:sm24892241","夜明けと蛍","n-buna","初音未来","2014-11-11","https://www.nicovideo.jp/watch/sm24892241","https://www.youtube.com/watch?v=EpFxTXgElLA","0","","2026-09-30","130","1","已汇总第1–930期","链接未收录不等于没有官方投稿"
"nico:sm30376326","スターナイトスノウ","n-buna Orangestar","初音未来","2017-01-06","https://www.nicovideo.jp/watch/sm30376326","","0","","2026-09-30","14","1","已汇总第1–930期","链接未收录不等于没有官方投稿"
"nico:sm32209048","再演","RINGO","GUMI|音街 Una","2017-11-03","https://www.nicovideo.jp/watch/sm32209048","","0","","2026-09-30","3","3","已汇总第1–930期","链接未收录不等于没有官方投稿"
"nico:sm1924663","ぶっちぎりにしてあげる♪","ぶっちぎりP","镜音铃","2008-01-01","https://www.nicovideo.jp/watch/sm1924663","","0","","2026-09-30","3","1","已汇总第1–930期","链接未收录不等于没有官方投稿"
"nico:sm17072889","ジッタードール","niki","Lily","2012-02-25","https://www.nicovideo.jp/watch/sm17072889","https://www.youtube.com/watch?v=tHYDGMt15dE","0","","2026-09-30","3","10","已汇总第1–930期","链接未收录不等于没有官方投稿"
"nico:sm25658559","だんだん早くなる","40mP","初音未来","2015-02-25","https://www.nicovideo.jp/watch/sm25658559","https://www.youtube.com/watch?v=ggkRMKbb89A","0","","2026-09-30","13","1","已汇总第1–930期","链接未收录不等于没有官方投稿"
"nico:sm30395468","エル・タンゴ・エゴイスタ","nyanyannya（大天才P）","KAITO|巡音流歌","2017-01-09","https://www.nicovideo.jp/watch/sm30395468","","0","","2026-09-30","5","3","已汇总第1–930期","链接未收录不等于没有官方投稿"
"nico:sm6328922","悪食娘コンチータ","mothy(悪ノＰ)","MEIKO|镜音连|镜音铃","2009-03-04","https://www.nicovideo.jp/watch/sm6328922","https://www.youtube.com/watch?v=8QMWmr2mFKk","0","","2026-09-30","6","3","已汇总第1–930期","链接未收录不等于没有官方投稿"
"nico:sm32220654","厭世輪舞曲","YASUHIRO(康寛)","镜音铃","2017-11-05","https://www.nicovideo.jp/watch/sm32220654","https://www.youtube.com/watch?v=GXlwLvcQ8BI","0","","2026-09-30","19","1","已汇总第1–930期","链接未收录不等于没有官方投稿"
"nico:sm21986543","DECO*27 - 愛言葉Ⅱ","DECO*27","初音未来","2013-10-08","https://www.nicovideo.jp/watch/sm21986543","https://www.youtube.com/watch?v=KgpROErtiBY","0","","2026-09-30","7","1","已汇总第1–930期","链接未收录不等于没有官方投稿"
"nico:sm23229863","被害妄想携帯女子（笑）","Giga","GUMI","2014-04-01","https://www.nicovideo.jp/watch/sm23229863","","0","","2026-09-30","3","2","已汇总第1–930期","链接未收录不等于没有官方投稿"
"nico:sm20286605","ハウトゥー世界征服","Neru","镜音连|镜音铃","2013-03-09","https://www.nicovideo.jp/watch/sm20286605","https://www.youtube.com/watch?v=HdC2cB_DZok","0","","2026-09-30","11","2","已汇总第1–930期","链接未收录不等于没有官方投稿"
"nico:sm26758712","無人駅","n-buna","miki","2015-07-21","https://www.nicovideo.jp/watch/sm26758712","https://www.youtube.com/watch?v=G8PFPUCNOg4","0","","2026-09-30","2","2","已汇总第1–930期","链接未收录不等于没有官方投稿"
"nico:sm37944844","1000年生きてる","いよわ","初音未来","2020-12-11","https://www.nicovideo.jp/watch/sm37944844","https://www.youtube.com/watch?v=3em-J9yYPAo","21","11","2026-09-30","1","7","已汇总第1–930期","链接未收录不等于没有官方投稿"
"nico:sm33974546","紗痲","煮ル果実","flower","2018-10-08","https://www.nicovideo.jp/watch/sm33974546","https://www.youtube.com/watch?v=tQWMArNo9F0","0","","2026-09-30","2","12","已汇总第1–930期","链接未收录不等于没有官方投稿"
"nico:sm40881707","QUEEN","Kanaria","GUMI","2022-08-06","https://www.nicovideo.jp/watch/sm40881707","https://www.youtube.com/watch?v=KFCaSz_yYCM","7","6","2026-09-30","6","1","已汇总第1–930期","链接未收录不等于没有官方投稿"
"nico:sm23699554","テロル","Neru","镜音铃","2014-06-03","https://www.nicovideo.jp/watch/sm23699554","https://www.youtube.com/watch?v=rePFEUu7YZs","0","","2026-09-30","4","1","已汇总第1–930期","链接未收录不等于没有官方投稿"
"nico:sm33454146","スロウダウナー","ろくろ","GUMI|初音未来","2018-07-01","https://www.nicovideo.jp/watch/sm33454146","https://www.youtube.com/watch?v=ZMj07n9PDxk","0","","2026-09-30","14","7","已汇总第1–930期","链接未收录不等于没有官方投稿"
"nico:sm39082282","ぴんく","MARETU","初音未来","2021-07-25","https://www.nicovideo.jp/watch/sm39082282","https://www.youtube.com/watch?v=ttEOHrHeh5I","0","","2026-09-30","2","2","已汇总第1–930期","链接未收录不等于没有官方投稿"
"nico:sm42210134","バカ通信","のすけ","知声","2023-05-12","https://www.nicovideo.jp/watch/sm42210134","https://www.youtube.com/watch?v=pRjWRV1Bhfs","2","3","2026-09-30","3","2","已汇总第1–930期","链接未收录不等于没有官方投稿"
"nico:sm5992615","RIP=RELEASE","minato","巡音流歌","2009-01-30","https://www.nicovideo.jp/watch/sm5992615","","0","","2026-09-30","10","1","已汇总第1–930期","链接未收录不等于没有官方投稿"
"nico:sm42574301","おどロボ","海茶","东北豆包","2023-08-04","https://www.nicovideo.jp/watch/sm42574301","https://www.youtube.com/watch?v=D_UC0WJmLnc","4","2","2026-09-30","3","1","已汇总第1–930期","链接未收录不等于没有官方投稿"
"nico:sm37583954","さよならジャックポット","いよわ","flower|初音未来","2020-09-27","https://www.nicovideo.jp/watch/sm37583954","https://www.youtube.com/watch?v=xym6yLUncNY","0","","2026-09-30","0","","已汇总第1–930期","链接未收录不等于没有官方投稿"
"nico:sm32025594","君の神様になりたい。","カンザキイオリ","初音未来","2017-10-01","https://www.nicovideo.jp/watch/sm32025594","https://www.youtube.com/watch?v=X5kQR92kYn0","0","","2026-09-30","2","22","已汇总第1–930期","链接未收录不等于没有官方投稿"
"nico:sm3945173","驫麤～とりぷるばか～","ラマーズP","初音未来|重音 Teto","2008-07-13","https://www.nicovideo.jp/watch/sm3945173","","0","","2026-09-30","3","14","已汇总第1–930期","链接未收录不等于没有官方投稿"
"nico:sm6793193","ハイセンスナンセンス","園山モル(MOL.)","初音未来","2009-04-19","https://www.nicovideo.jp/watch/sm6793193","","0","","2026-09-30","3","2","已汇总第1–930期","链接未收录不等于没有官方投稿"
"nico:sm42983761","のだ","大漠波新","东北豆包|初音未来|重音 Teto","2023-11-06","https://www.nicovideo.jp/watch/sm42983761","https://www.youtube.com/watch?v=vY8iwpN3GXQ","38","2","2026-09-30","5","1","已汇总第1–930期","链接未收录不等于没有官方投稿"
"nico:sm21360174","KAITO v3","黑兔P","KAITO","2013-07-15","https://www.nicovideo.jp/watch/sm21360174","","0","","2026-09-30","4","1","已汇总第1–930期","链接未收录不等于没有官方投稿"
"nico:sm28576299","エイリアンエイリアン","ナユタン星人","初音未来","2016-04-05","https://www.nicovideo.jp/watch/sm28576299","https://www.youtube.com/watch?v=2t1NMRse6aI","0","","2026-09-30","146","1","已汇总第1–930期","链接未收录不等于没有官方投稿"
"nico:sm6179041","朝焼け、君の唄。","ナノウ(ほえほえP)","初音未来","2009-02-17","https://www.nicovideo.jp/watch/sm6179041","","0","","2026-09-30","2","8","已汇总第1–930期","链接未收录不等于没有官方投稿"
"nico:sm17103353","My Colorful Confuse","家の裏でマンボウが死んでるP","GUMI","2012-02-28","https://www.nicovideo.jp/watch/sm17103353","","0","","2026-09-30","3","1","已汇总第1–930期","链接未收录不等于没有官方投稿"
"nico:sm27833019","時ノ雨、最終戦争","Orangestar","IA","2015-12-20","https://www.nicovideo.jp/watch/sm27833019","https://www.youtube.com/watch?v=Qv_c0PO0cDQ","0","","2026-09-30","6","2","已汇总第1–930期","链接未收录不等于没有官方投稿"
"nico:sm20503793","それがあなたの幸せとしても","Heavenz","巡音流歌","2013-04-02","https://www.nicovideo.jp/watch/sm20503793","","0","","2026-09-30","2","6","已汇总第1–930期","链接未收录不等于没有官方投稿"
"nico:sm25950409","CITRUS","Orangestar","IA|ONE","2015-04-04","https://www.nicovideo.jp/watch/sm25950409","https://www.youtube.com/watch?v=t8JXBtezzOc","0","","2026-09-30","5","2","已汇总第1–930期","链接未收录不等于没有官方投稿"
"nico:sm11519178","ヴェノマニア公の狂気","mothy(悪ノＰ)","神威 Gakupo","2010-07-26","https://www.nicovideo.jp/watch/sm11519178","https://www.youtube.com/watch?v=zz4b7bBZ1N8","0","","2026-09-30","5","1","已汇总第1–930期","链接未收录不等于没有官方投稿"
"nico:sm26848673","ロケットサイダー","ナユタン星人","初音未来","2015-08-04","https://www.nicovideo.jp/watch/sm26848673","https://www.youtube.com/watch?v=3x9_LpnRtAk","0","","2026-09-30","5","5","已汇总第1–930期","链接未收录不等于没有官方投稿"
"nico:sm37928776","ラブカ？","柊キライ","flower","2020-12-11","https://www.nicovideo.jp/watch/sm37928776","https://www.youtube.com/watch?v=1Esz9ONM9X8","0","","2026-09-30","3","2","已汇总第1–930期","链接未收录不等于没有官方投稿"
"nico:sm36898361","Henceforth","Orangestar","IA","2020-05-21","https://www.nicovideo.jp/watch/sm36898361","https://www.youtube.com/watch?v=L13gCEZJVRU","0","","2026-09-30","3","2","已汇总第1–930期","链接未收录不等于没有官方投稿"
"nico:sm4778814","よっこらせっくす","アゴアニキP","初音未来|镜音连|镜音铃","2008-09-29","https://www.nicovideo.jp/watch/sm4778814","https://www.youtube.com/watch?v=b2Vki2aH3dQ","0","","2026-09-30","9","2","已汇总第1–930期","链接未收录不等于没有官方投稿"
"nico:sm15085899","物をぱらぱら壊す","Kikuo","初音未来","2011-07-22","https://www.nicovideo.jp/watch/sm15085899","","0","","2026-09-30","2","8","已汇总第1–930期","链接未收录不等于没有官方投稿"
"nico:sm39472054","パメラ","バルーン","flower","2021-10-15","https://www.nicovideo.jp/watch/sm39472054","https://www.youtube.com/watch?v=-DvNu0Y-81g","0","","2026-09-30","6","1","已汇总第1–930期","链接未收录不等于没有官方投稿"
"nico:sm35190423","MONSTER","KIRA(Yusukekira)","GUMI","2017-09-25","https://www.nicovideo.jp/watch/sm35190423","https://www.youtube.com/watch?v=HNIypYrVlkA","0","","2026-09-30","2","24","已汇总第1–930期","链接未收录不等于没有官方投稿"
"nico:sm33965071","DECO*27 - 愛言葉Ⅲ","DECO*27","初音未来","2018-10-08","https://www.nicovideo.jp/watch/sm33965071","https://www.youtube.com/watch?v=WptXk39wiIQ","0","","2026-09-30","11","1","已汇总第1–930期","链接未收录不等于没有官方投稿"
"nico:sm20116702","夜咄ディセイブ","じん(自然の敵P)","IA","2013-02-17","https://www.nicovideo.jp/watch/sm20116702","","0","","2026-09-30","29","2","已汇总第1–930期","链接未收录不等于没有官方投稿"
"nico:sm26661454","アイラ","n-buna","GUMI","2015-07-08","https://www.nicovideo.jp/watch/sm26661454","https://www.youtube.com/watch?v=ihgrM14jrFY","0","","2026-09-30","44","2","已汇总第1–930期","链接未收录不等于没有官方投稿"
"nico:sm39475592","らくらく安楽死","ぺぽよ","VY1|初音未来","2021-10-14","https://www.nicovideo.jp/watch/sm39475592","https://www.youtube.com/watch?v=buZVYkIt2TQ","1","9","2026-09-30","0","","已汇总第1–930期","链接未收录不等于没有官方投稿"
"nico:sm35513173","DECO*27 - サイコグラム","DECO*27","初音未来","2019-08-09","https://www.nicovideo.jp/watch/sm35513173","https://www.youtube.com/watch?v=VE4wegMHIMk","0","","2026-09-30","2","3","已汇总第1–930期","链接未收录不等于没有官方投稿"
"nico:sm20973557","トキヲ・ファンカ","takamatt","GUMI","2013-05-27","https://www.nicovideo.jp/watch/sm20973557","https://www.youtube.com/watch?v=bcLYdxMusHc","0","","2026-09-30","2","4","已汇总第1–930期","链接未收录不等于没有官方投稿"
"nico:sm16151841","繰り返し一粒（鏡音リン版）","猫虫P","镜音铃","2011-11-12","https://www.nicovideo.jp/watch/sm16151841","","0","","2026-09-30","4","5","已汇总第1–930期","链接未收录不等于没有官方投稿"
"nico:sm32866776","ハグ","カンザキイオリ","初音未来","2018-03-11","https://www.nicovideo.jp/watch/sm32866776","https://www.youtube.com/watch?v=Veu13ajugPc","0","","2026-09-30","1","20","已汇总第1–930期","链接未收录不等于没有官方投稿"
"nico:sm27758211","ストラトステラ","ナユタン星人","初音未来","2015-12-09","https://www.nicovideo.jp/watch/sm27758211","https://www.youtube.com/watch?v=nyOrgo8JkyA","0","","2026-09-30","2","6","已汇总第1–930期","链接未收录不等于没有官方投稿"
"nico:sm24555945","金曜日のおはよう-another story-","HoneyWorks","初音未来","2014-09-26","https://www.nicovideo.jp/watch/sm24555945","https://www.youtube.com/watch?v=B3PrWmrxJzk","0","","2026-09-30","5","1","已汇总第1–930期","链接未收录不等于没有官方投稿"
"nico:sm40346131","ミザン","バルーン","flower|歌爱雪","2022-04-22","https://www.nicovideo.jp/watch/sm40346131","","0","","2026-09-30","2","8","已汇总第1–930期","链接未收录不等于没有官方投稿"
"nico:sm27175422","うまれるまえは","MARETU","初音未来","2015-09-17","https://www.nicovideo.jp/watch/sm27175422","https://www.youtube.com/watch?v=a-zpnWrRtE0","0","","2026-09-30","1","9","已汇总第1–930期","链接未收录不等于没有官方投稿"
"nico:sm39919568","にっこり^^調査隊のテーマ","じーざすP","镜音连|镜音铃","2022-01-19","https://www.nicovideo.jp/watch/sm39919568","https://www.youtube.com/watch?v=C_Fc1x_aeFQ","0","","2026-09-30","2","1","已汇总第1–930期","链接未收录不等于没有官方投稿"
"nico:sm11209477","glow","keeno","初音未来","2010-06-28","https://www.nicovideo.jp/watch/sm11209477","","0","","2026-09-30","5","2","已汇总第1–930期","链接未收录不等于没有官方投稿"
"nico:sm9189786","君の体温","クワガタP","初音未来","2009-12-25","https://www.nicovideo.jp/watch/sm9189786","https://www.youtube.com/watch?v=t0PtXau1vjg","0","","2026-09-30","2","2","已汇总第1–930期","链接未收录不等于没有官方投稿"
"nico:sm3718300","StargazeR","骨盤P","初音未来","2008-06-21","https://www.nicovideo.jp/watch/sm3718300","https://www.youtube.com/watch?v=zBNWup41idY","0","","2026-09-30","2","6","已汇总第1–930期","链接未收录不等于没有官方投稿"
"nico:sm18991041","竹取オーバーナイトセンセーション","HoneyWorks","镜音连|镜音铃","2012-09-28","https://www.nicovideo.jp/watch/sm18991041","https://www.youtube.com/watch?v=GDwe44pTV-Q","0","","2026-09-30","3","3","已汇总第1–930期","链接未收录不等于没有官方投稿"
"nico:sm13452778","神曲","おにゅう","初音未来","2011-01-30","https://www.nicovideo.jp/watch/sm13452778","","0","","2026-09-30","6","1","已汇总第1–930期","链接未收录不等于没有官方投稿"
"nico:sm30062739","いつだってHappyDay！","バカッパの証","初音未来","2016-11-17","https://www.nicovideo.jp/watch/sm30062739","","0","","2026-09-30","13","1","已汇总第1–930期","链接未收录不等于没有官方投稿"
"nico:sm30194224","レトロマニア狂想曲","PolyphonicBranch","镜音连|镜音铃","2016-12-09","https://www.nicovideo.jp/watch/sm30194224","https://www.youtube.com/watch?v=amHYeH2HkUU","0","","2026-09-30","3","6","已汇总第1–930期","链接未收录不等于没有官方投稿"
"nico:sm19017774","愛惜ヒエラルキ","shr","镜音连","2012-09-30","https://www.nicovideo.jp/watch/sm19017774","","0","","2026-09-30","16","5","已汇总第1–930期","链接未收录不等于没有官方投稿"
"nico:sm8590504","ずれていく","wowaka","初音未来","2009-10-23","https://www.nicovideo.jp/watch/sm8590504","https://www.youtube.com/watch?v=e5JjR7XVtEo","0","","2026-09-30","3","2","已汇总第1–930期","链接未收录不等于没有官方投稿"
"nico:sm31477166","ニア","夏代孝明","初音未来","2017-06-29","https://www.nicovideo.jp/watch/sm31477166","","0","","2026-09-30","5","1","已汇总第1–930期","链接未收录不等于没有官方投稿"
"nico:sm18897678","夕暮れ蝉日記","まふまふ","IA","2012-09-16","https://www.nicovideo.jp/watch/sm18897678","","0","","2026-09-30","3","3","已汇总第1–930期","链接未收录不等于没有官方投稿"
"nico:sm33430841","ケセラリズム","ユリイ・カノン","GUMI","2018-06-27","https://www.nicovideo.jp/watch/sm33430841","https://www.youtube.com/watch?v=cNvsug-S38Y","0","","2026-09-30","3","2","已汇总第1–930期","链接未收录不等于没有官方投稿"
"nico:sm17754841","マダラカルト","トーマ","GUMI","2012-05-06","https://www.nicovideo.jp/watch/sm17754841","","0","","2026-09-30","3","3","已汇总第1–930期","链接未收录不等于没有官方投稿"
"nico:sm17910036","アイロニ","すこっぷ","初音未来","2012-05-24","https://www.nicovideo.jp/watch/sm17910036","https://www.youtube.com/watch?v=clPjNKWe6N0","0","","2026-09-30","4","2","已汇总第1–930期","链接未收录不等于没有官方投稿"
"nico:sm40355503","絶対敵対メチャキライヤー - ミクと可不","メドミア","初音未来|可不","2022-04-23","https://www.nicovideo.jp/watch/sm40355503","https://www.youtube.com/watch?v=kGDWVV_1do4","0","","2026-09-30","1","9","已汇总第1–930期","链接未收录不等于没有官方投稿"
"nico:sm21259575","オツキミリサイタル","じん(自然の敵P)","IA","2013-07-02","https://www.nicovideo.jp/watch/sm21259575","","0","","2026-09-30","9","1","已汇总第1–930期","链接未收录不等于没有官方投稿"
"nico:sm31192903","はやくそれになりたい！","キノシタ","音街 Una","2017-05-11","https://www.nicovideo.jp/watch/sm31192903","","0","","2026-09-30","48","2","已汇总第1–930期","链接未收录不等于没有官方投稿"
"nico:sm32012728","ダーリン","MARETU","初音未来","2017-09-29","https://www.nicovideo.jp/watch/sm32012728","https://www.youtube.com/watch?v=YFg48Ai1SSo","0","","2026-09-30","8","1","已汇总第1–930期","链接未收录不等于没有官方投稿"
"nico:sm22307037","クライヤ","すこっぷ","初音未来","2013-11-22","https://www.nicovideo.jp/watch/sm22307037","https://www.youtube.com/watch?v=cPVD9tdxS0I","0","","2026-09-30","3","2","已汇总第1–930期","链接未收录不等于没有官方投稿"
"nico:sm31592413","スーサイドパレヱド","ユリイ・カノン","GUMI","2017-07-18","https://www.nicovideo.jp/watch/sm31592413","https://www.youtube.com/watch?v=7awIdGqyr40","0","","2026-09-30","5","2","已汇总第1–930期","链接未收录不等于没有官方投稿"
"nico:sm33854807","アディショナルメモリー","じん(自然の敵P)","初音未来","2018-09-14","https://www.nicovideo.jp/watch/sm33854807","","0","","2026-09-30","14","1","已汇总第1–930期","链接未收录不等于没有官方投稿"
"nico:sm19697286","延命治療","Neru","IA","2012-12-28","https://www.nicovideo.jp/watch/sm19697286","https://www.youtube.com/watch?v=8OpCkHWnSrA","0","","2026-09-30","3","2","已汇总第1–930期","链接未收录不等于没有官方投稿"
"nico:sm21513190","夕景イエスタデイ","じん(自然の敵P)","IA","2013-08-04","https://www.nicovideo.jp/watch/sm21513190","","0","","2026-09-30","8","1","已汇总第1–930期","链接未收录不等于没有官方投稿"
"nico:sm20331479","しんでしまうとはなさけない！","ワンダフル☆オポチュニティ！","镜音连|镜音铃","2013-03-14","https://www.nicovideo.jp/watch/sm20331479","","0","","2026-09-30","5","3","已汇总第1–930期","链接未收录不等于没有官方投稿"
"nico:sm19307778","てんしょう しょうてんしょう","Kikuo","初音未来","2012-11-08","https://www.nicovideo.jp/watch/sm19307778","","0","","2026-09-30","3","4","已汇总第1–930期","链接未收录不等于没有官方投稿"
"nico:sm41943266","新人類","まらしぃ×じん×堀江晶太(kemu)","镜音铃","2023-03-19","https://www.nicovideo.jp/watch/sm41943266","","12","1","2026-09-30","4","1","已汇总第1–930期","链接未收录不等于没有官方投稿"
"nico:sm6074567","火葬曲","No.D","初音未来","2009-02-07","https://www.nicovideo.jp/watch/sm6074567","","0","","2026-09-30","3","4","已汇总第1–930期","链接未收录不等于没有官方投稿"
"nico:sm10544006","ARiA","とくP","初音未来","2010-04-29","https://www.nicovideo.jp/watch/sm10544006","","0","","2026-09-30","6","1","已汇总第1–930期","链接未收录不等于没有官方投稿"
"nico:sm34535947","あなたの夜が明けるまで","傘村トータ","IA","2019-01-27","https://www.nicovideo.jp/watch/sm34535947","https://www.youtube.com/watch?v=xfR0iTh8PSI","0","","2026-09-30","1","29","已汇总第1–930期","链接未收录不等于没有官方投稿"
"nico:sm39746081","アプリコット","いよわ","初音未来","2021-12-12","https://www.nicovideo.jp/watch/sm39746081","https://www.youtube.com/watch?v=_uMDEIPgmFI","0","","2026-09-30","1","3","已汇总第1–930期","链接未收录不等于没有官方投稿"
"nico:sm25943367","さようなら、花泥棒さん","メル","初音未来","2015-04-03","https://www.nicovideo.jp/watch/sm25943367","","0","","2026-09-30","2","15","已汇总第1–930期","链接未收录不等于没有官方投稿"
"nico:sm28714955","このピアノでお前を8759632145回ぶん殴る","SLAVE.V-V-R","猫村 Iroha","2016-04-26","https://www.nicovideo.jp/watch/sm28714955","","0","","2026-09-30","6","3","已汇总第1–930期","链接未收录不等于没有官方投稿"
"nico:sm10187442","はやぶさ","SHO（キセノンP）","初音未来","2010-03-28","https://www.nicovideo.jp/watch/sm10187442","","0","","2026-09-30","3","1","已汇总第1–930期","链接未收录不等于没有官方投稿"
"nico:sm16973327","二次元ドリームフィーバー","PolyphonicBranch","初音未来","2012-02-14","https://www.nicovideo.jp/watch/sm16973327","https://www.youtube.com/watch?v=o8l0SC84AVc","0","","2026-09-30","4","1","已汇总第1–930期","链接未收录不等于没有官方投稿"
"nico:sm5990158","巡姫舞踊曲","No.D","巡音流歌","2009-01-30","https://www.nicovideo.jp/watch/sm5990158","","0","","2026-09-30","4","5","已汇总第1–930期","链接未收录不等于没有官方投稿"
"nico:sm30788596","帝国少女","R Sound Design","初音未来","2017-03-09","https://www.nicovideo.jp/watch/sm30788596","https://www.youtube.com/watch?v=hUaVxNUCbc4","0","","2026-09-30","21","2","已汇总第1–930期","链接未收录不等于没有官方投稿"
"nico:sm16179659","月・影・舞・華","銀河方面P＠神野貴志","初音未来","2011-11-15","https://www.nicovideo.jp/watch/sm16179659","","0","","2026-09-30","1","4","已汇总第1–930期","链接未收录不等于没有官方投稿"
"nico:sm9205429","Unfragment","鼻そうめんＰ","初音未来","2009-12-26","https://www.nicovideo.jp/watch/sm9205429","","0","","2026-09-30","5","1","已汇总第1–930期","链接未收录不等于没有官方投稿"
"nico:sm13664704","僕をそんな目で見ないで","Kikuo","初音未来","2011-02-21","https://www.nicovideo.jp/watch/sm13664704","","0","","2026-09-30","3","3","已汇总第1–930期","链接未收录不等于没有官方投稿"
"nico:sm19028880","週刊少年バイバイ","匹诺曹P","初音未来","2012-10-02","https://www.nicovideo.jp/watch/sm19028880","https://www.youtube.com/watch?v=Wbmaphf-kJ8","0","","2026-09-30","2","2","已汇总第1–930期","链接未收录不等于没有官方投稿"
"nico:sm33477835","リコレクションエンドロウル - miku [オリジナル]","ツミキ","初音未来","2018-07-07","https://www.nicovideo.jp/watch/sm33477835","","0","","2026-09-30","3","7","已汇总第1–930期","链接未收录不等于没有官方投稿"
"nico:sm7215575","IMITATION BLACK","natsuP(SCL)","KAITO|神威 Gakupo|镜音连","2009-06-01","https://www.nicovideo.jp/watch/sm7215575","","0","","2026-09-30","3","2","已汇总第1–930期","链接未收录不等于没有官方投稿"
"nico:sm13944678","FLOWER TAIL","yuukiss","KAITO|flower","2011-03-24","https://www.nicovideo.jp/watch/sm13944678","","0","","2026-09-30","2","1","已汇总第1–930期","链接未收录不等于没有官方投稿"
"nico:sm33480697","グリーンライツ・セレナーデ","Omoi","初音未来","2018-07-06","https://www.nicovideo.jp/watch/sm33480697","https://www.youtube.com/watch?v=XSLhsjepelI","0","","2026-09-30","32","1","已汇总第1–930期","链接未收录不等于没有官方投稿"
"nico:sm22783517","DECO*27 - 毒占欲","DECO*27","初音未来","2014-01-31","https://www.nicovideo.jp/watch/sm22783517","https://www.youtube.com/watch?v=3bEikMqDd3M","0","","2026-09-30","7","1","已汇总第1–930期","链接未收录不等于没有官方投稿"
"nico:sm41188413","おくすり飲んで寝よう","もちうつね","初音未来","2022-10-07","https://www.nicovideo.jp/watch/sm41188413","https://www.youtube.com/watch?v=GWAtnzcbfFQ","0","","2026-09-30","2","5","已汇总第1–930期","链接未收录不等于没有官方投稿"
"nico:sm1085336","あなたの歌姫","azuma","初音未来","2007-09-18","https://www.nicovideo.jp/watch/sm1085336","","0","","2026-09-30","7","10","已汇总第1–930期","链接未收录不等于没有官方投稿"
"nico:sm39336579","シャンティ","wotaku","KAITO","2021-09-17","https://www.nicovideo.jp/watch/sm39336579","https://www.youtube.com/watch?v=POy0RvJeaqM","1","16","2026-09-30","3","3","已汇总第1–930期","链接未收录不等于没有官方投稿"
"nico:sm45313702","幕を下ろそう、パレードへ","海茶","琴葉茜|琴葉葵","2025-08-23","https://www.nicovideo.jp/watch/sm45313702","","7","2","2026-09-30","5","1","已汇总第1–930期","链接未收录不等于没有官方投稿"
"nico:sm15484827","PONPONPON Full ver.","ギガP おればななP","镜音连","2011-09-01","https://www.nicovideo.jp/watch/sm15484827","","0","","2026-09-30","11","5","已汇总第1–930期","链接未收录不等于没有官方投稿"
"nico:sm8933166","clock lock works","Hachi","初音未来","2009-11-27","https://www.nicovideo.jp/watch/sm8933166","https://www.youtube.com/watch?v=hEyvYm2YRXQ","0","","2026-09-30","7","1","已汇总第1–930期","链接未收录不等于没有官方投稿"
"nico:sm7095753","お姫様は電子音で眠る","Hachi","初音未来","2009-05-20","https://www.nicovideo.jp/watch/sm7095753","","0","","2026-09-30","0","","已汇总第1–930期","链接未收录不等于没有官方投稿"
"nico:sm16773398","心臓デモクラシー","みきとP","初音未来","2012-01-23","https://www.nicovideo.jp/watch/sm16773398","","0","","2026-09-30","2","2","已汇总第1–930期","链接未收录不等于没有官方投稿"
"nico:sm12589203","繰り返し一粒","猫虫P","初音未来","2010-10-30","https://www.nicovideo.jp/watch/sm12589203","","0","","2026-09-30","6","11","已汇总第1–930期","链接未收录不等于没有官方投稿"
"nico:sm39217773","マーシャル・マキシマイザー","柊マグネタイト","可不","2021-08-21","https://www.nicovideo.jp/watch/sm39217773","https://www.youtube.com/watch?v=jMKPYg0uhCI","82","4","2026-09-30","9","2","已汇总第1–930期","链接未收录不等于没有官方投稿"
"nico:sm22110492","虎視眈々","梅とら","GUMI|IA|初音未来|巡音流歌|镜音铃","2013-10-24","https://www.nicovideo.jp/watch/sm22110492","https://www.youtube.com/watch?v=2SBkkwZYc9g","0","","2026-09-30","3","4","已汇总第1–930期","链接未收录不等于没有官方投稿"
"nico:sm16474954","インビジブル","kemu","GUMI|镜音铃","2011-12-20","https://www.nicovideo.jp/watch/sm16474954","https://www.youtube.com/watch?v=vXSpdipuiFs","0","","2026-09-30","26","1","已汇总第1–930期","链接未收录不等于没有官方投稿"
"nico:sm44172719","Summering","じん","初音未来","2024-10-03","https://www.nicovideo.jp/watch/sm44172719","","9","2","2026-09-30","2","2","已汇总第1–930期","链接未收录不等于没有官方投稿"
"nico:sm39608927","ロウワー","ぬゆり","flower","2021-11-11","https://www.nicovideo.jp/watch/sm39608927","https://www.youtube.com/watch?v=3sEptl-psU0","71","4","2026-09-30","12","1","已汇总第1–930期","链接未收录不等于没有官方投稿"
"nico:sm21224193","有頂天ビバーチェ","Last Note．","GUMI","2013-06-28","https://www.nicovideo.jp/watch/sm21224193","","0","","2026-09-30","3","1","已汇总第1–930期","链接未收录不等于没有官方投稿"
"nico:sm40247454","DECO*27 - キメラ","DECO*27","初音未来","2022-04-02","https://www.nicovideo.jp/watch/sm40247454","https://www.youtube.com/watch?v=c6HKcNVbByc","0","","2026-09-30","3","1","已汇总第1–930期","链接未收录不等于没有官方投稿"
"nico:sm15488191","Hello, Worker","KEI","巡音流歌","2011-09-02","https://www.nicovideo.jp/watch/sm15488191","","0","","2026-09-30","5","2","已汇总第1–930期","链接未收录不等于没有官方投稿"
"nico:sm32195871","レミングミング","かいりきベア","flower","2017-11-02","https://www.nicovideo.jp/watch/sm32195871","https://www.youtube.com/watch?v=4oCuGeHWzCo","0","","2026-09-30","5","4","已汇总第1–930期","链接未收录不等于没有官方投稿"
"nico:sm23964020","従属ふりったー","koyori(電ポルP)","初音未来","2014-07-09","https://www.nicovideo.jp/watch/sm23964020","","0","","2026-09-30","3","1","已汇总第1–930期","链接未收录不等于没有官方投稿"
"nico:sm40833850","キッカイケッタイ","メドミア","初音未来|可不","2022-07-31","https://www.nicovideo.jp/watch/sm40833850","https://www.youtube.com/watch?v=ft97RCDnCaY","1","19","2026-09-30","0","","已汇总第1–930期","链接未收录不等于没有官方投稿"
"nico:sm19509983","仇返しシンドローム","まふまふ","IA","2012-12-05","https://www.nicovideo.jp/watch/sm19509983","","0","","2026-09-30","2","2","已汇总第1–930期","链接未收录不等于没有官方投稿"
"nico:sm14991849","クワガタにチョップしたらタイムスリップした","家の裏でマンボウが死んでるP","GUMI","2011-07-11","https://www.nicovideo.jp/watch/sm14991849","","0","","2026-09-30","12","3","已汇总第1–930期","链接未收录不等于没有官方投稿"
"nico:sm40554570","転生林檎","匹诺曹P","初音未来","2022-06-03","https://www.nicovideo.jp/watch/sm40554570","https://www.youtube.com/watch?v=LYWP8HtgeLQ","14","15","2026-09-30","3","1","已汇总第1–930期","链接未收录不等于没有官方投稿"
"nico:sm32338124","お気に召すまま","Eve","初音未来","2017-11-28","https://www.nicovideo.jp/watch/sm32338124","","0","","2026-09-30","6","1","已汇总第1–930期","链接未收录不等于没有官方投稿"
"nico:sm27162599","alternate","keeno","初音未来","2015-09-15","https://www.nicovideo.jp/watch/sm27162599","","0","","2026-09-30","2","1","已汇总第1–930期","链接未收录不等于没有官方投稿"
"nico:sm18382294","Crazy ∞ nighT","ひとしずくP やま△","GUMI|KAITO|MEIKO|初音未来|巡音流歌|神威乐步|镜音连|镜音铃","2012-07-18","https://www.nicovideo.jp/watch/sm18382294","","0","","2026-09-30","7","2","已汇总第1–930期","链接未收录不等于没有官方投稿"
"nico:sm31724270","カンタービレ×パッシオーネ","OSTER_project","初音未来","2017-08-11","https://www.nicovideo.jp/watch/sm31724270","https://www.youtube.com/watch?v=VMsHGGSenxU","0","","2026-09-30","2","5","已汇总第1–930期","链接未收录不等于没有官方投稿"
"nico:sm22001720","いかないで","想太","歌爱雪","2013-10-09","https://www.nicovideo.jp/watch/sm22001720","","0","","2026-09-30","4","4","已汇总第1–930期","链接未收录不等于没有官方投稿"
"nico:sm27993787","ミラーリング","バルーン","初音未来","2016-01-12","https://www.nicovideo.jp/watch/sm27993787","https://www.youtube.com/watch?v=CaR0qyEkX-c","0","","2026-09-30","4","13","已汇总第1–930期","链接未收录不等于没有官方投稿"
"nico:sm45973617","ハーモニー","椎乃味醂","初音未来","2026-02-21","https://www.nicovideo.jp/watch/sm45973617","https://www.youtube.com/watch?v=0lYESBDEGGQ","6","1","2026-09-30","0","","已汇总第1–930期","链接未收录不等于没有官方投稿"
"nico:sm28255984","花瓶に触れた","バルーン","flower","2016-02-23","https://www.nicovideo.jp/watch/sm28255984","https://www.youtube.com/watch?v=1U7KFKO5GPo","0","","2026-09-30","1","10","已汇总第1–930期","链接未收录不等于没有官方投稿"
"nico:sm44661043","テレパシ","DECO*27","初音未来","2025-02-21","https://www.nicovideo.jp/watch/sm44661043","https://www.youtube.com/watch?v=c56TpxfO9q0","36","1","2026-09-30","17","1","已汇总第1–930期","链接未收录不等于没有官方投稿"
"nico:sm15440067","サイバーサンダーサイダー","EZFG","VY1","2011-08-28","https://www.nicovideo.jp/watch/sm15440067","https://www.youtube.com/watch?v=_bll1wAiGFs","1","3","2026-09-30","9","1","已汇总第1–930期","链接未收录不等于没有官方投稿"
"nico:sm38833751","フォニイ","ツミキ","可不","2021-06-05","https://www.nicovideo.jp/watch/sm38833751","https://www.youtube.com/watch?v=9QLT1Aw_45s","128","1","2026-09-30","51","1","已汇总第1–930期","链接未收录不等于没有官方投稿"
"nico:sm31835328","quiet room","有機酸","初音未来","2017-08-30","https://www.nicovideo.jp/watch/sm31835328","","0","","2026-09-30","2","13","已汇总第1–930期","链接未收录不等于没有官方投稿"
"nico:sm13628080","人造エネミー","じん(自然の敵P)","初音未来","2011-02-17","https://www.nicovideo.jp/watch/sm13628080","","0","","2026-09-30","1","27","已汇总第1–930期","链接未收录不等于没有官方投稿"
"nico:sm31680050","命ばっかり","ぬゆり","flower|结月缘","2017-08-04","https://www.nicovideo.jp/watch/sm31680050","https://www.youtube.com/watch?v=YDnZFwlZa1g","0","","2026-09-30","25","3","已汇总第1–930期","链接未收录不等于没有官方投稿"
"nico:sm32258994","ライムライト","栗山夕璃(蜂屋ななし)","GUMI|初音未来","2017-11-12","https://www.nicovideo.jp/watch/sm32258994","","0","","2026-09-30","4","3","已汇总第1–930期","链接未收录不等于没有官方投稿"
"nico:sm6183148","トエト","トラボルタP","巡音流歌","2009-02-17","https://www.nicovideo.jp/watch/sm6183148","","0","","2026-09-30","4","1","已汇总第1–930期","链接未收录不等于没有官方投稿"
"nico:sm41803605","匿名M","匹诺曹P","初音未来","2023-02-17","https://www.nicovideo.jp/watch/sm41803605","https://www.youtube.com/watch?v=yiqEEL7ac6M","13","1","2026-09-30","5","1","已汇总第1–930期","链接未收录不等于没有官方投稿"
"nico:sm22478322","DECO*27 - 愛迷エレジー","DECO*27","初音未来","2013-12-18","https://www.nicovideo.jp/watch/sm22478322","https://www.youtube.com/watch?v=SBKFxcyfdug","0","","2026-09-30","3","1","已汇总第1–930期","链接未收录不等于没有官方投稿"
"nico:sm33485782","MV - 8.32","*Luna","flower","2018-07-07","https://www.nicovideo.jp/watch/sm33485782","","0","","2026-09-30","3","1","已汇总第1–930期","链接未收录不等于没有官方投稿"
"nico:sm14926860","夢喰い白黒バク","Nem","镜音连","2011-07-04","https://www.nicovideo.jp/watch/sm14926860","https://www.youtube.com/watch?v=qHjIfbO-bP8","0","","2026-09-30","4","1","已汇总第1–930期","链接未收录不等于没有官方投稿"
"nico:sm26169133","愛及屋烏","バルーン","flower|初音未来","2015-05-04","https://www.nicovideo.jp/watch/sm26169133","","0","","2026-09-30","1","25","已汇总第1–930期","链接未收录不等于没有官方投稿"
"nico:sm26161338","うみたがり","MARETU","初音未来","2015-05-02","https://www.nicovideo.jp/watch/sm26161338","https://www.youtube.com/watch?v=cqTgOnIMaJM","0","","2026-09-30","2","5","已汇总第1–930期","链接未收录不等于没有官方投稿"
"nico:sm12894209","ポーカーフェイス","ゆちゃP","GUMI","2010-11-29","https://www.nicovideo.jp/watch/sm12894209","https://www.youtube.com/watch?v=n54u3v3wnho","0","","2026-09-30","5","1","已汇总第1–930期","链接未收录不等于没有官方投稿"
"nico:sm13911449","メテオ","じょん","初音未来","2011-03-20","https://www.nicovideo.jp/watch/sm13911449","","0","","2026-09-30","4","2","已汇总第1–930期","链接未收录不等于没有官方投稿"
"nico:sm21647485","高音厨音域テスト","木村わいP","初音未来","2013-08-21","https://www.nicovideo.jp/watch/sm21647485","https://www.youtube.com/watch?v=f91sM4rI76w","0","","2026-09-30","5","8","已汇总第1–930期","链接未收录不等于没有官方投稿"
"nico:sm34699988","Unveiled","ナナホシ管弦楽団","初音未来","2019-02-27","https://www.nicovideo.jp/watch/sm34699988","https://www.youtube.com/watch?v=yUu5WsZChIw","0","","2026-09-30","3","1","已汇总第1–930期","链接未收录不等于没有官方投稿"
"nico:sm39171468","カレシのジュード","syudou","初音未来","2021-08-14","https://www.nicovideo.jp/watch/sm39171468","https://www.youtube.com/watch?v=8r-_K32fsSU","0","","2026-09-30","3","2","已汇总第1–930期","链接未收录不等于没有官方投稿"
"nico:sm7415020","moonlit bear","mothy(悪ノＰ)","初音未来","2009-06-22","https://www.nicovideo.jp/watch/sm7415020","https://www.youtube.com/watch?v=UntYssFE_nE","0","","2026-09-30","2","3","已汇总第1–930期","链接未收录不等于没有官方投稿"
"nico:sm17945847","こちら、幸福安心委員会です。","黑兔P","初音未来","2012-05-28","https://www.nicovideo.jp/watch/sm17945847","","0","","2026-09-30","3","1","已汇总第1–930期","链接未收录不等于没有官方投稿"
"nico:sm37946837","終焉逃避行","柊マグネタイト","初音未来","2020-12-11","https://www.nicovideo.jp/watch/sm37946837","https://www.youtube.com/watch?v=yVi3mhLr0uU","0","","2026-09-30","3","3","已汇总第1–930期","链接未收录不等于没有官方投稿"
"nico:sm30038738","回る空うさぎ","Orangestar","初音未来","2016-11-14","https://www.nicovideo.jp/watch/sm30038738","https://www.youtube.com/watch?v=CLywtSOj4NA","0","","2026-09-30","5","2","已汇总第1–930期","链接未收录不等于没有官方投稿"
"nico:sm38914370","あだぽしゃ","いよわ","初音未来","2021-06-20","https://www.nicovideo.jp/watch/sm38914370","https://www.youtube.com/watch?v=Wr-2xcQkke4","0","","2026-09-30","1","8","已汇总第1–930期","链接未收录不等于没有官方投稿"
"nico:sm2916956","悪ノ娘","mothy(悪ノＰ)","镜音铃","2008-04-06","https://www.nicovideo.jp/watch/sm2916956","https://www.youtube.com/watch?v=W77q-kK8iA8","0","","2026-09-30","6","5","已汇总第1–930期","链接未收录不等于没有官方投稿"
"nico:sm16110005","人生リセットボタン","kemu","GUMI","2011-11-07","https://www.nicovideo.jp/watch/sm16110005","https://www.youtube.com/watch?v=IN3kbST908c","0","","2026-09-30","18","1","已汇总第1–930期","链接未收录不等于没有官方投稿"
"nico:sm6085510","ggrks-ググれカス-","hakusai","巡音流歌|神威 Gakupo","2009-02-08","https://www.nicovideo.jp/watch/sm6085510","","0","","2026-09-30","2","3","已汇总第1–930期","链接未收录不等于没有官方投稿"
"nico:sm17619510","ラブソングを殺さないで","匹诺曹P","初音未来","2012-04-22","https://www.nicovideo.jp/watch/sm17619510","https://www.youtube.com/watch?v=S1w2UR1OVJE","0","","2026-09-30","4","2","已汇总第1–930期","链接未收录不等于没有官方投稿"
"nico:sm12099561","-ERROR","niki","Lily","2010-09-13","https://www.nicovideo.jp/watch/sm12099561","https://www.youtube.com/watch?v=jvoW9lJdirk","0","","2026-09-30","0","","已汇总第1–930期","链接未收录不等于没有官方投稿"
"nico:sm38099931","霽れを待つ","Orangestar","初音未来","2021-01-10","https://www.nicovideo.jp/watch/sm38099931","https://www.youtube.com/watch?v=wvlUWjqGQSA","0","","2026-09-30","3","2","已汇总第1–930期","链接未收录不等于没有官方投稿"
"nico:sm37716686","ジャックポットサッドガール","syudou","初音未来","2020-10-24","https://www.nicovideo.jp/watch/sm37716686","https://www.youtube.com/watch?v=B2llCEKbxwA","0","","2026-09-30","5","1","已汇总第1–930期","链接未收录不等于没有官方投稿"
"nico:sm16812983","ネコミミアーカイブ","糞田舎P","初音未来","2012-01-28","https://www.nicovideo.jp/watch/sm16812983","https://www.youtube.com/watch?v=7GxXhrePnA0","0","","2026-09-30","2","4","已汇总第1–930期","链接未收录不等于没有官方投稿"
"nico:sm1860373","おなかすいたうた","ドンフライP","初音未来","2007-12-25","https://www.nicovideo.jp/watch/sm1860373","","0","","2026-09-30","11","6","已汇总第1–930期","链接未收录不等于没有官方投稿"
"nico:sm39398775","‪","Azari","flower","2021-09-27","https://www.nicovideo.jp/watch/sm39398775","","0","","2026-09-30","2","3","已汇总第1–930期","链接未收录不等于没有官方投稿"
"nico:sm23171530","M.S.S.Phantom","M.S.SProject","初音未来","2014-03-25","https://www.nicovideo.jp/watch/sm23171530","","0","","2026-09-30","3","1","已汇总第1–930期","链接未收录不等于没有官方投稿"
"nico:sm33013085","自由に捕らわれる。","カンザキイオリ","初音未来","2018-04-07","https://www.nicovideo.jp/watch/sm33013085","https://www.youtube.com/watch?v=7LHkz1gs5kI","0","","2026-09-30","2","7","已汇总第1–930期","链接未收录不等于没有官方投稿"
"nico:sm28930143","マエガミスト","MARETU","初音未来","2016-05-27","https://www.nicovideo.jp/watch/sm28930143","https://www.youtube.com/watch?v=jEcjQ6qpEM8","0","","2026-09-30","3","4","已汇总第1–930期","链接未收录不等于没有官方投稿"
"nico:sm30399546","SCREAM","梅とら","GUMI","2017-01-09","https://www.nicovideo.jp/watch/sm30399546","https://www.youtube.com/watch?v=RXOsZ0ZtQWU","0","","2026-09-30","2","17","已汇总第1–930期","链接未收录不等于没有官方投稿"
"nico:sm32852412","flos","R Sound Design","初音未来","2018-03-08","https://www.nicovideo.jp/watch/sm32852412","https://www.youtube.com/watch?v=bUbOc97FpUA","0","","2026-09-30","1","5","已汇总第1–930期","链接未收录不等于没有官方投稿"
"nico:sm42967279","おすしのおしり","asaha","东北切蒲英","2023-11-01","https://www.nicovideo.jp/watch/sm42967279","","0","","2026-09-30","1","5","已汇总第1–930期","链接未收录不等于没有官方投稿"
"nico:sm30701132","スーパーマーケット☆フィーバー","カルロス袴田","初音未来|音街 Una","2017-02-24","https://www.nicovideo.jp/watch/sm30701132","","0","","2026-09-30","5","4","已汇总第1–930期","链接未收录不等于没有官方投稿"
"nico:sm17804161","孤独ノ隠レンボ","150P","IA","2012-05-12","https://www.nicovideo.jp/watch/sm17804161","","0","","2026-09-30","3","5","已汇总第1–930期","链接未收录不等于没有官方投稿"
"nico:sm4153727","Fire◎Flower","halyosy","flower|初音未来|镜音连","2008-08-02","https://www.nicovideo.jp/watch/sm4153727","https://www.youtube.com/watch?v=myEsj-qf73A","0","","2026-09-30","4","10","已汇总第1–930期","链接未收录不等于没有官方投稿"
"nico:sm40227712","ノマド","バルーン","flower","2022-03-28","https://www.nicovideo.jp/watch/sm40227712","https://www.youtube.com/watch?v=mKfwzOgorXs","0","","2026-09-30","2","1","已汇总第1–930期","链接未收录不等于没有官方投稿"
"nico:sm34388038","無限にホメてくれる桜乃そら先生","GYARI（ココアシガレットP）","弦卷真纪","2018-12-28","https://www.nicovideo.jp/watch/sm34388038","https://www.youtube.com/watch?v=M20SfPdzlQ0","0","","2026-09-30","7","1","已汇总第1–930期","链接未收录不等于没有官方投稿"
"nico:sm9241207","マリオネットシンドローム","すこっぷ","初音未来","2009-12-30","https://www.nicovideo.jp/watch/sm9241207","","0","","2026-09-30","4","2","已汇总第1–930期","链接未收录不等于没有官方投稿"
"nico:sm21293261","真夏と少年の天ノ川戦争","Orangestar","IA","2013-07-06","https://www.nicovideo.jp/watch/sm21293261","","0","","2026-09-30","0","","已汇总第1–930期","链接未收录不等于没有官方投稿"
"nico:sm12098837","タイムマシン","1640mP","初音未来","2010-09-13","https://www.nicovideo.jp/watch/sm12098837","https://www.youtube.com/watch?v=EgOWe9ByNaE","0","","2026-09-30","3","1","已汇总第1–930期","链接未收录不等于没有官方投稿"
"nico:sm11468381","リンネ","Hachi","初音未来","2010-07-21","https://www.nicovideo.jp/watch/sm11468381","https://www.youtube.com/watch?v=EahYs-8tTjQ","0","","2026-09-30","5","3","已汇总第1–930期","链接未收录不等于没有官方投稿"
"nico:sm21051219","ラズベリー＊モンスター","HoneyWorks","初音未来","2013-06-06","https://www.nicovideo.jp/watch/sm21051219","https://www.youtube.com/watch?v=P4dhSf8pEeE","0","","2026-09-30","4","3","已汇总第1–930期","链接未收录不等于没有官方投稿"
"nico:sm46725710","ヘレディティ","サツキ","GUMI|flower|初音未来|可不|重音 Teto","2026-09-20","https://www.nicovideo.jp/watch/sm46725710","https://www.youtube.com/watch?v=K4TGmA71xgY","1","2","2026-09-30","0","","已汇总第1–930期","链接未收录不等于没有官方投稿"
"nico:sm46820453","ヘモグロビン","内緒のピアス","可不","2026-09-21","https://www.nicovideo.jp/watch/sm46820453","https://www.youtube.com/watch?v=tzrscw-7nyo","1","8","2026-09-30","0","","已汇总第1–930期","链接未收录不等于没有官方投稿"
"nico:sm45046158","分かっちゃいないね","monet","花隈千冬","2025-06-04","https://www.nicovideo.jp/watch/sm45046158","https://www.youtube.com/watch?v=v4kWR_REDEU","11","4","2026-09-30","0","","已汇总第1–930期","链接未收录不等于没有官方投稿"
"nico:sm46716933","洗脳","DECO*27","初音未来","2026-09-04","https://www.nicovideo.jp/watch/sm46716933","https://www.youtube.com/watch?v=l1UOPIr76CA","4","3","2026-09-30","0","","已汇总第1–930期","链接未收录不等于没有官方投稿"
"nico:sm46680421","スマイル","大漠波新","初音未来|重音 Teto","2026-08-22","https://www.nicovideo.jp/watch/sm46680421","https://www.youtube.com/watch?v=_KbXmrVmpHU","5","2","2026-09-30","0","","已汇总第1–930期","链接未收录不等于没有官方投稿"
"nico:sm46709740","オムライス作りたいな","GYARI（ココアシガレットP）","弦卷真纪","2026-08-22","https://www.nicovideo.jp/watch/sm46709740","","5","4","2026-09-30","0","","已汇总第1–930期","链接未收录不等于没有官方投稿"
"nico:sm46770409","正解","雨良 Amala","重音 Teto","2026-09-13","https://www.nicovideo.jp/watch/sm46770409","https://www.youtube.com/watch?v=wpYrUuQgztk","1","13","2026-09-30","0","","已汇总第1–930期","链接未收录不等于没有官方投稿"
"nico:sm46354721","ヤラララ (YARARARA)","AnythingBecomeMoe","重音 Teto","2026-05-25","https://www.nicovideo.jp/watch/sm46354721","","12","1","2026-09-30","0","","已汇总第1–930期","链接未收录不等于没有官方投稿"
"nico:sm46817376","アンチクロロベンゼン ver.2025","ガルナ@オワタP","镜音连|镜音铃","2026-09-19","https://www.nicovideo.jp/watch/sm46817376","","1","16","2026-09-30","0","","已汇总第1–930期","链接未收录不等于没有官方投稿"
"nico:sm46613085","アクマバライ","うちのボカロは様子がおかしい","初音未来","2026-08-01","https://www.nicovideo.jp/watch/sm46613085","","3","5","2026-09-30","0","","已汇总第1–930期","链接未收录不等于没有官方投稿"
"nico:sm46700544","世界最後の音楽隊","夏山よつぎ × ど〜ぱみん","初音未来","2026-08-22","https://www.nicovideo.jp/watch/sm46700544","","4","5","2026-09-30","0","","已汇总第1–930期","链接未收录不等于没有官方投稿"
"nico:sm46776866","QED","MIMI","重音 Teto","2026-09-08","https://www.nicovideo.jp/watch/sm46776866","https://www.youtube.com/watch?v=SOBz91Kqz0g","1","6","2026-09-30","0","","已汇总第1–930期","链接未收录不等于没有官方投稿"
"nico:sm46700619","されど空転","ぬゆり","重音 Teto","2026-08-22","https://www.nicovideo.jp/watch/sm46700619","https://www.youtube.com/watch?v=nFog7C3rfqg","3","9","2026-09-30","0","","已汇总第1–930期","链接未收录不等于没有官方投稿"
"nico:sm46620250","恋","Sohbana","初音未来","2026-08-22","https://www.nicovideo.jp/watch/sm46620250","https://www.youtube.com/watch?v=1qexDRc1DGc","4","3","2026-09-30","0","","已汇总第1–930期","链接未收录不等于没有官方投稿"
"nico:sm46744614","謎の民族ヌンババユカリ","テコまる","结月缘","2026-09-02","https://www.nicovideo.jp/watch/sm46744614","","2","2","2026-09-30","0","","已汇总第1–930期","链接未收录不等于没有官方投稿"
"nico:sm46695967","音楽はつづく","OSTER project","KAITO|MEIKO|初音未来|巡音流歌|镜音连|镜音铃","2026-08-22","https://www.nicovideo.jp/watch/sm46695967","https://www.youtube.com/watch?v=yd-wdMCJvEo","4","2","2026-09-30","0","","已汇总第1–930期","链接未收录不等于没有官方投稿"
"nico:sm46780940","knot","R Sound Design","初音未来","2026-09-09","https://www.nicovideo.jp/watch/sm46780940","https://www.youtube.com/watch?v=DNYZqgMjBf8","1","17","2026-09-30","0","","已汇总第1–930期","链接未收录不等于没有官方投稿"
"nico:sm46694962","重音テトvsダンプカー","山本","重音 Teto","2026-08-22","https://www.nicovideo.jp/watch/sm46694962","","4","3","2026-09-30","0","","已汇总第1–930期","链接未收录不等于没有官方投稿"
"nico:sm46742396","サンクチュアリ","サツキ","初音未来","2026-08-31","https://www.nicovideo.jp/watch/sm46742396","https://www.youtube.com/watch?v=Xc8EAOA_R9Y","1","4","2026-09-30","0","","已汇总第1–930期","链接未收录不等于没有官方投稿"
"nico:sm46741921","なかなおり","いよわ","初音未来","2026-08-30","https://www.nicovideo.jp/watch/sm46741921","https://www.youtube.com/watch?v=vrnKlp_epOQ","1","5","2026-09-30","0","","已汇总第1–930期","链接未收录不等于没有官方投稿"
"nico:sm46743769","ポールスター","ラマーズP","初音未来","2026-08-31","https://www.nicovideo.jp/watch/sm46743769","https://www.youtube.com/watch?v=YPknpl7SqdM","1","10","2026-09-30","0","","已汇总第1–930期","链接未收录不等于没有官方投稿"
"nico:sm46743646","たべちゃうぞ！","ラマーズP","初音未来","2026-08-31","https://www.nicovideo.jp/watch/sm46743646","https://www.youtube.com/watch?v=LHI1zXMxQRc","1","12","2026-09-30","0","","已汇总第1–930期","链接未收录不等于没有官方投稿"
"nico:sm46702609","最高のMVの作りかた","阿修","初音未来","2026-08-22","https://www.nicovideo.jp/watch/sm46702609","","3","14","2026-09-30","0","","已汇总第1–930期","链接未收录不等于没有官方投稿"
"nico:sm46702724","フォーモ","東京真中","重音 Teto","2026-08-22","https://www.nicovideo.jp/watch/sm46702724","https://www.youtube.com/watch?v=NaY0tOP29ps","3","1","2026-09-30","0","","已汇总第1–930期","链接未收录不等于没有官方投稿"
"nico:sm46718385","みんなが大好きになる魔法","原口沙輔","重音 Teto","2026-08-24","https://www.nicovideo.jp/watch/sm46718385","","1","9","2026-09-30","0","","已汇总第1–930期","链接未收录不等于没有官方投稿"
"nico:sm46696863","重内音則コント MV依頼","Ruichiji","重音 Teto","2026-08-21","https://www.nicovideo.jp/watch/sm46696863","","2","9","2026-09-30","0","","已汇总第1–930期","链接未收录不等于没有官方投稿"
"nico:sm46706257","でまかせなシンフォニー","ちから と 馬車馬カエデ","东北切蒲英|东北豆包|初音未来|足立 Rei|重音 Teto","2026-08-22","https://www.nicovideo.jp/watch/sm46706257","","1","14","2026-09-30","0","","已汇总第1–930期","链接未收录不等于没有官方投稿"
"nico:sm46709036","青","椎乃味醂","初音未来","2026-08-22","https://www.nicovideo.jp/watch/sm46709036","https://www.youtube.com/watch?v=NDCTFWmI1Bw","2","15","2026-09-30","0","","已汇总第1–930期","链接未收录不等于没有官方投稿"
"nico:sm46708139","イチャラブASMRを聞かないでください","cosMo＠暴走P","初音未来|重音 Teto","2026-08-22","https://www.nicovideo.jp/watch/sm46708139","https://www.youtube.com/watch?v=-mQR1MX9Htw","1","17","2026-09-30","0","","已汇总第1–930期","链接未收录不等于没有官方投稿"
"nico:sm46693514","あなたの記憶","ドアのノブ","初音未来","2026-08-21","https://www.nicovideo.jp/watch/sm46693514","https://www.youtube.com/watch?v=PGzhDM82vFo","2","16","2026-09-30","0","","已汇总第1–930期","链接未收录不等于没有官方投稿"
"nico:sm46702664","染色体に魔法","ひらぎ","初音未来","2026-08-22","https://www.nicovideo.jp/watch/sm46702664","","1","13","2026-09-30","0","","已汇总第1–930期","链接未收录不等于没有官方投稿"
"nico:sm46694295","ぐぬぬ","読谷あかね","重音 Teto","2026-08-22","https://www.nicovideo.jp/watch/sm46694295","https://www.youtube.com/watch?v=dVLnkroSFAY","1","14","2026-09-30","0","","已汇总第1–930期","链接未收录不等于没有官方投稿"
"nico:sm46693741","カ ベ ド ン ！ （ 絶 望 ）","ぬぬぬぬぬぬぬぬぬぬぬぬぬぬぬぬ","东北切蒲英|东北豆包|音街 Una","2026-08-22","https://www.nicovideo.jp/watch/sm46693741","","1","19","2026-09-30","0","","已汇总第1–930期","链接未收录不等于没有官方投稿"
"nico:sm46631763","初音ミクの熱唱","大漠波新","初音未来","2026-08-07","https://www.nicovideo.jp/watch/sm46631763","https://www.youtube.com/watch?v=r9pO5ArGG2Y","2","2","2026-09-30","0","","已汇总第1–930期","链接未收录不等于没有官方投稿"
"nico:sm46605837","ワンダー","r-906","初音未来","2026-07-30","https://www.nicovideo.jp/watch/sm46605837","https://www.youtube.com/watch?v=6ObvFPLk8eI","3","1","2026-09-30","0","","已汇总第1–930期","链接未收录不等于没有官方投稿"
"nico:sm46661211","重音テトの冷唱","大漠波新","重音 Teto","2026-08-14","https://www.nicovideo.jp/watch/sm46661211","https://www.youtube.com/watch?v=QnjOs98bwI0","1","6","2026-09-30","0","","已汇总第1–930期","链接未收录不等于没有官方投稿"
"nico:sm46635373","将棋一番！","ゆこぴ","歌爱雪","2026-08-07","https://www.nicovideo.jp/watch/sm46635373","","2","6","2026-09-30","0","","已汇总第1–930期","链接未收录不等于没有官方投稿"
"nico:sm46659098","午前三時の海月メモリー","あいくろう","夏色花梨","2026-08-14","https://www.nicovideo.jp/watch/sm46659098","","1","15","2026-09-30","0","","已汇总第1–930期","链接未收录不等于没有官方投稿"
"nico:sm46647939","スターダストレイン","STEAKA","初音未来","2026-08-15","https://www.nicovideo.jp/watch/sm46647939","","1","19","2026-09-30","0","","已汇总第1–930期","链接未收录不等于没有官方投稿"
"nico:sm46606133","レム","バルーン","flower|重音 Teto","2026-07-31","https://www.nicovideo.jp/watch/sm46606133","https://www.youtube.com/watch?v=0Ccd0JdqEo4","2","6","2026-09-30","0","","已汇总第1–930期","链接未收录不等于没有官方投稿"
"nico:sm46630072","ポッペンキュート","東京真中","重音 Teto","2026-08-05","https://www.nicovideo.jp/watch/sm46630072","https://www.youtube.com/watch?v=XYYq-uSeVwY","1","13","2026-09-30","0","","已汇总第1–930期","链接未收录不等于没有官方投稿"
"nico:sm46607121","QUIET","MIMI","可不|重音 Teto","2026-07-31","https://www.nicovideo.jp/watch/sm46607121","https://www.youtube.com/watch?v=cqssJAipBvw","2","12","2026-09-30","0","","已汇总第1–930期","链接未收录不等于没有官方投稿"
"nico:sm40471910","ふぁうんどふってーじ","■37","IA","2022-05-15","https://www.nicovideo.jp/watch/sm40471910","","2","1","2026-09-30","0","","已汇总第1–930期","链接未收录不等于没有官方投稿"
"nico:sm46603508","・てんからてん・","カルロス袴田","音街 Una","2026-07-30","https://www.nicovideo.jp/watch/sm46603508","","1","9","2026-09-30","0","","已汇总第1–930期","链接未收录不等于没有官方投稿"
"nico:sm46605425","う巻きマーキング","子牛","音街 Una","2026-07-30","https://www.nicovideo.jp/watch/sm46605425","https://www.youtube.com/watch?v=3MjymSOUncw","1","14","2026-09-30","0","","已汇总第1–930期","链接未收录不等于没有官方投稿"
"nico:sm46606510","ポルターガイスト","Kai","初音未来","2026-07-31","https://www.nicovideo.jp/watch/sm46606510","https://www.youtube.com/watch?v=5T5PKaSDyY0","1","18","2026-09-30","0","","已汇总第1–930期","链接未收录不等于没有官方投稿"
"nico:sm46547830","ダミーロマンス","DECO*27","初音未来","2026-07-17","https://www.nicovideo.jp/watch/sm46547830","https://www.youtube.com/watch?v=6_toWwEFXyA","2","2","2026-09-30","0","","已汇总第1–930期","链接未收录不等于没有官方投稿"
"nico:sm46536395","まだ熱い","シロロウ / Shirorou","重音 Teto","2026-07-11","https://www.nicovideo.jp/watch/sm46536395","https://www.youtube.com/watch?v=XCI3W8PnJ44","2","7","2026-09-30","0","","已汇总第1–930期","链接未收录不等于没有官方投稿"
"nico:so45520729","さいはてに花","ぬゆり","初音未来|重音 Teto","2025-11-21","https://www.nicovideo.jp/watch/so45520729","https://www.youtube.com/watch?v=fHo-AbSEZyc","3","7","2026-09-30","0","","已汇总第1–930期","链接未收录不等于没有官方投稿"
"nico:sm46568322","ワンダーポートディスプレイ","shikisai","音街 Una","2026-07-20","https://www.nicovideo.jp/watch/sm46568322","https://www.youtube.com/watch?v=US8cgIk0_qA","1","11","2026-09-30","0","","已汇总第1–930期","链接未收录不等于没有官方投稿"
"nico:sm46557929","ザンネン賞","しゃいと","KAITO","2026-07-17","https://www.nicovideo.jp/watch/sm46557929","https://www.youtube.com/watch?v=lTFValEZJFg","1","12","2026-09-30","0","","已汇总第1–930期","链接未收录不等于没有官方投稿"
"nico:sm46552022","こたえて","imie","初音未来","2026-03-26","https://www.nicovideo.jp/watch/sm46552022","https://www.youtube.com/watch?v=kv_0Jml3H4A","1","18","2026-09-30","0","","已汇总第1–930期","链接未收录不等于没有官方投稿"
"nico:sm46566635","東京茶会事件（Tokyo Tea Party）","宮守文学","初音未来|镜音铃","2026-07-19","https://www.nicovideo.jp/watch/sm46566635","https://www.youtube.com/watch?v=NotWAFUKX_M","1","20","2026-09-30","0","","已汇总第1–930期","链接未收录不等于没有官方投稿"
"nico:sm46539094","乙女辞表","是","初音未来","2026-07-12","https://www.nicovideo.jp/watch/sm46539094","","1","5","2026-09-30","0","","已汇总第1–930期","链接未收录不等于没有官方投稿"
"nico:sm46528820","あさのうた","大漠波新","初音未来","2026-07-10","https://www.nicovideo.jp/watch/sm46528820","https://www.youtube.com/watch?v=zvc_k56Hwc0","2","8","2026-09-30","0","","已汇总第1–930期","链接未收录不等于没有官方投稿"
"nico:sm44488093","ステヰ_ゴヲルド","Shu","巡音流歌","2024-12-31","https://www.nicovideo.jp/watch/sm44488093","https://www.youtube.com/watch?v=xAtivajyQNg","2","4","2026-09-30","0","","已汇总第1–930期","链接未收录不等于没有官方投稿"
"nico:so45525890","ぜったいだった！！！！","内緒の秘密","IA|初音未来","2025-11-21","https://www.nicovideo.jp/watch/so45525890","https://www.youtube.com/watch?v=K3ibx74Lenc","3","1","2026-09-30","0","","已汇总第1–930期","链接未收录不等于没有官方投稿"
"nico:sm46527481","このゆびとまれ","LonePi","花隈千冬|重音 Teto","2026-07-08","https://www.nicovideo.jp/watch/sm46527481","https://www.youtube.com/watch?v=mjOBFxIiudI","2","7","2026-09-30","0","","已汇总第1–930期","链接未收录不等于没有官方投稿"
"nico:sm46552922","枝豆がもげるほど恋したい","OSTER project","东北豆包","2026-07-17","https://www.nicovideo.jp/watch/sm46552922","https://www.youtube.com/watch?v=oqXHLjlVIk8","1","19","2026-09-30","0","","已汇总第1–930期","链接未收录不等于没有官方投稿"
"nico:sm46523027","LADY BUG","ナナホシ管弦楽団","巡音流歌","2026-07-07","https://www.nicovideo.jp/watch/sm46523027","https://www.youtube.com/watch?v=_Sxchpt6ZBA","1","3","2026-09-30","0","","已汇总第1–930期","链接未收录不等于没有官方投稿"
"nico:sm46506877","い咒り","なきそ","初音未来","2026-07-03","https://www.nicovideo.jp/watch/sm46506877","https://www.youtube.com/watch?v=e0eij4xTx8M","2","3","2026-09-30","0","","已汇总第1–930期","链接未收录不等于没有官方投稿"
"nico:sm46530901","エンドロール","クワガタP","重音 Teto","2026-07-10","https://www.nicovideo.jp/watch/sm46530901","https://www.youtube.com/watch?v=fepw6wKU8D8","1","13","2026-09-30","0","","已汇总第1–930期","链接未收录不等于没有官方投稿"
"nico:sm46506376","Gimme more!","めろくる","MEIKO|初音未来|巡音流歌|镜音铃","2026-07-07","https://www.nicovideo.jp/watch/sm46506376","https://www.youtube.com/watch?v=p1BHscS8O5w","1","14","2026-09-30","0","","已汇总第1–930期","链接未收录不等于没有官方投稿"
"nico:sm46338624","メモリー","大漠波新","初音未来","2026-05-22","https://www.nicovideo.jp/watch/sm46338624","https://www.youtube.com/watch?v=2BwBBh5A7eY","7","1","2026-09-30","0","","已汇总第1–930期","链接未收录不等于没有官方投稿"
"nico:sm44679954","ガソリンおいしい","Rukia","东北豆包|可不","2025-02-21","https://www.nicovideo.jp/watch/sm44679954","https://www.youtube.com/watch?v=7eL6j3Bdfuw","1","17","2026-09-30","0","","已汇总第1–930期","链接未收录不等于没有官方投稿"
"nico:sm46484827","でぃすこみゅーたんと！","ナユタン星人","初音未来","2026-06-28","https://www.nicovideo.jp/watch/sm46484827","https://www.youtube.com/watch?v=xAEuACHA_QU","1","2","2026-09-30","0","","已汇总第1–930期","链接未收录不等于没有官方投稿"
"nico:sm46480610","オールイン・ワン","和田たけあき","重音 Teto","2026-06-28","https://www.nicovideo.jp/watch/sm46480610","https://www.youtube.com/watch?v=Jf3TxUsgJTU","1","16","2026-09-30","0","","已汇总第1–930期","链接未收录不等于没有官方投稿"
"nico:sm46478776","PHD","柊マグネタイト","重音 Teto","2026-06-26","https://www.nicovideo.jp/watch/sm46478776","https://www.youtube.com/watch?v=YTBCgQVQKJY","1","6","2026-09-30","0","","已汇总第1–930期","链接未收录不等于没有官方投稿"
"nico:so46448552","空に免じて","傘村トータ","初音未来","2026-06-19","https://www.nicovideo.jp/watch/so46448552","https://www.youtube.com/watch?v=m8PbMlflLPM","2","4","2026-09-30","0","","已汇总第1–930期","链接未收录不等于没有官方投稿"
"nico:sm46418864","君死にたまえ","otone","重音 Teto","2026-06-12","https://www.nicovideo.jp/watch/sm46418864","https://www.youtube.com/watch?v=kn5HnZPdyqc","2","3","2026-09-30","0","","已汇总第1–930期","链接未收录不等于没有官方投稿"
"nico:sm46480279","サミシガリスト","YM","GUMI","2026-06-26","https://www.nicovideo.jp/watch/sm46480279","","1","13","2026-09-30","0","","已汇总第1–930期","链接未收录不等于没有官方投稿"
"nico:sm46461746","クワガタにチョップしたらタイムスリップしたReboot","家の裏でマンボウが死んでるP","GUMI","2026-06-21","https://www.nicovideo.jp/watch/sm46461746","","1","17","2026-09-30","0","","已汇总第1–930期","链接未收录不等于没有官方投稿"
"nico:sm46469851","オクスリクラ","マキシウキョウ","重音 Teto","2026-06-23","https://www.nicovideo.jp/watch/sm46469851","https://www.youtube.com/watch?v=vpoknU9FXGY","1","20","2026-09-30","0","","已汇总第1–930期","链接未收录不等于没有官方投稿"
"nico:sm46428073","ミュージック","MIMI","可不","2026-06-13","https://www.nicovideo.jp/watch/sm46428073","https://www.youtube.com/watch?v=hwpeUW1yEOI","2","6","2026-09-30","0","","已汇总第1–930期","链接未收录不等于没有官方投稿"
"nico:sm46415375","ビッグ・ラヴ・ミュージック","猫舘 こたつ","初音未来","2026-06-09","https://www.nicovideo.jp/watch/sm46415375","","2","2","2026-09-30","0","","已汇总第1–930期","链接未收录不等于没有官方投稿"
"nico:sm46428052","放課後自堕落倶楽部","Adeliae","初音未来|重音 Teto|镜音铃","2026-06-15","https://www.nicovideo.jp/watch/sm46428052","https://www.youtube.com/watch?v=YOL6SR9Jj7c","1","19","2026-09-30","0","","已汇总第1–930期","链接未收录不等于没有官方投稿"
"nico:sm46394273","カンケーガール","マサラダ","重音 Teto","2026-06-04","https://www.nicovideo.jp/watch/sm46394273","https://www.youtube.com/watch?v=5lK9z88taP8","3","1","2026-09-30","0","","已汇总第1–930期","链接未收录不等于没有官方投稿"
"nico:sm46415468","ラストロべリー","ナナホシ管弦楽団","GUMI","2026-06-09","https://www.nicovideo.jp/watch/sm46415468","https://www.youtube.com/watch?v=Bhp209LvAIw","1","5","2026-09-30","0","","已汇总第1–930期","链接未收录不等于没有官方投稿"
"nico:sm46404821","もっとうまく生きられないの？","あだちかすか","初音未来","2026-06-09","https://www.nicovideo.jp/watch/sm46404821","","1","6","2026-09-30","0","","已汇总第1–930期","链接未收录不等于没有官方投稿"
"nico:sm46402847","しらないプラネット","shikisai","初音未来|镜音铃","2026-06-06","https://www.nicovideo.jp/watch/sm46402847","https://www.youtube.com/watch?v=TqTmTqIxcGQ","1","12","2026-09-30","0","","已汇总第1–930期","链接未收录不等于没有官方投稿"
"nico:sm46375652","はやくにげなきゃ","佐藤ちなみに","初音未来","2026-05-30","https://www.nicovideo.jp/watch/sm46375652","https://www.youtube.com/watch?v=Xl9ygHR9MxM","2","5","2026-09-30","0","","已汇总第1–930期","链接未收录不等于没有官方投稿"
"nico:sm46423571","已己巳己","読谷あかね","重音 Teto","2026-06-12","https://www.nicovideo.jp/watch/sm46423571","https://www.youtube.com/watch?v=SNlR_U4CoPA","1","15","2026-09-30","0","","已汇总第1–930期","链接未收录不等于没有官方投稿"
"nico:sm46416194","あきのそら","稲むり","重音 Teto","2026-06-09","https://www.nicovideo.jp/watch/sm46416194","https://www.youtube.com/watch?v=wI3nPWGj5xY","1","18","2026-09-30","0","","已汇总第1–930期","链接未收录不等于没有官方投稿"
"nico:sm46368327","心一等","koyori(電ポルP)","初音未来","2026-06-03","https://www.nicovideo.jp/watch/sm46368327","https://www.youtube.com/watch?v=nmvDwVYVgEo","1","3","2026-09-30","0","","已汇总第1–930期","链接未收录不等于没有官方投稿"
"nico:sm46296464","歌姫失格","匹诺曹P","初音未来|重音 Teto","2026-05-15","https://www.nicovideo.jp/watch/sm46296464","https://www.youtube.com/watch?v=adE8jVLoLPo","4","1","2026-09-30","0","","已汇总第1–930期","链接未收录不等于没有官方投稿"
"nico:sm45052271","乳首なぞなぞ","山本","重音 Teto","2025-06-06","https://www.nicovideo.jp/watch/sm45052271","","14","1","2026-09-30","6","1","已汇总第1–930期","链接未收录不等于没有官方投稿"
"nico:sm46358596","つづく闘争","ぬゆり","重音 Teto","2026-05-26","https://www.nicovideo.jp/watch/sm46358596","https://www.youtube.com/watch?v=ap_VVEtNYLE","2","2","2026-09-30","0","","已汇总第1–930期","链接未收录不等于没有官方投稿"
"nico:sm46370932","Alfa Flight","rukaku","初音未来","2026-05-30","https://www.nicovideo.jp/watch/sm46370932","https://www.youtube.com/watch?v=gMNNL4psdjk","1","15","2026-09-30","0","","已汇总第1–930期","链接未收录不等于没有官方投稿"
"nico:sm46335383","ソラの議事録","MIMI","初音未来","2026-05-20","https://www.nicovideo.jp/watch/sm46335383","https://www.youtube.com/watch?v=OQvIBUvto5U","2","2","2026-09-30","0","","已汇总第1–930期","链接未收录不等于没有官方投稿"
"nico:sm46346889","解毒不能だった","栗山夕璃","Saki|初音未来|重音 Teto","2026-05-25","https://www.nicovideo.jp/watch/sm46346889","https://www.youtube.com/watch?v=LVZX8Sj5eD0","1","8","2026-09-30","0","","已汇总第1–930期","链接未收录不等于没有官方投稿"
"nico:sm46368523","ドリーマーズビート","40mP","初音未来","2026-05-29","https://www.nicovideo.jp/watch/sm46368523","https://www.youtube.com/watch?v=FRSfnD3k_ts","1","9","2026-09-30","0","","已汇总第1–930期","链接未收录不等于没有官方投稿"
"nico:sm46352711","industrial city","世界電力","初音未来|重音 Teto","2026-05-24","https://www.nicovideo.jp/watch/sm46352711","https://www.youtube.com/watch?v=fXbETtHoQWM","1","12","2026-09-30","0","","已汇总第1–930期","链接未收录不等于没有官方投稿"
"nico:sm46341814","コムギノフネ","いえぬ","初音未来","2026-05-22","https://www.nicovideo.jp/watch/sm46341814","","2","15","2026-09-30","0","","已汇总第1–930期","链接未收录不等于没有官方投稿"
"nico:sm46346939","フラスコ・ディスコ","宮守文学, ど〜ぱみん, zensen","初音未来","2026-05-24","https://www.nicovideo.jp/watch/sm46346939","https://www.youtube.com/watch?v=mDXWqqzHHbI","1","17","2026-09-30","0","","已汇总第1–930期","链接未收录不等于没有官方投稿"
"nico:sm46121265","アンタに言ってんの","ぴーなた","重音 Teto","2026-03-22","https://www.nicovideo.jp/watch/sm46121265","https://www.youtube.com/watch?v=V4elF7---KQ","8","4","2026-09-30","0","","已汇总第1–930期","链接未收录不等于没有官方投稿"
"nico:sm46334085","星界ちゃんの角瓶ガブ飲み暴騒曲","南ノ南","星界","2026-05-20","https://www.nicovideo.jp/watch/sm46334085","https://www.youtube.com/watch?v=wfYxIaOuK6k","1","8","2026-09-30","0","","已汇总第1–930期","链接未收录不等于没有官方投稿"
"nico:sm46325365","星に一番近い場所","TOKOTOKO（西沢さんP）","镜音连|镜音铃","2026-05-18","https://www.nicovideo.jp/watch/sm46325365","https://www.youtube.com/watch?v=tbeV4Xb3kD8","1","9","2026-09-30","0","","已汇总第1–930期","链接未收录不等于没有官方投稿"
"nico:sm46312046","クラックラッカ","きさら","flower|初音未来|音街 Una","2026-05-19","https://www.nicovideo.jp/watch/sm46312046","https://www.youtube.com/watch?v=CYWn8M6u-6E","1","10","2026-09-30","0","","已汇总第1–930期","链接未收录不等于没有官方投稿"
"nico:sm46329645","numb numb","TAK","初音未来|重音 Teto","2026-05-20","https://www.nicovideo.jp/watch/sm46329645","https://www.youtube.com/watch?v=ba7YbGO2aq4","1","16","2026-09-30","0","","已汇总第1–930期","链接未收录不等于没有官方投稿"
"nico:sm43705618","あなたしか見えないの","r-906","初音未来","2024-04-25","https://www.nicovideo.jp/watch/sm43705618","https://www.youtube.com/watch?v=xv7hJ32xK94","3","7","2026-09-30","2","2","已汇总第1–930期","链接未收录不等于没有官方投稿"
"nico:sm46247896","ド七五サンバ","なみぐる","重音 Teto","2026-05-03","https://www.nicovideo.jp/watch/sm46247896","https://www.youtube.com/watch?v=-6WgX8_iyR0","2","2","2026-09-30","0","","已汇总第1–930期","链接未收录不等于没有官方投稿"
"nico:sm46278358","おばけ体験","サツキ","重音 Teto","2026-05-08","https://www.nicovideo.jp/watch/sm46278358","https://www.youtube.com/watch?v=hbGFPAF9-_Q","2","5","2026-09-30","0","","已汇总第1–930期","链接未收录不等于没有官方投稿"
"nico:sm46290330","ひみつの地図","ドアのノブ","初音未来","2026-05-10","https://www.nicovideo.jp/watch/sm46290330","https://www.youtube.com/watch?v=9vy0cVGF_ww","1","9","2026-09-30","0","","已汇总第1–930期","链接未收录不等于没有官方投稿"
"nico:sm46224745","ラブパラ","DECO*27","初音未来","2026-05-01","https://www.nicovideo.jp/watch/sm46224745","https://www.youtube.com/watch?v=RgVLBtRLX9k","3","3","2026-09-30","0","","已汇总第1–930期","链接未收录不等于没有官方投稿"
"nico:sm46293601","ライフリワード","栗山夕璃","重音 Teto","2026-05-11","https://www.nicovideo.jp/watch/sm46293601","https://www.youtube.com/watch?v=81jeVW4JLXs","1","17","2026-09-30","0","","已汇总第1–930期","链接未收录不等于没有官方投稿"
"nico:sm46253942","magnet -recall-","湊 貴大（流星P）","初音未来|巡音流歌","2026-05-01","https://www.nicovideo.jp/watch/sm46253942","","2","1","2026-09-30","0","","已汇总第1–930期","链接未收录不等于没有官方投稿"
"nico:sm46267757","キャラクターT","Atena","重音 Teto","2026-05-04","https://www.nicovideo.jp/watch/sm46267757","https://www.youtube.com/watch?v=YSBZFVSvqL0","1","10","2026-09-30","0","","已汇总第1–930期","链接未收录不等于没有官方投稿"
"nico:sm46267495","うざって〜な...","sabio","重音 Teto|镜音连","2026-05-04","https://www.nicovideo.jp/watch/sm46267495","https://www.youtube.com/watch?v=sPLvt4nPuwo","1","20","2026-09-30","0","","已汇总第1–930期","链接未收录不等于没有官方投稿"
"nico:sm46220582","ぴょん","MIMI","初音未来|重音 Teto","2026-04-24","https://www.nicovideo.jp/watch/sm46220582","https://www.youtube.com/watch?v=1EevjGF2nuU","2","3","2026-09-30","0","","已汇总第1–930期","链接未收录不等于没有官方投稿"
"nico:sm46191454","アダチ・レイ","佐藤ちなみに","足立 Rei|重音 Teto","2026-04-18","https://www.nicovideo.jp/watch/sm46191454","","1","4","2026-09-30","0","","已汇总第1–930期","链接未收录不等于没有官方投稿"
"nico:sm46193443","だ・し・て","はろける","初音未来|重音 Teto","2026-04-19","https://www.nicovideo.jp/watch/sm46193443","https://www.youtube.com/watch?v=c4UFhgGrRCk","1","5","2026-09-30","0","","已汇总第1–930期","链接未收录不等于没有官方投稿"
"nico:sm46218241","ミトレルクラーク","原口沙輔","初音未来","2026-04-24","https://www.nicovideo.jp/watch/sm46218241","https://www.youtube.com/watch?v=oGGAB782RUc","1","11","2026-09-30","0","","已汇总第1–930期","链接未收录不等于没有官方投稿"
"nico:sm45960692","ラプス","kr-KuuRa","初音未来","2026-02-20","https://www.nicovideo.jp/watch/sm45960692","https://www.youtube.com/watch?v=v0JcLyWZxXc","2","3","2026-09-30","0","","已汇总第1–930期","链接未收录不等于没有官方投稿"
"nico:sm46173800","アタマロ・デラックス","Sohbana","初音未来","2026-04-16","https://www.nicovideo.jp/watch/sm46173800","https://www.youtube.com/watch?v=tg3BmgXzA5c","2","4","2026-09-30","0","","已汇总第1–930期","链接未收录不等于没有官方投稿"
"nico:sm46215512","おとなフォビア","黒うさぎ","重音 Teto","2026-04-19","https://www.nicovideo.jp/watch/sm46215512","https://www.youtube.com/watch?v=mn4wDZlewHM","1","20","2026-09-30","0","","已汇总第1–930期","链接未收录不等于没有官方投稿"
"nico:sm46180736","gONE","鬱P","重音 Teto","2026-04-17","https://www.nicovideo.jp/watch/sm46180736","","1","6","2026-09-30","0","","已汇总第1–930期","链接未收录不等于没有官方投稿"
"nico:sm46150427","にせのぬいぐるみ","大漠波新","重音 Teto","2026-04-10","https://www.nicovideo.jp/watch/sm46150427","https://www.youtube.com/watch?v=a7gE_qGj2Gg","1","7","2026-09-30","0","","已汇总第1–930期","链接未收录不等于没有官方投稿"
"nico:sm46146394","きらいスキップ","夏山よつぎ","初音未来","2026-04-10","https://www.nicovideo.jp/watch/sm46146394","","1","11","2026-09-30","0","","已汇总第1–930期","链接未收录不等于没有官方投稿"
"nico:sm45942069","スプリットダンス","えいぷ","初音未来|重音 Teto","2026-02-13","https://www.nicovideo.jp/watch/sm45942069","https://www.youtube.com/watch?v=R401j1QAvEg","8","9","2026-09-30","0","","已汇总第1–930期","链接未收录不等于没有官方投稿"
"nico:sm46091306","告白","内緒のピアス","可不","2026-03-24","https://www.nicovideo.jp/watch/sm46091306","https://www.youtube.com/watch?v=Ficg3iAOUp8","4","4","2026-09-30","0","","已汇总第1–930期","链接未收录不等于没有官方投稿"
"nico:sm46159528","カプセルン","いえぬ","初音未来","2026-04-13","https://www.nicovideo.jp/watch/sm46159528","","1","16","2026-09-30","0","","已汇总第1–930期","链接未收录不等于没有官方投稿"
"nico:sm40700016","海のサーチライト","子牛","初音未来","2022-07-01","https://www.nicovideo.jp/watch/sm40700016","https://www.youtube.com/watch?v=ySerm68hC1A","1","18","2026-09-30","5","1","已汇总第1–930期","链接未收录不等于没有官方投稿"
"nico:sm46141242","傀儡のうつつ","獅子志司","初音未来","2026-04-07","https://www.nicovideo.jp/watch/sm46141242","https://www.youtube.com/watch?v=eu3yoLa3dgs","1","8","2026-09-30","0","","已汇总第1–930期","链接未收录不等于没有官方投稿"
"nico:sm46006396","わんだあらんどきっず","大漠波新","歌爱雪","2026-03-02","https://www.nicovideo.jp/watch/sm46006396","https://www.youtube.com/watch?v=SKR-IQDmJzo","2","14","2026-09-30","0","","已汇总第1–930期","链接未收录不等于没有官方投稿"
"nico:sm45992688","スパイラル・メロディーズ","Omoi","初音未来","2026-02-27","https://www.nicovideo.jp/watch/sm45992688","https://www.youtube.com/watch?v=yNw89sQOKas","4","1","2026-09-30","0","","已汇总第1–930期","链接未收录不等于没有官方投稿"
"nico:sm45880142","たびだちのうた","カラスヤサボウ","初音未来","2026-01-28","https://www.nicovideo.jp/watch/sm45880142","","5","2","2026-09-30","0","","已汇总第1–930期","链接未收录不等于没有官方投稿"
"nico:sm46036084","クロスロード","kz × TAKU INOUE","初音未来","2026-03-09","https://www.nicovideo.jp/watch/sm46036084","https://www.youtube.com/watch?v=YU9uGldSfSo","4","1","2026-09-30","0","","已汇总第1–930期","链接未收录不等于没有官方投稿"
"nico:sm46116687","色彩の共鳴","GYARI（ココアシガレットP）","miki|弦卷真纪","2026-03-31","https://www.nicovideo.jp/watch/sm46116687","","1","7","2026-09-30","0","","已汇总第1–930期","链接未收录不等于没有官方投稿"
"nico:sm46100280","む (裏)","大漠波新","足立 Rei|重音 Teto","2026-03-27","https://www.nicovideo.jp/watch/sm46100280","https://www.youtube.com/watch?v=T7t4aFaolSA","2","11","2026-09-30","0","","已汇总第1–930期","链接未收录不等于没有官方投稿"
"nico:sm46118712","同同","読谷あかね","重音 Teto","2026-04-01","https://www.nicovideo.jp/watch/sm46118712","https://www.youtube.com/watch?v=n87PL8pwMfw","1","19","2026-09-30","0","","已汇总第1–930期","链接未收录不等于没有官方投稿"
"nico:sm45972788","うるたーる","藤原ハガネ","重音 Teto","2026-02-21","https://www.nicovideo.jp/watch/sm45972788","","3","4","2026-09-30","0","","已汇总第1–930期","链接未收录不等于没有官方投稿"
"nico:sm46074535","キング・オ・ランタン","サツキ","初音未来|重音 Teto","2026-03-21","https://www.nicovideo.jp/watch/sm46074535","https://www.youtube.com/watch?v=C1FnUXjmi6s","1","17","2026-09-30","0","","已汇总第1–930期","链接未收录不等于没有官方投稿"
"nico:sm45413965","オーパーツ","煮ル果実","初音未来","2025-09-18","https://www.nicovideo.jp/watch/sm45413965","https://www.youtube.com/watch?v=LFZK8GbCmQY","7","1","2026-09-30","2","1","已汇总第1–930期","链接未收录不等于没有官方投稿"
"nico:sm46088769","バッカアノ","Chinozo","重音 Teto","2026-03-25","https://www.nicovideo.jp/watch/sm46088769","https://www.youtube.com/watch?v=2yErW4Dgkbs","1","19","2026-09-30","0","","已汇总第1–930期","链接未收录不等于没有官方投稿"
"nico:sm46051553","ダダダダダル","雨良 Amala","初音未来|重音 Teto","2026-03-15","https://www.nicovideo.jp/watch/sm46051553","https://www.youtube.com/watch?v=CgxOQjYBmss","1","7","2026-09-30","0","","已汇总第1–930期","链接未收录不等于没有官方投稿"
"nico:sm46070383","ポリマドンナ","煮ル果実","flower|重音 Teto","2026-03-18","https://www.nicovideo.jp/watch/sm46070383","https://www.youtube.com/watch?v=dlcGOhDS8KY","1","13","2026-09-30","0","","已汇总第1–930期","链接未收录不等于没有官方投稿"
"nico:sm46033795","ユレール","稻叶昙","弦卷真纪","2026-03-08","https://www.nicovideo.jp/watch/sm46033795","","1","6","2026-09-30","0","","已汇总第1–930期","链接未收录不等于没有官方投稿"
"nico:sm46053228","キャンデー","r-906","镜音铃","2026-03-13","https://www.nicovideo.jp/watch/sm46053228","https://www.youtube.com/watch?v=shutpbWwm_w","1","15","2026-09-30","0","","已汇总第1–930期","链接未收录不等于没有官方投稿"
"nico:sm45324037","三不粘をエロい目で見るな","山本","重音 Teto","2025-08-23","https://www.nicovideo.jp/watch/sm45324037","","10","1","2026-09-30","6","1","已汇总第1–930期","链接未收录不等于没有官方投稿"
"nico:sm46054068","とうきょう","ゆこぴ","歌爱雪","2026-03-13","https://www.nicovideo.jp/watch/sm46054068","","1","20","2026-09-30","0","","已汇总第1–930期","链接未收录不等于没有官方投稿"
"nico:sm46008718","ディストピっしょ！","和田たけあき","小春六花","2026-03-03","https://www.nicovideo.jp/watch/sm46008718","https://www.youtube.com/watch?v=o0W5HLFZ5bU","1","12","2026-09-30","0","","已汇总第1–930期","链接未收录不等于没有官方投稿"
"nico:sm45906405","月が綺麗ねと言われたい！","カササギ","初音未来","2026-01-30","https://www.nicovideo.jp/watch/sm45906405","https://www.youtube.com/watch?v=B3IClmMbH6w","3","2","2026-09-30","0","","已汇总第1–930期","链接未收录不等于没有官方投稿"
"nico:sm45938997","愛言葉V","DECO*27","初音未来","2026-02-12","https://www.nicovideo.jp/watch/sm45938997","https://www.youtube.com/watch?v=hK82hfN_ymQ","3","1","2026-09-30","0","","已汇总第1–930期","链接未收录不等于没有官方投稿"
"nico:sm46012642","終身恋用契約","めろくる","夏色花梨","2026-03-03","https://www.nicovideo.jp/watch/sm46012642","https://www.youtube.com/watch?v=gym49-mEvHI","1","17","2026-09-30","0","","已汇总第1–930期","链接未收录不等于没有官方投稿"
"nico:sm46007534","Chronoer△","Lemm","花隈千冬","2026-03-03","https://www.nicovideo.jp/watch/sm46007534","","1","20","2026-09-30","0","","已汇总第1–930期","链接未收录不等于没有官方投稿"
"nico:sm45976849","ハムパチーノ・キンタロキャンディ","ハムパチーノ","初音未来","2026-02-21","https://www.nicovideo.jp/watch/sm45976849","","2","7","2026-09-30","0","","已汇总第1–930期","链接未收录不等于没有官方投稿"
"nico:sm45957440","前へ！","OSTER project","花隈千冬|重音 Teto","2026-02-21","https://www.nicovideo.jp/watch/sm45957440","https://www.youtube.com/watch?v=v62LR68bTbI","2","8","2026-09-30","0","","已汇总第1–930期","链接未收录不等于没有官方投稿"
"nico:sm45962260","あの子みたいに","柏木カレキ","重音 Teto","2026-02-21","https://www.nicovideo.jp/watch/sm45962260","","2","10","2026-09-30","0","","已汇总第1–930期","链接未收录不等于没有官方投稿"
"nico:sm45968109","花びら哀歌","MIMI","重音 Teto","2026-02-21","https://www.nicovideo.jp/watch/sm45968109","https://www.youtube.com/watch?v=IxVFW1XIW7Q","2","6","2026-09-30","0","","已汇总第1–930期","链接未收录不等于没有官方投稿"
"nico:sm45977001","ポルターガイスト","Noz.","镜音铃","2026-02-21","https://www.nicovideo.jp/watch/sm45977001","https://www.youtube.com/watch?v=mSfZsHile_o","1","12","2026-09-30","0","","已汇总第1–930期","链接未收录不等于没有官方投稿"
"nico:sm45982119","まっさら","是","初音未来","2026-02-22","https://www.nicovideo.jp/watch/sm45982119","","1","14","2026-09-30","0","","已汇总第1–930期","链接未收录不等于没有官方投稿"
"nico:sm45950299","私たちの距離 ── Scale of Us","nyanyannya（大天才P）","初音未来","2026-02-21","https://www.nicovideo.jp/watch/sm45950299","","2","15","2026-09-30","0","","已汇总第1–930期","链接未收录不等于没有官方投稿"
"nico:sm45979635","匣入り娘","フロクロ(Frog96)","星界","2026-02-22","https://www.nicovideo.jp/watch/sm45979635","","1","16","2026-09-30","0","","已汇总第1–930期","链接未收录不等于没有官方投稿"
"nico:sm45970917","アンノウンブレス","mahito","初音未来","2026-02-21","https://www.nicovideo.jp/watch/sm45970917","https://www.youtube.com/watch?v=uIxtjaSJZmA","1","17","2026-09-30","0","","已汇总第1–930期","链接未收录不等于没有官方投稿"
"nico:sm45968883","MTMTM","TAK","初音未来","2026-02-20","https://www.nicovideo.jp/watch/sm45968883","https://www.youtube.com/watch?v=pIuQ_us5W4Y","2","14","2026-09-30","0","","已汇总第1–930期","链接未收录不等于没有官方投稿"
"nico:sm45949733","UniTECH","なみぐる","初音未来","2026-02-19","https://www.nicovideo.jp/watch/sm45949733","https://www.youtube.com/watch?v=IHD4UKHUj5Q","1","12","2026-09-30","0","","已汇总第1–930期","链接未收录不等于没有官方投稿"
"nico:sm45876576","特別救済委員会","サツキ","GUMI|flower|初音未来|可不|重音 Teto","2026-02-19","https://www.nicovideo.jp/watch/sm45876576","https://www.youtube.com/watch?v=qbm1nn9yoSc","1","13","2026-09-30","0","","已汇总第1–930期","链接未收录不等于没有官方投稿"
"nico:sm45870461","ジークヘイター","takaken","重音 Teto","2026-02-20","https://www.nicovideo.jp/watch/sm45870461","https://www.youtube.com/watch?v=nCgISZcyH9w","1","15","2026-09-30","0","","已汇总第1–930期","链接未收录不等于没有官方投稿"
"nico:sm45963360","ノマドワーカー","Adeliae","初音未来|可不|重音 Teto","2026-02-19","https://www.nicovideo.jp/watch/sm45963360","https://www.youtube.com/watch?v=97YEaK5uxak","1","19","2026-09-30","0","","已汇总第1–930期","链接未收录不等于没有官方投稿"
"nico:sm45968014","ひかりのあつめかた","まかろり","初音未来","2026-02-20","https://www.nicovideo.jp/watch/sm45968014","https://www.youtube.com/watch?v=FEgM1c9IXrE","1","20","2026-09-30","0","","已汇总第1–930期","链接未收录不等于没有官方投稿"
"nico:sm45930882","柔く、ほどいて","MIMI","初音未来|重音 Teto","2026-02-10","https://www.nicovideo.jp/watch/sm45930882","https://www.youtube.com/watch?v=-2FCAZLhh-Y","1","5","2026-09-30","0","","已汇总第1–930期","链接未收录不等于没有官方投稿"
"nico:sm45768297","バゥムクゥヘン・エンドロゥル","雨良 Amala","初音未来|重音 Teto","2025-12-26","https://www.nicovideo.jp/watch/sm45768297","https://www.youtube.com/watch?v=Dz5rALpx06M","7","4","2026-09-30","0","","已汇总第1–930期","链接未收录不等于没有官方投稿"
"nico:sm45928458","Sell a Friend","Azari","重音 Teto","2026-02-09","https://www.nicovideo.jp/watch/sm45928458","https://www.youtube.com/watch?v=yJ1hNjuAKtM","1","7","2026-09-30","0","","已汇总第1–930期","链接未收录不等于没有官方投稿"
"nico:sm45916939","ディスクローズ・フリック","柊マグネタイト","重音 Teto","2026-02-06","https://www.nicovideo.jp/watch/sm45916939","https://www.youtube.com/watch?v=JZaFgVQwXmA","2","1","2026-09-30","0","","已汇总第1–930期","链接未收录不等于没有官方投稿"
"nico:sm45915754","罰して光","なきそ","初音未来","2026-02-06","https://www.nicovideo.jp/watch/sm45915754","https://www.youtube.com/watch?v=9wD-XL07Rbw","2","5","2026-09-30","0","","已汇总第1–930期","链接未收录不等于没有官方投稿"
"nico:sm45883571","幸福刑","LonePi","初音未来","2026-01-28","https://www.nicovideo.jp/watch/sm45883571","https://www.youtube.com/watch?v=MlTQUSFr-gw","3","3","2026-09-30","0","","已汇总第1–930期","链接未收录不等于没有官方投稿"
"nico:so45926829","青炎","せきこみごはん","KAITO","2026-02-12","https://www.nicovideo.jp/watch/so45926829","https://www.youtube.com/watch?v=JluhftfNZYM","1","11","2026-09-30","0","","已汇总第1–930期","链接未收录不等于没有官方投稿"
"nico:sm45908830","ミスクレイジースピード","cosMo＠暴走P","初音未来","2026-02-04","https://www.nicovideo.jp/watch/sm45908830","https://www.youtube.com/watch?v=eXuuBCAozCk","1","10","2026-09-30","0","","已汇总第1–930期","链接未收录不等于没有官方投稿"
"nico:sm45835504","不死身ごっこ","匹诺曹P","初音未来","2026-01-23","https://www.nicovideo.jp/watch/sm45835504","https://www.youtube.com/watch?v=hCc0iI8jdQU","3","3","2026-09-30","0","","已汇总第1–930期","链接未收录不等于没有官方投稿"
"nico:sm45871877","ドッペルゲンガー","はるまきごはん","初音未来","2026-01-24","https://www.nicovideo.jp/watch/sm45871877","https://www.youtube.com/watch?v=RD-g6a56XKU","3","8","2026-09-30","0","","已汇总第1–930期","链接未收录不等于没有官方投稿"
"nico:sm45877045","スポットレイト","稻叶昙","歌爱雪","2026-01-26","https://www.nicovideo.jp/watch/sm45877045","https://www.youtube.com/watch?v=STBoCK69vVQ","1","1","2026-09-30","0","","已汇总第1–930期","链接未收录不等于没有官方投稿"
"nico:sm45782449","ファシネイター","MARETU","初音未来","2025-12-30","https://www.nicovideo.jp/watch/sm45782449","https://www.youtube.com/watch?v=UShV3NXq00U","5","1","2026-09-30","0","","已汇总第1–930期","链接未收录不等于没有官方投稿"
"nico:so45839025","ラッキースター","zensen","巡音流歌","2026-01-28","https://www.nicovideo.jp/watch/so45839025","https://www.youtube.com/watch?v=xVoj1Ui2zK4","1","13","2026-09-30","0","","已汇总第1–930期","链接未收录不等于没有官方投稿"
"nico:sm45819679","クリーチャー","サツキ×大漠波新×吉田夜世","初音未来|重音 Teto","2026-01-16","https://www.nicovideo.jp/watch/sm45819679","https://www.youtube.com/watch?v=dHo5bqtnJEI","2","5","2026-09-30","0","","已汇总第1–930期","链接未收录不等于没有官方投稿"
"nico:sm45847137","ムーンライト・ヘヴン","是","初音未来","2026-01-17","https://www.nicovideo.jp/watch/sm45847137","","1","11","2026-09-30","0","","已汇总第1–930期","链接未收录不等于没有官方投稿"
"nico:sm45795157","トリックハート","MIMI","重音 Teto","2026-01-02","https://www.nicovideo.jp/watch/sm45795157","https://www.youtube.com/watch?v=uoYegcqyfxE","4","1","2026-09-30","0","","已汇总第1–930期","链接未收录不等于没有官方投稿"
"nico:sm45867550","弱者のマーチ","えいぷ","重音 Teto","2026-01-23","https://www.nicovideo.jp/watch/sm45867550","https://www.youtube.com/watch?v=IxSvgPhdc8c","1","17","2026-09-30","0","","已汇总第1–930期","链接未收录不等于没有官方投稿"
"nico:sm43306312","いろはうた","背面８回宙返り","结月缘","2024-02-22","https://www.nicovideo.jp/watch/sm43306312","https://www.youtube.com/watch?v=07jdNS_jRts","1","1","2026-09-30","0","","已汇总第1–930期","链接未收录不等于没有官方投稿"
"nico:sm45818718","ネクラチューンサーカス","かいりきベア","初音未来","2026-01-10","https://www.nicovideo.jp/watch/sm45818718","https://www.youtube.com/watch?v=nOtWU5MRiTU","2","4","2026-09-30","0","","已汇总第1–930期","链接未收录不等于没有官方投稿"
"nico:so45806322","SHIAWASE FOR YOU!","いよわ","初音未来","2026-01-09","https://www.nicovideo.jp/watch/so45806322","https://www.youtube.com/watch?v=D7-lYDOpA50","2","4","2026-09-30","0","","已汇总第1–930期","链接未收录不等于没有官方投稿"
"nico:sm45839725","はたらく音声","シャノン","初音未来|音街 Una","2026-01-15","https://www.nicovideo.jp/watch/sm45839725","https://www.youtube.com/watch?v=D25vLdhyzp8","1","11","2026-09-30","0","","已汇总第1–930期","链接未收录不等于没有官方投稿"
"nico:sm45813680","オシリスダンス (Osiris Dance)","みつあくま(mitsu)","初音未来|重音 Teto","2026-01-09","https://www.nicovideo.jp/watch/sm45813680","","1","13","2026-09-30","0","","已汇总第1–930期","链接未收录不等于没有官方投稿"
"nico:so45742235","シアンブルー","ポリスピカデリー","初音未来","2025-12-22","https://www.nicovideo.jp/watch/so45742235","https://www.youtube.com/watch?v=H7PR6K7xff0","2","5","2026-09-30","0","","已汇总第1–930期","链接未收录不等于没有官方投稿"
"nico:sm45316610","マジック・メイド","MIMI","重音 Teto","2025-08-23","https://www.nicovideo.jp/watch/sm45316610","https://www.youtube.com/watch?v=TC80uw4HgCw","9","4","2026-09-30","2","4","已汇总第1–930期","链接未收录不等于没有官方投稿"
"nico:sm45794517","フランスかぶれ","OSTER project","重音 Teto","2026-01-03","https://www.nicovideo.jp/watch/sm45794517","https://www.youtube.com/watch?v=QVjog7bDZrE","2","8","2026-09-30","0","","已汇总第1–930期","链接未收录不等于没有官方投稿"
"nico:sm45410782","PPPP","TAK","初音未来|重音 Teto","2025-09-17","https://www.nicovideo.jp/watch/sm45410782","https://www.youtube.com/watch?v=8Cm-7oCq9HA","11","3","2026-09-30","0","","已汇总第1–930期","链接未收录不等于没有官方投稿"
"nico:sm45812534","リーパー","読谷あかね","重音 Teto","2026-01-09","https://www.nicovideo.jp/watch/sm45812534","https://www.youtube.com/watch?v=xpCwtcNNr2o","1","20","2026-09-30","0","","已汇总第1–930期","链接未收录不等于没有官方投稿"
"nico:sm45769016","レイちゃんのカラアゲ・メロスギ・フォーチュンラブ","南ノ南","足立 Rei","2025-12-29","https://www.nicovideo.jp/watch/sm45769016","","1","9","2026-09-30","0","","已汇总第1–930期","链接未收录不等于没有官方投稿"
"nico:sm45764879","シリーテラー","r-906","IA","2025-12-25","https://www.nicovideo.jp/watch/sm45764879","https://www.youtube.com/watch?v=Yqze0FkZiAU","2","2","2026-09-30","0","","已汇总第1–930期","链接未收录不等于没有官方投稿"
"nico:sm45758763","超！高速！除夜の鐘","OSTER project","初音未来|重音 Teto","2025-12-31","https://www.nicovideo.jp/watch/sm45758763","https://www.youtube.com/watch?v=jrD9n_rTS8Q","1","17","2026-09-30","0","","已汇总第1–930期","链接未收录不等于没有官方投稿"
"nico:sm45694748","リンちゃんなう！ ver.2025","ガルナ@オワタP","初音未来|巡音流歌|镜音连|镜音铃","2025-12-27","https://www.nicovideo.jp/watch/sm45694748","","1","11","2026-09-30","0","","已汇总第1–930期","链接未收录不等于没有官方投稿"
"nico:sm45767580","透明なパレット","Aqu3ra","初音未来","2025-12-26","https://www.nicovideo.jp/watch/sm45767580","https://www.youtube.com/watch?v=Q7k_ZNjZS94","1","12","2026-09-30","0","","已汇总第1–930期","链接未收录不等于没有官方投稿"
"nico:so45756855","こわいこと","にお","镜音铃","2025-12-25","https://www.nicovideo.jp/watch/so45756855","","1","17","2026-09-30","0","","已汇总第1–930期","链接未收录不等于没有官方投稿"
"nico:sm45753582","あのこ行方不明","また切ない世界を生きる","结月缘","2025-12-22","https://www.nicovideo.jp/watch/sm45753582","https://www.youtube.com/watch?v=zt1BsPwztfE","1","18","2026-09-30","0","","已汇总第1–930期","链接未收录不等于没有官方投稿"
"nico:sm45648328","マギアート","煮ル果実","flower","2025-12-03","https://www.nicovideo.jp/watch/sm45648328","https://www.youtube.com/watch?v=IMJVU4ztJI0","3","1","2026-09-30","0","","已汇总第1–930期","链接未收录不等于没有官方投稿"
"nico:sm45709196","アヴァート","サツキ","初音未来|护士机器人 Type-T","2025-12-12","https://www.nicovideo.jp/watch/sm45709196","https://www.youtube.com/watch?v=dFNh-Ibxt-Y","2","9","2026-09-30","0","","已汇总第1–930期","链接未收录不等于没有官方投稿"
"nico:sm45740692","内緒のサンタさん","稲むり","重音 Teto","2025-12-18","https://www.nicovideo.jp/watch/sm45740692","https://www.youtube.com/watch?v=_roqbcKPJMo","1","16","2026-09-30","0","","已汇总第1–930期","链接未收录不等于没有官方投稿"
"nico:sm45569849","目撃！テト31世","はろける","重音 Teto","2025-10-31","https://www.nicovideo.jp/watch/sm45569849","https://www.youtube.com/watch?v=uWMr16O_Aso","5","1","2026-09-30","0","","已汇总第1–930期","链接未收录不等于没有官方投稿"
"nico:sm45708376","ダイアグラム","あばらや","初音未来","2025-12-08","https://www.nicovideo.jp/watch/sm45708376","https://www.youtube.com/watch?v=csfPVDnVqiE","1","5","2026-09-30","0","","已汇总第1–930期","链接未收录不等于没有官方投稿"
"nico:sm45700582","星涙哀歌","MIMI","初音未来","2025-12-06","https://www.nicovideo.jp/watch/sm45700582","https://www.youtube.com/watch?v=Wiz0Ap2ge5U","2","6","2026-09-30","0","","已汇总第1–930期","链接未收录不等于没有官方投稿"
"nico:sm45703631","花結び","栗山夕璃","Saki|flower|重音 Teto","2025-12-08","https://www.nicovideo.jp/watch/sm45703631","https://www.youtube.com/watch?v=Wu8WtrTCX-Q","1","7","2026-09-30","0","","已汇总第1–930期","链接未收录不等于没有官方投稿"
"nico:sm45674417","テ リ","柊マグネタイト","重音 Teto","2025-12-01","https://www.nicovideo.jp/watch/sm45674417","","1","2","2026-09-30","0","","已汇总第1–930期","链接未收录不等于没有官方投稿"
"nico:sm45664361","愛迷エレジー (Reloaded)","DECO*27","初音未来","2025-12-01","https://www.nicovideo.jp/watch/sm45664361","https://www.youtube.com/watch?v=ZTlH8A79xFg","1","3","2026-09-30","0","","已汇总第1–930期","链接未收录不等于没有官方投稿"
"nico:so45516517","いたい","＜非公開＞","初音未来","2025-11-21","https://www.nicovideo.jp/watch/so45516517","","3","2","2026-09-30","0","","已汇总第1–930期","链接未收录不等于没有官方投稿"
"nico:so45525569","●◎","２●◎３","初音未来|重音 Teto","2025-11-21","https://www.nicovideo.jp/watch/so45525569","","2","5","2026-09-30","0","","已汇总第1–930期","链接未收录不等于没有官方投稿"
"nico:so45521629","レーテー","Aira","IA","2025-11-21","https://www.nicovideo.jp/watch/so45521629","","2","6","2026-09-30","0","","已汇总第1–930期","链接未收录不等于没有官方投稿"
"nico:so45516946","RUMBLE","ゆのコン","VY1|flower","2025-11-21","https://www.nicovideo.jp/watch/so45516946","","1","7","2026-09-30","0","","已汇总第1–930期","链接未收录不等于没有官方投稿"
"nico:so45511846","ユニークエンド","雨良 Amala","初音未来","2025-11-21","https://www.nicovideo.jp/watch/so45511846","https://www.youtube.com/watch?v=aDk9C41J5Cc","2","2","2026-09-30","0","","已汇总第1–930期","链接未收录不等于没有官方投稿"
"nico:so45516320","あれない","青栗鼠","歌爱雪","2025-11-21","https://www.nicovideo.jp/watch/so45516320","","1","11","2026-09-30","0","","已汇总第1–930期","链接未收录不等于没有官方投稿"
"nico:sm45663695","くるみ割り女王","ナナホシ管弦楽団","镜音铃","2025-11-25","https://www.nicovideo.jp/watch/sm45663695","https://www.youtube.com/watch?v=0RJAFeS0RRI","1","13","2026-09-30","0","","已汇总第1–930期","链接未收录不等于没有官方投稿"
"nico:so45525282","セルハーム","youまん","GUMI","2025-11-21","https://www.nicovideo.jp/watch/so45525282","","2","10","2026-09-30","0","","已汇总第1–930期","链接未收录不等于没有官方投稿"
"nico:so45516074","グミたべよ","おいしくできたよ","重音 Teto","2025-11-21","https://www.nicovideo.jp/watch/so45516074","","1","20","2026-09-30","0","","已汇总第1–930期","链接未收录不等于没有官方投稿"
"nico:so45511808","怪共鳴","TAKASHI","初音未来","2025-11-21","https://www.nicovideo.jp/watch/so45511808","","1","3","2026-09-30","0","","已汇总第1–930期","链接未收录不等于没有官方投稿"
"nico:so45515711","ムーンライト・フィナーレ","ヤマギシコージ","初音未来","2025-11-21","https://www.nicovideo.jp/watch/so45515711","https://www.youtube.com/watch?v=D8XAmdT5q8k","1","5","2026-09-30","0","","已汇总第1–930期","链接未收录不等于没有官方投稿"
"nico:so45511816","ぜんぶうそだ","蟹乃わう","重音 Teto|音街 Una","2025-11-21","https://www.nicovideo.jp/watch/so45511816","","1","8","2026-09-30","0","","已汇总第1–930期","链接未收录不等于没有官方投稿"
"nico:so45526419","戦場降水帯","路傍右脳","歌爱雪","2025-11-21","https://www.nicovideo.jp/watch/so45526419","","1","11","2026-09-30","0","","已汇总第1–930期","链接未收录不等于没有官方投稿"
"nico:sm45642240","フェイクマリッジ","柊マグネタイト","重音 Teto","2025-11-19","https://www.nicovideo.jp/watch/sm45642240","https://www.youtube.com/watch?v=xumhFodCj0A","1","13","2026-09-30","0","","已汇总第1–930期","链接未收录不等于没有官方投稿"
"nico:so45516054","今、此処に咲く花の名前を。","Leia","初音未来|可不","2025-11-21","https://www.nicovideo.jp/watch/so45516054","https://www.youtube.com/watch?v=xF5WVkfjii4","1","14","2026-09-30","0","","已汇总第1–930期","链接未收录不等于没有官方投稿"
"nico:so45516142","ここにタイトルを入力","芥田レンリ","里命","2025-11-21","https://www.nicovideo.jp/watch/so45516142","","1","15","2026-09-30","0","","已汇总第1–930期","链接未收录不等于没有官方投稿"
"nico:so45525917","Heptomino","くれふ","星界","2025-11-21","https://www.nicovideo.jp/watch/so45525917","","1","16","2026-09-30","0","","已汇总第1–930期","链接未收录不等于没有官方投稿"
"nico:so45525590","タイムマシンに乗っちゃって！","今日わと&ゆだ","护士机器人 Type-T","2025-11-21","https://www.nicovideo.jp/watch/so45525590","","1","17","2026-09-30","0","","已汇总第1–930期","链接未收录不等于没有官方投稿"
"nico:so45511845","朝餉とカフネ","＜非公開＞","巡音流歌","2025-11-21","https://www.nicovideo.jp/watch/so45511845","","1","18","2026-09-30","0","","已汇总第1–930期","链接未收录不等于没有官方投稿"
"nico:sm45571103","カイコ","DECO*27","初音未来","2025-11-07","https://www.nicovideo.jp/watch/sm45571103","https://www.youtube.com/watch?v=g0JEUPfmu9c","2","1","2026-09-30","0","","已汇总第1–930期","链接未收录不等于没有官方投稿"
"nico:sm45426911","マシュマロ","DECO*27","初音未来","2025-10-08","https://www.nicovideo.jp/watch/sm45426911","https://www.youtube.com/watch?v=ZIzEnTdR368","6","1","2026-09-30","0","","已汇总第1–930期","链接未收录不等于没有官方投稿"
"nico:sm45467830","愛属性","匹诺曹P","初音未来","2025-10-03","https://www.nicovideo.jp/watch/sm45467830","https://www.youtube.com/watch?v=Xx1TnVObQ0k","7","1","2026-09-30","0","","已汇总第1–930期","链接未收录不等于没有官方投稿"
"nico:sm45578964","どりーむもーど","Atena","歌爱雪|音街 Una","2025-11-01","https://www.nicovideo.jp/watch/sm45578964","https://www.youtube.com/watch?v=7Ucwpeg9iXM","1","13","2026-09-30","0","","已汇总第1–930期","链接未收录不等于没有官方投稿"
"nico:sm45549329","まにまに 2025Edit","r-906","初音未来","2025-10-25","https://www.nicovideo.jp/watch/sm45549329","https://www.youtube.com/watch?v=6eDhCz2vzVc","2","6","2026-09-30","0","","已汇总第1–930期","链接未收录不等于没有官方投稿"
"nico:sm45561181","アポフェニア","黒うさぎ","重音 Teto","2025-10-26","https://www.nicovideo.jp/watch/sm45561181","https://www.youtube.com/watch?v=rdgH5KaGRP0","1","7","2026-09-30","0","","已汇总第1–930期","链接未收录不等于没有官方投稿"
"nico:sm45571742","メロンソーダ","有機酸","初音未来","2025-10-30","https://www.nicovideo.jp/watch/sm45571742","","1","9","2026-09-30","0","","已汇总第1–930期","链接未收录不等于没有官方投稿"
"nico:sm45561299","寂句","読谷あかね","重音 Teto","2025-10-31","https://www.nicovideo.jp/watch/sm45561299","https://www.youtube.com/watch?v=aF2Ws_2-meQ","1","14","2026-09-30","0","","已汇总第1–930期","链接未收录不等于没有官方投稿"
"nico:sm45547012","天国までおいで","Aliey:S","初音未来","2025-10-24","https://www.nicovideo.jp/watch/sm45547012","https://www.youtube.com/watch?v=aE1rvBJ8-GY","1","15","2026-09-30","0","","已汇总第1–930期","链接未收录不等于没有官方投稿"
"nico:sm45531345","スター","大漠波新","KAITO|MEIKO|初音未来|巡音流歌|镜音连|镜音铃","2025-10-19","https://www.nicovideo.jp/watch/sm45531345","https://www.youtube.com/watch?v=6p6QKhvKkVw","1","2","2026-09-30","0","","已汇总第1–930期","链接未收录不等于没有官方投稿"
"nico:sm45534672","海辺の電話ボックス","MIMI","音街 Una","2025-10-20","https://www.nicovideo.jp/watch/sm45534672","https://www.youtube.com/watch?v=tHo25oDiNNY","1","4","2026-09-30","0","","已汇总第1–930期","链接未收录不等于没有官方投稿"
"nico:sm45534993","メガスターミーの ずんだダンシング ! ▼","なみぐる","东北豆包","2025-10-19","https://www.nicovideo.jp/watch/sm45534993","","1","18","2026-09-30","0","","已汇总第1–930期","链接未收录不等于没有官方投稿"
"nico:so45526046","空奏ジャンプ","ナナホシ管弦楽団","初音未来","2025-10-24","https://www.nicovideo.jp/watch/so45526046","https://www.youtube.com/watch?v=5qMb-ZGmT1w","1","20","2026-09-30","0","","已汇总第1–930期","链接未收录不等于没有官方投稿"
"nico:sm45493423","超常体験","なきそ","初音未来","2025-10-13","https://www.nicovideo.jp/watch/sm45493423","https://www.youtube.com/watch?v=3AHCTvdWO9E","1","5","2026-09-30","0","","已汇总第1–930期","链接未收录不等于没有官方投稿"
"nico:sm45493410","第n次元","サツキ","重音 Teto","2025-10-10","https://www.nicovideo.jp/watch/sm45493410","https://www.youtube.com/watch?v=uDnKy_FYgvA","2","10","2026-09-30","0","","已汇总第1–930期","链接未收录不等于没有官方投稿"
"nico:sm45493496","大・大・大チャンス!!!","カルロス袴田","音街 Una","2025-10-10","https://www.nicovideo.jp/watch/sm45493496","","1","9","2026-09-30","0","","已汇总第1–930期","链接未收录不等于没有官方投稿"
"nico:sm45460905","ペンタトニック","syudou × バルーン","flower|初音未来","2025-10-01","https://www.nicovideo.jp/watch/sm45460905","https://www.youtube.com/watch?v=JXbb-_ScjSY","2","4","2026-09-30","0","","已汇总第1–930期","链接未收录不等于没有官方投稿"
"nico:sm45463657","スーサイダーズ・ディストピア","DIVELA","镜音铃","2025-09-30","https://www.nicovideo.jp/watch/sm45463657","https://www.youtube.com/watch?v=cc4gv4XKgFQ","1","10","2026-09-30","0","","已汇总第1–930期","链接未收录不等于没有官方投稿"
"nico:sm45469636","うなって！スバラシー！","キノシタ","音街 Una","2025-10-03","https://www.nicovideo.jp/watch/sm45469636","","1","18","2026-09-30","0","","已汇总第1–930期","链接未收录不等于没有官方投稿"
"nico:sm45430185","間違いだらけのきみを見せて","koyori(電ポルP)","初音未来","2025-09-26","https://www.nicovideo.jp/watch/sm45430185","https://www.youtube.com/watch?v=nZtMQEcHaMg","2","14","2026-09-30","1","2","已汇总第1–930期","链接未收录不等于没有官方投稿"
"nico:sm45423091","知りたてほやほやザウルス","ンバヂ(nbaji)","重音 Teto","2025-09-20","https://www.nicovideo.jp/watch/sm45423091","https://www.youtube.com/watch?v=Ha0oOvG1UD4","2","7","2026-09-30","2","2","已汇总第1–930期","链接未收录不等于没有官方投稿"
"nico:sm45400312","パラジクロロベンゼン ver.2025","ガルナ@オワタP","镜音连|镜音铃","2025-09-19","https://www.nicovideo.jp/watch/sm45400312","","1","10","2026-09-30","2","6","已汇总第1–930期","链接未收录不等于没有官方投稿"
"nico:sm45395672","グッバイバッドボーイ","ナナホシ管弦楽団","GUMI","2025-09-16","https://www.nicovideo.jp/watch/sm45395672","https://www.youtube.com/watch?v=3fThXIURW0s","1","13","2026-09-30","1","7","已汇总第1–930期","链接未收录不等于没有官方投稿"
"nico:sm45400209","ヤミカワトーキョー","かいりきベア","初音未来","2025-09-13","https://www.nicovideo.jp/watch/sm45400209","https://www.youtube.com/watch?v=GiMaQnRk8kw","2","14","2026-09-30","0","","已汇总第1–930期","链接未收录不等于没有官方投稿"
"nico:sm45423438","やらかしがち小夜ち","わかばマークおじさん","小夜","2025-09-20","https://www.nicovideo.jp/watch/sm45423438","","1","18","2026-09-30","2","4","已汇总第1–930期","链接未收录不等于没有官方投稿"
"nico:sm45344669","そのたび","大漠波新","初音未来|重音 Teto","2025-08-30","https://www.nicovideo.jp/watch/sm45344669","https://www.youtube.com/watch?v=PJ9qXL6p8cc","3","8","2026-09-30","0","","已汇总第1–930期","链接未收录不等于没有官方投稿"
"nico:sm45391043","サヨナラ天国また来て地獄","john","初音未来","2025-09-10","https://www.nicovideo.jp/watch/sm45391043","","1","16","2026-09-30","0","","已汇总第1–930期","链接未收录不等于没有官方投稿"
"nico:sm45353842","SLIP","いよわ","GUMI","2025-08-30","https://www.nicovideo.jp/watch/sm45353842","https://www.youtube.com/watch?v=B62fBqw2gDM","3","5","2026-09-30","1","5","已汇总第1–930期","链接未收录不等于没有官方投稿"
"nico:sm45386647","解独剤","黒うさぎ","歌爱雪","2025-09-09","https://www.nicovideo.jp/watch/sm45386647","https://www.youtube.com/watch?v=qhBHkbpm02g","1","19","2026-09-30","0","","已汇总第1–930期","链接未收录不等于没有官方投稿"
"nico:sm45349164","最愛人生ランナー","かいりきベア","初音未来","2025-08-30","https://www.nicovideo.jp/watch/sm45349164","https://www.youtube.com/watch?v=eUDtDGh_XeM","1","12","2026-09-30","0","","已汇总第1–930期","链接未收录不等于没有官方投稿"
"nico:sm45356809","街の残像","あばらや","可不","2025-08-31","https://www.nicovideo.jp/watch/sm45356809","https://www.youtube.com/watch?v=OBkLjALyriw","1","16","2026-09-30","1","9","已汇总第1–930期","链接未收录不等于没有官方投稿"
"nico:sm45355483","フォボス","wotaku","KAITO","2025-09-01","https://www.nicovideo.jp/watch/sm45355483","https://www.youtube.com/watch?v=6zx7yI0Fj-0","1","17","2026-09-30","0","","已汇总第1–930期","链接未收录不等于没有官方投稿"
"nico:sm45356746","ラピッドチューン","DIVELA","初音未来","2025-08-31","https://www.nicovideo.jp/watch/sm45356746","https://www.youtube.com/watch?v=d5Lo6fkCYZM","1","18","2026-09-30","1","10","已汇总第1–930期","链接未收录不等于没有官方投稿"
"nico:sm45318390","いえない","ひらぎ","初音未来","2025-08-23","https://www.nicovideo.jp/watch/sm45318390","https://www.youtube.com/watch?v=SuP_gK4q2a8","3","8","2026-09-30","1","9","已汇总第1–930期","链接未收录不等于没有官方投稿"
"nico:sm45311496","ヒューマンビーイング","まらしぃ","镜音铃","2025-08-23","https://www.nicovideo.jp/watch/sm45311496","","2","1","2026-09-30","2","9","已汇总第1–930期","链接未收录不等于没有官方投稿"
"nico:sm45317637","VOCAEND","ぬぬぬぬぬぬぬぬぬぬぬぬぬぬぬぬ","初音未来","2025-08-23","https://www.nicovideo.jp/watch/sm45317637","","2","3","2026-09-30","2","6","已汇总第1–930期","链接未收录不等于没有官方投稿"
"nico:sm45320485","Ribbon","sabio","重音 Teto","2025-08-22","https://www.nicovideo.jp/watch/sm45320485","https://www.youtube.com/watch?v=_a-eNWjvw1g","2","5","2026-09-30","2","3","已汇总第1–930期","链接未收录不等于没有官方投稿"
"nico:sm45305971","ドゥーマー","東京真中","重音 Teto","2025-08-22","https://www.nicovideo.jp/watch/sm45305971","https://www.youtube.com/watch?v=YcO-MxPf_Vg","2","8","2026-09-30","1","6","已汇总第1–930期","链接未收录不等于没有官方投稿"
"nico:sm45328661","ネタが無いよ〜","GYARI（ココアシガレットP）","重音 Teto","2025-08-23","https://www.nicovideo.jp/watch/sm45328661","https://www.youtube.com/watch?v=P_sBALzyd9k","2","9","2026-09-30","2","3","已汇总第1–930期","链接未收录不等于没有官方投稿"
"nico:sm45324905","まだ知らない君がいる","椎乃味醂","初音未来|重音 Teto","2025-08-23","https://www.nicovideo.jp/watch/sm45324905","https://www.youtube.com/watch?v=gSPhL4esZMM","2","11","2026-09-30","1","7","已汇总第1–930期","链接未收录不等于没有官方投稿"
"nico:sm45328327","memeしい","青栗鼠/Aoris","重音 Teto","2025-08-23","https://www.nicovideo.jp/watch/sm45328327","https://www.youtube.com/watch?v=q_mvEsO_yiM","2","14","2026-09-30","0","","已汇总第1–930期","链接未收录不等于没有官方投稿"
"nico:sm45320426","ひかりと欲","ぬゆり","重音 Teto","2025-08-23","https://www.nicovideo.jp/watch/sm45320426","","2","14","2026-09-30","0","","已汇总第1–930期","链接未收录不等于没有官方投稿"
"nico:sm45287172","弦楽少女は諦めを知らずに","海茶","琴葉葵","2025-08-15","https://www.nicovideo.jp/watch/sm45287172","","2","2","2026-09-30","1","2","已汇总第1–930期","链接未收录不等于没有官方投稿"
"nico:sm45288442","ぐちゃぐちゃぬるぽ","STEAKA","初音未来","2025-08-23","https://www.nicovideo.jp/watch/sm45288442","","2","17","2026-09-30","0","","已汇总第1–930期","链接未收录不等于没有官方投稿"
"nico:sm45315642","音声だけでお送りしますex","いよわ","初音未来","2025-08-21","https://www.nicovideo.jp/watch/sm45315642","","1","6","2026-09-30","1","4","已汇总第1–930期","链接未收录不等于没有官方投稿"
"nico:sm45313383","ウニ","Adeliae","雨衣","2025-08-21","https://www.nicovideo.jp/watch/sm45313383","","1","11","2026-09-30","1","8","已汇总第1–930期","链接未收录不等于没有官方投稿"
"nico:sm45315882","アタマモミ","はるまきごはん","初音未来","2025-08-21","https://www.nicovideo.jp/watch/sm45315882","https://www.youtube.com/watch?v=WPXDz834NEo","1","16","2026-09-30","1","10","已汇总第1–930期","链接未收录不等于没有官方投稿"
"nico:sm45319760","キネティックタウン","晴いちばん","初音未来|足立 Rei","2025-08-23","https://www.nicovideo.jp/watch/sm45319760","","1","18","2026-09-30","0","","已汇总第1–930期","链接未收录不等于没有官方投稿"
"nico:sm45324010","私vs世界","Omoi","初音未来","2025-08-23","https://www.nicovideo.jp/watch/sm45324010","https://www.youtube.com/watch?v=esE39EN37A8","1","19","2026-09-30","0","","已汇总第1–930期","链接未收录不等于没有官方投稿"
"nico:sm45293308","クソデッカ★オーディエンサー","GYARI（ココアシガレットP）","夏色花梨|小春六花","2025-08-15","https://www.nicovideo.jp/watch/sm45293308","https://www.youtube.com/watch?v=jCLv97IrVWs","1","4","2026-09-30","1","1","已汇总第1–930期","链接未收录不等于没有官方投稿"
"nico:sm45261441","サワーチェリーが輝いたから","海茶","琴葉茜","2025-08-08","https://www.nicovideo.jp/watch/sm45261441","","2","4","2026-09-30","2","3","已汇总第1–930期","链接未收录不等于没有官方投稿"
"nico:sm45282623","倶楽部カシオペア","ナユタン星人","初音未来","2025-08-12","https://www.nicovideo.jp/watch/sm45282623","https://www.youtube.com/watch?v=vgkPjszSSSc","1","11","2026-09-30","1","5","已汇总第1–930期","链接未收录不等于没有官方投稿"
"nico:sm45124783","T氏の話を信じるな","匹诺曹P","初音未来|重音 Teto","2025-06-27","https://www.nicovideo.jp/watch/sm45124783","https://www.youtube.com/watch?v=Jtm6ikBIl0g","8","1","2026-09-30","5","1","已汇总第1–930期","链接未收录不等于没有官方投稿"
"nico:sm45281875","ラストファラオ","じょるじん(暗黒童話P)","初音未来","2025-08-12","https://www.nicovideo.jp/watch/sm45281875","https://www.youtube.com/watch?v=vJapRUa4_jE","1","14","2026-09-30","1","9","已汇总第1–930期","链接未收录不等于没有官方投稿"
"nico:sm45272340","アイリッド","ぬゆり","flower","2025-08-09","https://www.nicovideo.jp/watch/sm45272340","https://www.youtube.com/watch?v=Pr4OUUAXbZI","1","19","2026-09-30","0","","已汇总第1–930期","链接未收录不等于没有官方投稿"
"nico:sm45252471","完全無欠のアイデアが！！","テコまる","结月缘","2025-08-03","https://www.nicovideo.jp/watch/sm45252471","","1","5","2026-09-30","1","2","已汇总第1–930期","链接未收录不等于没有官方投稿"
"nico:sm45237170","イモートワーク","子牛","音街 Una","2025-07-30","https://www.nicovideo.jp/watch/sm45237170","https://www.youtube.com/watch?v=hCXT9Ju_4ns","2","6","2026-09-30","2","2","已汇总第1–930期","链接未收录不等于没有官方投稿"
"nico:sm45232709","だ れ か ぬ い て く れ","ぬぬぬぬぬぬぬぬぬぬぬぬぬぬぬぬ","音街 Una","2025-07-28","https://www.nicovideo.jp/watch/sm45232709","","2","4","2026-09-30","1","3","已汇总第1–930期","链接未收录不等于没有官方投稿"
"nico:sm45262415","アクセラレイト","吉田夜世","初音未来","2025-08-06","https://www.nicovideo.jp/watch/sm45262415","https://www.youtube.com/watch?v=qkAKmANIHDs","1","18","2026-09-30","1","9","已汇总第1–930期","链接未收录不等于没有官方投稿"
"nico:sm45256114","なんかいい場所","シャノン","歌爱雪","2025-08-05","https://www.nicovideo.jp/watch/sm45256114","https://www.youtube.com/watch?v=MnOaOoHMToM","1","19","2026-09-30","1","10","已汇总第1–930期","链接未收录不等于没有官方投稿"
"nico:sm45265448","扇風機ビブラート","ゆこぴ","歌爱雪","2025-08-07","https://www.nicovideo.jp/watch/sm45265448","","1","20","2026-09-30","1","7","已汇总第1–930期","链接未收录不等于没有官方投稿"
"nico:sm45226138","超深淵帯","稻叶昙","歌爱雪","2025-07-26","https://www.nicovideo.jp/watch/sm45226138","https://www.youtube.com/watch?v=IJN0piNZhBE","2","4","2026-09-30","2","3","已汇总第1–930期","链接未收录不等于没有官方投稿"
"nico:sm45244373","春難色","稻叶昙","彩澄梨理世|彩澄珠紻","2025-08-01","https://www.nicovideo.jp/watch/sm45244373","","1","8","2026-09-30","1","6","已汇总第1–930期","链接未收录不等于没有官方投稿"
"nico:sm45235609","プラシイボ(ハート)バトラー","OSTER project","音街 Una","2025-07-30","https://www.nicovideo.jp/watch/sm45235609","","1","15","2026-09-30","1","8","已汇总第1–930期","链接未收录不等于没有官方投稿"
"nico:sm45223513","GOAT!","黒うさぎ","flower|可不|重音 Teto","2025-07-25","https://www.nicovideo.jp/watch/sm45223513","https://www.youtube.com/watch?v=c8dpj3I2pt0","2","16","2026-09-30","0","","已汇总第1–930期","链接未收录不等于没有官方投稿"
"nico:sm45172626","パレードレコード","きさら","初音未来","2025-07-18","https://www.nicovideo.jp/watch/sm45172626","https://www.youtube.com/watch?v=z7UF260NtyU","1","18","2026-09-30","2","6","已汇总第1–930期","链接未收录不等于没有官方投稿"
"nico:sm45180010","土星のポルカ","ナユタン星人","初音未来","2025-07-12","https://www.nicovideo.jp/watch/sm45180010","https://www.youtube.com/watch?v=n6bmgM4aemQ","2","4","2026-09-30","2","1","已汇总第1–930期","链接未收录不等于没有官方投稿"
"nico:sm45189325","千本桜（2025年版）","黒うさ（千本桜公式チャンネル）","初音未来","2025-07-15","https://www.nicovideo.jp/watch/sm45189325","","1","11","2026-09-30","0","","已汇总第1–930期","链接未收录不等于没有官方投稿"
"nico:sm45176447","愚図","isonosuke","知声","2025-07-11","https://www.nicovideo.jp/watch/sm45176447","https://www.youtube.com/watch?v=6PvEiz6MfEE","1","12","2026-09-30","1","3","已汇总第1–930期","链接未收录不等于没有官方投稿"
"nico:sm45193338","愛してランデブー","MIMI","初音未来","2025-07-16","https://www.nicovideo.jp/watch/sm45193338","https://www.youtube.com/watch?v=Td9YlfLfXzM","1","13","2026-09-30","1","9","已汇总第1–930期","链接未收录不等于没有官方投稿"
"nico:sm45184599","芥・遮二無二","栗山夕璃","flower|重音 Teto","2025-07-14","https://www.nicovideo.jp/watch/sm45184599","https://www.youtube.com/watch?v=dal7xOz3pX0","1","18","2026-09-30","1","5","已汇总第1–930期","链接未收录不等于没有官方投稿"
"nico:sm45164050","ハロー、フェルミ。","ど〜ぱみん","初音未来","2025-07-07","https://www.nicovideo.jp/watch/sm45164050","","1","12","2026-09-30","1","5","已汇总第1–930期","链接未收录不等于没有官方投稿"
"nico:so45125163","ラストラス","*Luna","初音未来","2025-06-27","https://www.nicovideo.jp/watch/so45125163","https://www.youtube.com/watch?v=gdmLEu5fVz4","3","4","2026-09-30","0","","已汇总第1–930期","链接未收录不等于没有官方投稿"
"nico:sm45175681","でていけー!!!!","cosMo＠暴走P","音街 Una","2025-07-11","https://www.nicovideo.jp/watch/sm45175681","https://www.youtube.com/watch?v=GXoFGszHVeU","1","16","2026-09-30","1","4","已汇总第1–930期","链接未收录不等于没有官方投稿"
"nico:sm45162881","余熱","MIMI","初音未来","2025-07-07","https://www.nicovideo.jp/watch/sm45162881","https://www.youtube.com/watch?v=5uHtY6DpRi4","1","18","2026-09-30","1","10","已汇总第1–930期","链接未收录不等于没有官方投稿"
"nico:sm45176348","さよならアポトーシス","サツキ","护士机器人 Type-T","2025-07-11","https://www.nicovideo.jp/watch/sm45176348","https://www.youtube.com/watch?v=HJM7xGnUO3A","1","20","2026-09-30","1","9","已汇总第1–930期","链接未收录不等于没有官方投稿"
"nico:sm45143168","サ終あざした","あばらや","重音 Teto","2025-07-01","https://www.nicovideo.jp/watch/sm45143168","https://www.youtube.com/watch?v=cknsKkzA2lM","1","7","2026-09-30","1","2","已汇总第1–930期","链接未收录不等于没有官方投稿"
"nico:sm45145045","ウーパールーパースーパーカー","ンバヂ(nbaji)","重音 Teto","2025-07-03","https://www.nicovideo.jp/watch/sm45145045","","1","13","2026-09-30","1","3","已汇总第1–930期","链接未收录不等于没有官方投稿"
"nico:sm45124777","BA乱CE","梅とら","宫舞茉歌","2025-06-29","https://www.nicovideo.jp/watch/sm45124777","","1","14","2026-09-30","1","6","已汇总第1–930期","链接未收录不等于没有官方投稿"
"nico:sm45141135","ラズリベラ","ノイ","初音未来","2025-07-01","https://www.nicovideo.jp/watch/sm45141135","","1","15","2026-09-30","1","8","已汇总第1–930期","链接未收录不等于没有官方投稿"
"nico:sm45139922","きみのためのうた","内緒のピアス","可不","2025-06-21","https://www.nicovideo.jp/watch/sm45139922","","1","18","2026-09-30","0","","已汇总第1–930期","链接未收录不等于没有官方投稿"
"nico:sm45082984","憑いている","Ruliea","初音未来","2025-06-13","https://www.nicovideo.jp/watch/sm45082984","https://www.youtube.com/watch?v=4ki6PwFu69Y","2","13","2026-09-30","0","","已汇总第1–930期","链接未收录不等于没有官方投稿"
"nico:sm45077666","光線歌","Guiano","重音 Teto","2025-06-11","https://www.nicovideo.jp/watch/sm45077666","https://www.youtube.com/watch?v=T1K831KdL1o","2","5","2026-09-30","2","2","已汇总第1–930期","链接未收录不等于没有官方投稿"
"nico:sm45084001","マジカホリック","Kai","初音未来","2025-06-13","https://www.nicovideo.jp/watch/sm45084001","https://www.youtube.com/watch?v=8s1VNX7xmRI","2","12","2026-09-30","0","","已汇总第1–930期","链接未收录不等于没有官方投稿"
"nico:sm45105269","スクレープ","ぬゆり","flower","2025-06-20","https://www.nicovideo.jp/watch/sm45105269","https://www.youtube.com/watch?v=RuI99EDIGws","1","17","2026-09-30","0","","已汇总第1–930期","链接未收录不等于没有官方投稿"
"nico:sm45073566","シャボン","MIMI","初音未来","2025-06-10","https://www.nicovideo.jp/watch/sm45073566","","1","13","2026-09-30","1","8","已汇总第1–930期","链接未收录不等于没有官方投稿"
"nico:sm45059106","スライ村","稲むり","追傩酱","2025-06-06","https://www.nicovideo.jp/watch/sm45059106","","2","10","2026-09-30","2","6","已汇总第1–930期","链接未收录不等于没有官方投稿"
"nico:sm45063205","あんたは死んだ","カンザキイオリ","重音 Teto","2025-06-07","https://www.nicovideo.jp/watch/sm45063205","https://www.youtube.com/watch?v=bKA5FxTBujA","1","16","2026-09-30","0","","已汇总第1–930期","链接未收录不等于没有官方投稿"
"nico:sm45071876","ボトルワヴ","一筆かもめ","音街 Una","2025-06-09","https://www.nicovideo.jp/watch/sm45071876","","1","17","2026-09-30","1","5","已汇总第1–930期","链接未收录不等于没有官方投稿"
"nico:sm44817818","D/N/A","Azari","MEIKO|初音未来|巡音流歌|镜音铃","2025-03-28","https://www.nicovideo.jp/watch/sm44817818","","10","3","2026-09-30","2","3","已汇总第1–930期","链接未收录不等于没有官方投稿"
"nico:sm45062486","おきゅおワルシャワ！","Shu","初音未来|巡音流歌|镜音铃","2025-06-07","https://www.nicovideo.jp/watch/sm45062486","","2","13","2026-09-30","0","","已汇总第1–930期","链接未收录不等于没有官方投稿"
"nico:sm45050454","恋しくなったら手を叩こう","MIMI","重音 Teto","2025-06-03","https://www.nicovideo.jp/watch/sm45050454","https://www.youtube.com/watch?v=5ImdVATcfKs","1","7","2026-09-30","1","7","已汇总第1–930期","链接未收录不等于没有官方投稿"
"nico:sm45042284","金時計","TakoyakiKZY","初音未来","2025-06-06","https://www.nicovideo.jp/watch/sm45042284","https://www.youtube.com/watch?v=83M2i2L0pwY","1","9","2026-09-30","1","3","已汇总第1–930期","链接未收录不等于没有官方投稿"
"nico:sm45034795","ストレートネック","OSTER project","雨衣","2025-05-30","https://www.nicovideo.jp/watch/sm45034795","","2","14","2026-09-30","2","2","已汇总第1–930期","链接未收录不等于没有官方投稿"
"nico:sm45058444","サチュレート・チョコレート","ヤマギシコージ","初音未来","2025-06-06","https://www.nicovideo.jp/watch/sm45058444","https://www.youtube.com/watch?v=S-WUtzR56GI","1","15","2026-09-30","1","8","已汇总第1–930期","链接未收录不等于没有官方投稿"
"nico:sm45047201","バンブータイガー","Rulmry.","宫舞茉歌","2025-06-02","https://www.nicovideo.jp/watch/sm45047201","","1","19","2026-09-30","1","10","已汇总第1–930期","链接未收录不等于没有官方投稿"
"nico:sm45025054","拍動","Giga & 堀江晶太(kemu)","GUMI","2025-05-27","https://www.nicovideo.jp/watch/sm45025054","https://www.youtube.com/watch?v=4Lo9ChANhr4","1","6","2026-09-30","1","1","已汇总第1–930期","链接未收录不等于没有官方投稿"
"nico:sm45020455","わたしは禁忌（2024 ver.）","いよわ","flower|初音未来","2025-05-25","https://www.nicovideo.jp/watch/sm45020455","https://www.youtube.com/watch?v=fJCjlfy7j14","2","10","2026-09-30","1","7","已汇总第1–930期","链接未收录不等于没有官方投稿"
"nico:so45023064","ココロドリーム","かいりきベア","初音未来|镜音铃","2025-05-27","https://www.nicovideo.jp/watch/so45023064","","1","12","2026-09-30","0","","已汇总第1–930期","链接未收录不等于没有官方投稿"
"nico:sm45023511","イレヴンス","ポリスピカデリー","初音未来","2025-05-29","https://www.nicovideo.jp/watch/sm45023511","https://www.youtube.com/watch?v=WfEY62WVPCc","1","13","2026-09-30","1","4","已汇总第1–930期","链接未收录不等于没有官方投稿"
"nico:sm44986252","プレイ","Giga","初音未来","2025-05-16","https://www.nicovideo.jp/watch/sm44986252","https://www.youtube.com/watch?v=6JEdJWwcIyk","3","5","2026-09-30","2","2","已汇总第1–930期","链接未收录不等于没有官方投稿"
"nico:sm44997512","ウナきりアニメ(幻覚) ノンクレジットED(幻聴)","子牛","东北切蒲英|音街 Una","2025-05-18","https://www.nicovideo.jp/watch/sm44997512","","1","6","2026-09-30","1","1","已汇总第1–930期","链接未收录不等于没有官方投稿"
"nico:sm44953291","虚無さん","shimon","flower","2025-05-06","https://www.nicovideo.jp/watch/sm44953291","","3","4","2026-09-30","1","2","已汇总第1–930期","链接未收录不等于没有官方投稿"
"nico:sm44747244","雑魚","柊マグネタイト","初音未来|重音 Teto","2025-03-10","https://www.nicovideo.jp/watch/sm44747244","","10","1","2026-09-30","3","1","已汇总第1–930期","链接未收录不等于没有官方投稿"
"nico:sm44886341","聖人君子でありたい","しゃいと","重音 Teto","2025-04-18","https://www.nicovideo.jp/watch/sm44886341","https://www.youtube.com/watch?v=hrBjKBPNi1c","2","17","2026-09-30","0","","已汇总第1–930期","链接未收录不等于没有官方投稿"
"nico:sm44976490","ストリートライト","加賀(ネギシャワーP)","KAITO|MEIKO|初音未来|巡音流歌|镜音连|镜音铃","2025-05-12","https://www.nicovideo.jp/watch/sm44976490","https://www.youtube.com/watch?v=NPOhKU5VTrQ","1","4","2026-09-30","1","2","已汇总第1–930期","链接未收录不等于没有官方投稿"
"nico:sm44941499","イレギュラーマン","マサラダ","重音 Teto","2025-05-03","https://www.nicovideo.jp/watch/sm44941499","https://www.youtube.com/watch?v=KOcReuSy67Y","3","1","2026-09-30","3","1","已汇总第1–930期","链接未收录不等于没有官方投稿"
"nico:sm44902292","V.S","大漠波新","GUMI|东北豆包|初音未来|重音 Teto|镜音连|镜音铃","2025-04-23","https://www.nicovideo.jp/watch/sm44902292","https://www.youtube.com/watch?v=AA4y13GDCgU","3","4","2026-09-30","1","4","已汇总第1–930期","链接未收录不等于没有官方投稿"
"nico:sm43890554","黙ってロックをやれって言ってんの！","猫舘 こたつ","初音未来","2024-08-05","https://www.nicovideo.jp/watch/sm43890554","","1","19","2026-09-30","0","","已汇总第1–930期","链接未收录不等于没有官方投稿"
"nico:sm44934309","お砂糖哀歌","MIMI","初音未来","2025-05-01","https://www.nicovideo.jp/watch/sm44934309","https://www.youtube.com/watch?v=LKyLOLosp54","2","8","2026-09-30","1","9","已汇总第1–930期","链接未收录不等于没有官方投稿"
"nico:sm44914060","キティ","ツミキ","初音未来","2025-04-26","https://www.nicovideo.jp/watch/sm44914060","","3","6","2026-09-30","2","2","已汇总第1–930期","链接未收录不等于没有官方投稿"
"nico:sm44947863","センス・オブ・ワンダー","sabio","初音未来|重音 Teto|镜音连","2025-05-04","https://www.nicovideo.jp/watch/sm44947863","https://www.youtube.com/watch?v=zw3Lyc8KlwI","1","14","2026-09-30","0","","已汇总第1–930期","链接未收录不等于没有官方投稿"
"nico:sm44929087","オールセーブチャレンジ","香椎モイミ","初音未来","2025-04-30","https://www.nicovideo.jp/watch/sm44929087","https://www.youtube.com/watch?v=ejG2_B95DzY","1","10","2026-09-30","1","7","已汇总第1–930期","链接未收录不等于没有官方投稿"
"nico:sm44907235","ゾンビアタック","DIVELA","初音未来","2025-04-25","https://www.nicovideo.jp/watch/sm44907235","https://www.youtube.com/watch?v=y97tZYe9Fkc","2","12","2026-09-30","1","9","已汇总第1–930期","链接未收录不等于没有官方投稿"
"nico:sm44894862","散財讃歌","Adeliae","重音 Teto","2025-04-21","https://www.nicovideo.jp/watch/sm44894862","https://www.youtube.com/watch?v=95_snXkX7UI","1","3","2026-09-30","1","1","已汇总第1–930期","链接未收录不等于没有官方投稿"
"nico:sm44886492","WOLF","バルーン","flower","2025-04-18","https://www.nicovideo.jp/watch/sm44886492","https://www.youtube.com/watch?v=yLATomaRLpk","2","11","2026-09-30","1","6","已汇总第1–930期","链接未收录不等于没有官方投稿"
"nico:sm44905013","スカーレット","Fumin","重音 Teto","2025-04-23","https://www.nicovideo.jp/watch/sm44905013","","1","19","2026-09-30","0","","已汇总第1–930期","链接未收录不等于没有官方投稿"
"nico:sm44878787","重ねトマト缶","原口沙輔","重音 Teto","2025-04-15","https://www.nicovideo.jp/watch/sm44878787","https://www.youtube.com/watch?v=2nk4KNjK9qQ","1","6","2026-09-30","1","3","已汇总第1–930期","链接未收录不等于没有官方投稿"
"nico:sm44862187","クローバー♧クラブ -C♧C-","ゆうゆP","初音未来","2025-04-12","https://www.nicovideo.jp/watch/sm44862187","https://www.youtube.com/watch?v=JAWrvTEPDLc","2","8","2026-09-30","3","1","已汇总第1–930期","链接未收录不等于没有官方投稿"
"nico:sm44857398","トルコ行進曲 - オワタ＼(^o^)","ガルナ@オワタP","初音未来","2025-04-12","https://www.nicovideo.jp/watch/sm44857398","","1","10","2026-09-30","2","1","已汇总第1–930期","链接未收录不等于没有官方投稿"
"nico:sm44831775","わすれモノ","いよわ","初音未来","2025-04-01","https://www.nicovideo.jp/watch/sm44831775","https://www.youtube.com/watch?v=530GPjbFTzg","3","1","2026-09-30","1","3","已汇总第1–930期","链接未收录不等于没有官方投稿"
"nico:sm44870116","スーパー類","原口沙輔","重音 Teto","2025-04-12","https://www.nicovideo.jp/watch/sm44870116","https://www.youtube.com/watch?v=owAteX-4kcw","2","14","2026-09-30","1","4","已汇总第1–930期","链接未收录不等于没有官方投稿"
"nico:sm44813793","ファサード・クエスチョン","サツキ","初音未来|重音 Teto","2025-04-01","https://www.nicovideo.jp/watch/sm44813793","https://www.youtube.com/watch?v=njKdvdYQ-xE","2","5","2026-09-30","1","1","已汇总第1–930期","链接未收录不等于没有官方投稿"
"nico:sm44828137","腰痛持ち、4つ打ち","なみぐる","重音 Teto","2025-04-01","https://www.nicovideo.jp/watch/sm44828137","https://www.youtube.com/watch?v=S4Ui7CzsAI8","1","13","2026-09-30","1","5","已汇总第1–930期","链接未收录不等于没有官方投稿"
"nico:so44827731","Over Flow(er)","Noz.","初音未来","2025-04-04","https://www.nicovideo.jp/watch/so44827731","https://www.youtube.com/watch?v=gJHaCNYjYjM","1","16","2026-09-30","0","","已汇总第1–930期","链接未收录不等于没有官方投稿"
"nico:sm44829129","ワンルーム隣人がちゃ","テコまる","结月缘","2025-03-31","https://www.nicovideo.jp/watch/sm44829129","","1","18","2026-09-30","1","6","已汇总第1–930期","链接未收录不等于没有官方投稿"
"nico:sm44832143","合わせ鏡のウワサ","読谷あかね","重音 Teto","2025-04-01","https://www.nicovideo.jp/watch/sm44832143","https://www.youtube.com/watch?v=Rj-7bKAsNfk","1","19","2026-09-30","0","","已汇总第1–930期","链接未收录不等于没有官方投稿"
"nico:sm44806587","アイニーク","ポリスピカデリー","里命","2025-03-25","https://www.nicovideo.jp/watch/sm44806587","https://www.youtube.com/watch?v=JrfBjV0o-dQ","1","10","2026-09-30","1","5","已汇总第1–930期","链接未收录不等于没有官方投稿"
"nico:sm44755576","アンコールダンス","MIMI","重音 Teto","2025-03-13","https://www.nicovideo.jp/watch/sm44755576","https://www.youtube.com/watch?v=5hgSET4bpbk","3","8","2026-09-30","3","7","已汇总第1–930期","链接未收录不等于没有官方投稿"
"nico:sm44806183","猫と幸福論","TakoyakiKZY","初音未来|重音 Teto","2025-03-25","https://www.nicovideo.jp/watch/sm44806183","https://www.youtube.com/watch?v=XdRoXl3y8ik","1","17","2026-09-30","1","8","已汇总第1–930期","链接未收录不等于没有官方投稿"
"nico:sm44685408","匙ノ咒","r-906","初音未来","2025-02-22","https://www.nicovideo.jp/watch/sm44685408","https://www.youtube.com/watch?v=B6vKLsh09Qw","4","2","2026-09-30","3","2","已汇总第1–930期","链接未收录不等于没有官方投稿"
"nico:sm44753979","カラフル","柊マグネタイト","宫舞茉歌","2025-03-12","https://www.nicovideo.jp/watch/sm44753979","","2","7","2026-09-30","1","2","已汇总第1–930期","链接未收录不等于没有官方投稿"
"nico:so44750083","アイドル戦士","Mitchie M","初音未来","2025-03-11","https://www.nicovideo.jp/watch/so44750083","","1","9","2026-09-30","0","","已汇总第1–930期","链接未收录不等于没有官方投稿"
"nico:sm44681459","ニャルラト","藤原ハガネ","初音未来|重音 Teto","2025-02-22","https://www.nicovideo.jp/watch/sm44681459","","3","11","2026-09-30","1","9","已汇总第1–930期","链接未收录不等于没有官方投稿"
"nico:sm44759090","Cat Swing","わかばマークおじさん","小夜","2025-03-14","https://www.nicovideo.jp/watch/sm44759090","","1","16","2026-09-30","1","6","已汇总第1–930期","链接未收录不等于没有官方投稿"
"nico:sm44745353","僕らはなんにも悪くない！","宮守文学","初音未来","2025-03-10","https://www.nicovideo.jp/watch/sm44745353","https://www.youtube.com/watch?v=WWD7qemSKyc","1","19","2026-09-30","0","","已汇总第1–930期","链接未收录不等于没有官方投稿"
"nico:sm44707207","天使の涙","MIMI","初音未来","2025-02-28","https://www.nicovideo.jp/watch/sm44707207","https://www.youtube.com/watch?v=mCYjEWWsqZ8","1","8","2026-09-30","0","","已汇总第1–930期","链接未收录不等于没有官方投稿"
"nico:sm44594615","ハローセカイ","DECO*27","初音未来","2025-02-09","https://www.nicovideo.jp/watch/sm44594615","https://www.youtube.com/watch?v=t5U0rrj0dio","3","1","2026-09-30","2","2","已汇总第1–930期","链接未收录不等于没有官方投稿"
"nico:sm44691141","Q-SIDE","かかこ","初音未来","2025-02-23","https://www.nicovideo.jp/watch/sm44691141","https://www.youtube.com/watch?v=iCh7KuXBO78","2","4","2026-09-30","2","4","已汇总第1–930期","链接未收录不等于没有官方投稿"
"nico:sm44729314","ラットホープ","kemu","GUMI","2025-03-06","https://www.nicovideo.jp/watch/sm44729314","https://www.youtube.com/watch?v=imFxSJdKlww","1","15","2026-09-30","1","4","已汇总第1–930期","链接未收录不等于没有官方投稿"
"nico:sm44711883","サイハテ（reprise）","小林オニキス","初音未来","2025-03-01","https://www.nicovideo.jp/watch/sm44711883","","1","18","2026-09-30","1","10","已汇总第1–930期","链接未收录不等于没有官方投稿"
"nico:sm44685716","1ピース","椎乃味醂","初音未来","2025-02-22","https://www.nicovideo.jp/watch/sm44685716","https://www.youtube.com/watch?v=03C9TF7Iu5Q","2","7","2026-09-30","2","6","已汇总第1–930期","链接未收录不等于没有官方投稿"
"nico:sm44674989","マリオネットダンサー","ひらぎ","初音未来","2025-02-21","https://www.nicovideo.jp/watch/sm44674989","https://www.youtube.com/watch?v=ZCKrEfBkP7c","2","3","2026-09-30","2","2","已汇总第1–930期","链接未收录不等于没有官方投稿"
"nico:sm44637918","ずんだレンジャー","なみぐる","东北豆包","2025-02-22","https://www.nicovideo.jp/watch/sm44637918","https://www.youtube.com/watch?v=Un-WmFb3xvM","2","5","2026-09-30","2","5","已汇总第1–930期","链接未收录不等于没有官方投稿"
"nico:sm44667258","エクスプロウル","晴いちばん","初音未来","2025-02-22","https://www.nicovideo.jp/watch/sm44667258","","2","14","2026-09-30","0","","已汇总第1–930期","链接未收录不等于没有官方投稿"
"nico:sm44693522","タイムリミット？","Mealerrand","鸣花姬","2025-02-24","https://www.nicovideo.jp/watch/sm44693522","","1","15","2026-09-30","1","10","已汇总第1–930期","链接未收录不等于没有官方投稿"
"nico:sm44691860","まどの景色は","濁茶","知声","2025-02-23","https://www.nicovideo.jp/watch/sm44691860","","1","16","2026-09-30","1","8","已汇总第1–930期","链接未收录不等于没有官方投稿"
"nico:sm44678677","鳴り止まない喜びと共に！","Mealerrand","足立 Rei","2025-02-22","https://www.nicovideo.jp/watch/sm44678677","","1","18","2026-09-30","0","","已汇总第1–930期","链接未收录不等于没有官方投稿"
"nico:sm44657618","ムーンアイズ・キャット","瀬名航","初音未来","2025-02-22","https://www.nicovideo.jp/watch/sm44657618","https://www.youtube.com/watch?v=l0ZViRuQapQ","1","20","2026-09-30","0","","已汇总第1–930期","链接未收录不等于没有官方投稿"
"nico:sm44565055","さよならギフテッド","Ruliea","初音未来|护士机器人 Type-T","2025-02-21","https://www.nicovideo.jp/watch/sm44565055","https://www.youtube.com/watch?v=1CI9VKyjc1k","1","7","2026-09-30","1","7","已汇总第1–930期","链接未收录不等于没有官方投稿"
"nico:sm44674547","覚悟せよ！エンタンメ〜ン","マキシウキョウ","重音 Teto","2025-02-21","https://www.nicovideo.jp/watch/sm44674547","https://www.youtube.com/watch?v=h54dlKYlIWE","1","9","2026-09-30","0","","已汇总第1–930期","链接未收录不等于没有官方投稿"
"nico:sm44662793","月詠","tokiwa","星界","2025-02-21","https://www.nicovideo.jp/watch/sm44662793","https://www.youtube.com/watch?v=1CwP19hyM54","1","12","2026-09-30","0","","已汇总第1–930期","链接未收录不等于没有官方投稿"
"nico:sm44678059","歌唱するキカイ","阿修","镜音连|镜音铃","2025-02-21","https://www.nicovideo.jp/watch/sm44678059","","1","14","2026-09-30","0","","已汇总第1–930期","链接未收录不等于没有官方投稿"
"nico:sm44633518","カニが登場するボタン","ンバヂ(nbaji)","重音 Teto","2025-02-21","https://www.nicovideo.jp/watch/sm44633518","https://www.youtube.com/watch?v=_yRM0g3gZ14","1","15","2026-09-30","1","8","已汇总第1–930期","链接未收录不等于没有官方投稿"
"nico:sm44664715","祈らず行脚","サツキ","唄音 Uta|足立 Rei|重音 Teto","2025-02-22","https://www.nicovideo.jp/watch/sm44664715","https://www.youtube.com/watch?v=kwOLaJEKVnE","1","16","2026-09-30","0","","已汇总第1–930期","链接未收录不等于没有官方投稿"
"nico:sm44664491","あなたのいないデスクトップ","豆カカオ","初音未来","2025-02-21","https://www.nicovideo.jp/watch/sm44664491","https://www.youtube.com/watch?v=8zpxkCgJZSk","1","18","2026-09-30","0","","已汇总第1–930期","链接未收录不等于没有官方投稿"
"nico:sm44650279","正信士","Sohbana","KAITO|初音未来","2025-02-22","https://www.nicovideo.jp/watch/sm44650279","","1","19","2026-09-30","0","","已汇总第1–930期","链接未收录不等于没有官方投稿"
"nico:so44608901","ハローセカイ","DECO*27（プロジェクトセカイ公式）","KAITO|MEIKO|初音未来|巡音流歌|镜音连|镜音铃","2025-02-09","https://www.nicovideo.jp/watch/so44608901","","2","4","2026-09-30","0","","已汇总第1–930期","链接未收录不等于没有官方投稿"
"nico:sm44644338","超主人公","匹诺曹P","初音未来","2025-02-14","https://www.nicovideo.jp/watch/sm44644338","https://www.youtube.com/watch?v=thmR2SmkeDU","1","5","2026-09-30","1","4","已汇总第1–930期","链接未收录不等于没有官方投稿"
"nico:sm44588693","Worlders","じん","初音未来","2025-01-29","https://www.nicovideo.jp/watch/sm44588693","","3","3","2026-09-30","2","2","已汇总第1–930期","链接未收录不等于没有官方投稿"
"nico:so44572933","はじまりの未来","40mP × sasakure.UK","初音未来","2025-01-24","https://www.nicovideo.jp/watch/so44572933","","4","5","2026-09-30","0","","已汇总第1–930期","链接未收录不等于没有官方投稿"
"nico:sm44623086","エム","内緒のピアス","可不","2025-02-10","https://www.nicovideo.jp/watch/sm44623086","https://www.youtube.com/watch?v=gf-mNb3Jyl4","1","12","2026-09-30","0","","已汇总第1–930期","链接未收录不等于没有官方投稿"
"nico:so44634109","推定ラブソング","あ子","KAITO","2025-02-13","https://www.nicovideo.jp/watch/so44634109","https://www.youtube.com/watch?v=Q4hxAaOap6k","1","15","2026-09-30","0","","已汇总第1–930期","链接未收录不等于没有官方投稿"
"nico:sm44606987","知らんけど","あくたり","重音 Teto","2025-02-08","https://www.nicovideo.jp/watch/sm44606987","https://www.youtube.com/watch?v=zUVnoSDYIEc","1","16","2026-09-30","0","","已汇总第1–930期","链接未收录不等于没有官方投稿"
"nico:sm44601300","ヘイヴン","煮ル果実","flower","2025-02-01","https://www.nicovideo.jp/watch/sm44601300","https://www.youtube.com/watch?v=MJa46AEGMb4","2","12","2026-09-30","0","","已汇总第1–930期","链接未收录不等于没有官方投稿"
"nico:sm44588461","はじまりの未来(Ergo ver)","40mP × sasakure.UK","初音未来","2025-01-28","https://www.nicovideo.jp/watch/sm44588461","https://www.youtube.com/watch?v=0E6sIrnXFe4","1","8","2026-09-30","1","3","已汇总第1–930期","链接未收录不等于没有官方投稿"
"nico:sm44572287","そらをとぶ","Noz.","GUMI|镜音铃","2025-01-24","https://www.nicovideo.jp/watch/sm44572287","https://www.youtube.com/watch?v=HZf7AR7QWvQ","2","7","2026-09-30","2","4","已汇总第1–930期","链接未收录不等于没有官方投稿"
"nico:sm44594923","HELLO, NEW WORLD!","TearyPlanet","巡音流歌","2025-01-30","https://www.nicovideo.jp/watch/sm44594923","https://www.youtube.com/watch?v=AH7x78UqTDk","1","11","2026-09-30","1","4","已汇总第1–930期","链接未收录不等于没有官方投稿"
"nico:so44572822","ファイアダンス","DECO*27","KAITO|MEIKO|初音未来|镜音连","2025-01-25","https://www.nicovideo.jp/watch/so44572822","","1","13","2026-09-30","0","","已汇总第1–930期","链接未收录不等于没有官方投稿"
"nico:so44573391","そこに在る、光。","DECO*27","MEIKO|初音未来|巡音流歌|镜音铃","2025-01-28","https://www.nicovideo.jp/watch/so44573391","","1","15","2026-09-30","0","","已汇总第1–930期","链接未收录不等于没有官方投稿"
"nico:sm44572865","ホラフキパペット","和田たけあき","重音 Teto","2025-01-24","https://www.nicovideo.jp/watch/sm44572865","","2","17","2026-09-30","1","9","已汇总第1–930期","链接未收录不等于没有官方投稿"
"nico:sm44555959","ミス・ペトロール","Sohbana","初音未来","2025-01-21","https://www.nicovideo.jp/watch/sm44555959","https://www.youtube.com/watch?v=_R_jxm4Rdec","1","9","2026-09-30","1","6","已汇总第1–930期","链接未收录不等于没有官方投稿"
"nico:sm44542557","おそうしき","電?鯨","可不","2025-01-15","https://www.nicovideo.jp/watch/sm44542557","","1","12","2026-09-30","1","6","已汇总第1–930期","链接未收录不等于没有官方投稿"
"nico:sm44470676","進捗ダメダメです","GYARI（ココアシガレットP）","宫舞茉歌","2024-12-27","https://www.nicovideo.jp/watch/sm44470676","","4","4","2026-09-30","5","1","已汇总第1–930期","链接未收录不等于没有官方投稿"
"nico:sm44503196","the Hole","r-906","初音未来|足立 Rei","2025-01-04","https://www.nicovideo.jp/watch/sm44503196","https://www.youtube.com/watch?v=qe29NgNqJZw","3","4","2026-09-30","2","1","已汇总第1–930期","链接未收录不等于没有官方投稿"
"nico:sm44523585","全キャンBABY","Sig","flower|东北豆包|初音未来|可不|足立 Rei|重音 Teto|音街 Una","2025-01-10","https://www.nicovideo.jp/watch/sm44523585","https://www.youtube.com/watch?v=ss31eVUuRRI","1","15","2026-09-30","0","","已汇总第1–930期","链接未收录不等于没有官方投稿"
"nico:sm44509911","罪と罰 (Reloaded)","DECO*27","初音未来","2025-01-10","https://www.nicovideo.jp/watch/sm44509911","https://www.youtube.com/watch?v=iD3oF5HkPms","1","10","2026-09-30","1","6","已汇总第1–930期","链接未收录不等于没有官方投稿"
"nico:sm44409858","サイエンス","MIMI","重音 Teto","2024-12-14","https://www.nicovideo.jp/watch/sm44409858","https://www.youtube.com/watch?v=m-bvW4pKT68","5","4","2026-09-30","3","4","已汇总第1–930期","链接未收录不等于没有官方投稿"
"nico:sm44469407","ニャン","MARETU","初音未来","2024-12-27","https://www.nicovideo.jp/watch/sm44469407","https://www.youtube.com/watch?v=SOhCtSuVSWo","3","7","2026-09-30","1","7","已汇总第1–930期","链接未收录不等于没有官方投稿"
"nico:sm44419555","2代目閻魔","読谷あかね","重音 Teto","2024-12-14","https://www.nicovideo.jp/watch/sm44419555","https://www.youtube.com/watch?v=ATUpo33OvdA","2","7","2026-09-30","2","5","已汇总第1–930期","链接未收录不等于没有官方投稿"
"nico:sm44450306","烈火","niki","初音未来","2024-12-24","https://www.nicovideo.jp/watch/sm44450306","","1","13","2026-09-30","1","8","已汇总第1–930期","链接未收录不等于没有官方投稿"
"nico:sm44465802","ピタゴラス・ウィッチ","Kai","初音未来","2024-12-27","https://www.nicovideo.jp/watch/sm44465802","https://www.youtube.com/watch?v=fdgZA-8T5sM","1","14","2026-09-30","0","","已汇总第1–930期","链接未收录不等于没有官方投稿"
"nico:sm44416100","SAN値直葬","STEAKA","初音未来","2024-12-20","https://www.nicovideo.jp/watch/sm44416100","","2","8","2026-09-30","1","8","已汇总第1–930期","链接未收录不等于没有官方投稿"
"nico:sm44414922","イライラしている！","じん","重音 Teto","2024-12-11","https://www.nicovideo.jp/watch/sm44414922","","2","5","2026-09-30","1","4","已汇总第1–930期","链接未收录不等于没有官方投稿"
"nico:sm44437463","脳内ヲカタヅケ代行サービス","cosMo＠暴走P","音街 Una","2024-12-18","https://www.nicovideo.jp/watch/sm44437463","https://www.youtube.com/watch?v=IoVyyeJoL5Y","1","10","2026-09-30","1","7","已汇总第1–930期","链接未收录不等于没有官方投稿"
"nico:sm44431033","ペンギンときめきセンター","ンバヂ(nbaji)","重音 Teto","2024-12-16","https://www.nicovideo.jp/watch/sm44431033","https://www.youtube.com/watch?v=OUJsHy3S6QU","1","13","2026-09-30","1","6","已汇总第1–930期","链接未收录不等于没有官方投稿"
"nico:sm44428799","アバウト","ポリスピカデリー","里命","2024-10-30","https://www.nicovideo.jp/watch/sm44428799","https://www.youtube.com/watch?v=_ICp8XVriDc","1","16","2026-09-30","1","9","已汇总第1–930期","链接未收录不等于没有官方投稿"
"nico:sm44434906","はしる! とおく! とどく!","薄塩指数","重音 Teto","2024-12-19","https://www.nicovideo.jp/watch/sm44434906","","1","17","2026-09-30","0","","已汇总第1–930期","链接未收录不等于没有官方投稿"
"nico:sm44410186","【 お 嬢 様 ず ん だ ど ん 】","とよすY-22","东北豆包","2024-12-09","https://www.nicovideo.jp/watch/sm44410186","","1","8","2026-09-30","1","3","已汇总第1–930期","链接未收录不等于没有官方投稿"
"nico:sm44391146","ぼくのかみさま","羽生まゐご","flower","2024-12-04","https://www.nicovideo.jp/watch/sm44391146","https://www.youtube.com/watch?v=nP3Lv7CfCFs","2","8","2026-09-30","1","7","已汇总第1–930期","链接未收录不等于没有官方投稿"
"nico:sm44377485","ファイア△フライ","煮ル果実×いよわ","flower","2024-11-30","https://www.nicovideo.jp/watch/sm44377485","https://www.youtube.com/watch?v=c8cjlEivOuA","2","7","2026-09-30","2","9","已汇总第1–930期","链接未收录不等于没有官方投稿"
"nico:sm44367359","キラー","夏代孝明","初音未来","2024-11-27","https://www.nicovideo.jp/watch/sm44367359","https://www.youtube.com/watch?v=Yz2UiHN-u6E","1","4","2026-09-30","1","3","已汇总第1–930期","链接未收录不等于没有官方投稿"
"nico:sm44350761","ダーリンダーリン","めろくる","夏色花梨","2024-11-23","https://www.nicovideo.jp/watch/sm44350761","https://www.youtube.com/watch?v=-LEB8vHLQbI","1","8","2026-09-30","1","4","已汇总第1–930期","链接未收录不等于没有官方投稿"
"nico:sm44329857","む","大漠波新","足立 Rei|重音 Teto","2024-11-18","https://www.nicovideo.jp/watch/sm44329857","https://www.youtube.com/watch?v=gXNWjnE5gT0","2","2","2026-09-30","1","3","已汇总第1–930期","链接未收录不等于没有官方投稿"
"nico:sm44371801","狐子ちゃんのココカラ脱騒曲","南ノ南","狐子","2024-11-29","https://www.nicovideo.jp/watch/sm44371801","","1","13","2026-09-30","1","6","已汇总第1–930期","链接未收录不等于没有官方投稿"
"nico:sm44361324","アグリースワン","Van de Shop","flower","2024-11-26","https://www.nicovideo.jp/watch/sm44361324","","1","18","2026-09-30","1","8","已汇总第1–930期","链接未收录不等于没有官方投稿"
"nico:sm44335497","ミルコメダ","まらしぃ","初音未来","2024-11-19","https://www.nicovideo.jp/watch/sm44335497","","1","8","2026-09-30","1","4","已汇总第1–930期","链接未收录不等于没有官方投稿"
"nico:sm44317516","僕なんかいなくても","匹诺曹P","初音未来","2024-11-15","https://www.nicovideo.jp/watch/sm44317516","https://www.youtube.com/watch?v=A1XqqVWyUl4","2","5","2026-09-30","2","3","已汇总第1–930期","链接未收录不等于没有官方投稿"
"nico:sm44299597","劣等哀歌","MIMI","初音未来|重音 Teto","2024-11-08","https://www.nicovideo.jp/watch/sm44299597","https://www.youtube.com/watch?v=HkTihNKCWFA","2","3","2026-09-30","2","9","已汇总第1–930期","链接未收录不等于没有官方投稿"
"nico:sm43089818","電気予報","稻叶昙","初音未来","2023-12-01","https://www.nicovideo.jp/watch/sm43089818","https://www.youtube.com/watch?v=Imcr7rsBxsc","3","2","2026-09-30","2","2","已汇总第1–930期","链接未收录不等于没有官方投稿"
"nico:sm44316541","ボーイズセイハロウ","Sohbana","重音 Teto","2024-11-13","https://www.nicovideo.jp/watch/sm44316541","https://www.youtube.com/watch?v=kWvd7ROuQKY","1","17","2026-09-30","0","","已汇总第1–930期","链接未收录不等于没有官方投稿"
"nico:sm44294781","初の音","瀬名航","初音未来","2024-11-08","https://www.nicovideo.jp/watch/sm44294781","https://www.youtube.com/watch?v=IPZOiUxOL78","1","11","2026-09-30","1","3","已汇总第1–930期","链接未收录不等于没有官方投稿"
"nico:sm44300635","センティメント","ポリスピカデリー","GUMI","2024-11-08","https://www.nicovideo.jp/watch/sm44300635","https://www.youtube.com/watch?v=AI0B5awBveU","1","12","2026-09-30","1","4","已汇总第1–930期","链接未收录不等于没有官方投稿"
"nico:sm44274650","ひまつぶシステム","子牛","音街 Una","2024-11-01","https://www.nicovideo.jp/watch/sm44274650","https://www.youtube.com/watch?v=miMEILP03g4","2","6","2026-09-30","2","1","已汇总第1–930期","链接未收录不等于没有官方投稿"
"nico:sm44268146","フューエル","鬱P","初音未来","2024-10-30","https://www.nicovideo.jp/watch/sm44268146","","1","8","2026-09-30","1","5","已汇总第1–930期","链接未收录不等于没有官方投稿"
"nico:sm44269918","vうなぎのぼれびくとりー!!!v","カルロス袴田(サイゼP)","音街 Una","2024-11-01","https://www.nicovideo.jp/watch/sm44269918","","1","10","2026-09-30","1","4","已汇总第1–930期","链接未收录不等于没有官方投稿"
"nico:sm44269379","ステヰグマ","Shu","KAITO|MEIKO","2024-10-30","https://www.nicovideo.jp/watch/sm44269379","https://www.youtube.com/watch?v=VKbPLavNqFk","1","19","2026-09-30","0","","已汇总第1–930期","链接未收录不等于没有官方投稿"
"nico:sm44194393","ネバーランド","DECO*27","初音未来","2024-10-18","https://www.nicovideo.jp/watch/sm44194393","https://www.youtube.com/watch?v=48Csilkjev0","2","4","2026-09-30","2","2","已汇总第1–930期","链接未收录不等于没有官方投稿"
"nico:sm44231784","贅沢と君とカプチーノ","shikisai","初音未来|镜音铃","2024-10-19","https://www.nicovideo.jp/watch/sm44231784","https://www.youtube.com/watch?v=LPci3mEA5AA","1","13","2026-09-30","1","5","已汇总第1–930期","链接未收录不等于没有官方投稿"
"nico:sm44248186","狂笑トリックスターズ","OSTER project","东北豆包|初音未来|重音 Teto","2024-10-25","https://www.nicovideo.jp/watch/sm44248186","https://www.youtube.com/watch?v=nnO9-4852DQ","1","20","2026-09-30","1","3","已汇总第1–930期","链接未收录不等于没有官方投稿"
"nico:sm44200282","外のヒト","原口沙輔","重音 Teto","2024-10-10","https://www.nicovideo.jp/watch/sm44200282","https://www.youtube.com/watch?v=VkWhbmeeTXs","2","4","2026-09-30","2","3","已汇总第1–930期","链接未收录不等于没有官方投稿"
"nico:so44223407","げんてん","大漠波新","MEIKO","2024-10-17","https://www.nicovideo.jp/watch/so44223407","https://www.youtube.com/watch?v=xADz415OHB8","1","13","2026-09-30","0","","已汇总第1–930期","链接未收录不等于没有官方投稿"
"nico:sm44195185","エンパープル","はるまきごはん","初音未来|重音 Teto","2024-10-09","https://www.nicovideo.jp/watch/sm44195185","https://www.youtube.com/watch?v=InZ7GOU-CQ8","2","6","2026-09-30","1","5","已汇总第1–930期","链接未收录不等于没有官方投稿"
"nico:sm44166253","シンカンセンスゴイカタイアイス","シャノン","GUMI|初音未来|歌爱雪","2024-10-01","https://www.nicovideo.jp/watch/sm44166253","https://www.youtube.com/watch?v=O_VRIuKM9gw","2","6","2026-09-30","2","4","已汇总第1–930期","链接未收录不等于没有官方投稿"
"nico:sm44167259","熱風","kemu","初音未来","2024-10-01","https://www.nicovideo.jp/watch/sm44167259","https://www.youtube.com/watch?v=y7uFVdBluns","2","4","2026-09-30","1","3","已汇总第1–930期","链接未收录不等于没有官方投稿"
"nico:sm44196769","紅白回転 ダ・フラスバーン","マキシウキョウ","重音 Teto","2024-10-10","https://www.nicovideo.jp/watch/sm44196769","https://www.youtube.com/watch?v=nOJsxrBqtpY","1","14","2026-09-30","1","8","已汇总第1–930期","链接未收录不等于没有官方投稿"
"nico:sm44206354","燭","wotaku","镜音连","2024-10-12","https://www.nicovideo.jp/watch/sm44206354","https://www.youtube.com/watch?v=npEandV0PZo","1","20","2026-09-30","0","","已汇总第1–930期","链接未收录不等于没有官方投稿"
"nico:sm44136954","ワカンナイト☆フィーバー！？","キノシタ","镜音铃|音街 Una","2024-09-23","https://www.nicovideo.jp/watch/sm44136954","","1","19","2026-09-30","1","7","已汇总第1–930期","链接未收录不等于没有官方投稿"
"nico:sm44090782","夏に去りし君を想フ","baker","初音未来","2024-09-13","https://www.nicovideo.jp/watch/sm44090782","https://www.youtube.com/watch?v=I4BohE0fw34","2","4","2026-09-30","2","2","已汇总第1–930期","链接未收录不等于没有官方投稿"
"nico:sm44102888","ノシノシ","原口沙輔","初音未来|重音 Teto","2024-09-14","https://www.nicovideo.jp/watch/sm44102888","","2","3","2026-09-30","2","1","已汇总第1–930期","链接未收录不等于没有官方投稿"
"nico:sm44062385","インプレゾンビ","Adeliae","重音 Teto","2024-09-04","https://www.nicovideo.jp/watch/sm44062385","https://www.youtube.com/watch?v=C_JDvWoCcJQ","2","3","2026-09-30","2","1","已汇总第1–930期","链接未收录不等于没有官方投稿"
"nico:sm44050675","全部夢だった！","黒うさぎ","重音 Teto","2024-09-01","https://www.nicovideo.jp/watch/sm44050675","https://www.youtube.com/watch?v=z13hzDHruo8","2","7","2026-09-30","2","6","已汇总第1–930期","链接未收录不等于没有官方投稿"
"nico:sm43937640","サッドガール・セックス","DECO*27","初音未来","2024-08-23","https://www.nicovideo.jp/watch/sm43937640","https://www.youtube.com/watch?v=GVXhyFPDClw","2","6","2026-09-30","2","2","已汇总第1–930期","链接未收录不等于没有官方投稿"
"nico:sm43854078","ユレ弧","原口沙輔","重音 Teto","2024-05-31","https://www.nicovideo.jp/watch/sm43854078","https://www.youtube.com/watch?v=AhbgUXP4vCw","1","5","2026-09-30","1","2","已汇总第1–930期","链接未收录不等于没有官方投稿"
"nico:sm43853429","Red Rose","柊マグネタイト","初音未来","2024-05-31","https://www.nicovideo.jp/watch/sm43853429","https://www.youtube.com/watch?v=4cjuCsOrXGI","1","6","2026-09-30","1","4","已汇总第1–930期","链接未收录不等于没有官方投稿"
"nico:sm43837068","どうせ、狂った世の中だ。","sabio","重音 Teto|镜音连","2024-05-26","https://www.nicovideo.jp/watch/sm43837068","https://www.youtube.com/watch?v=QVZ_ixuqffc","1","11","2026-09-30","1","3","已汇总第1–930期","链接未收录不等于没有官方投稿"
"nico:sm43841079","ふぁんぶる！","藤原ハガネ","重音 Teto","2024-05-30","https://www.nicovideo.jp/watch/sm43841079","","1","13","2026-09-30","1","9","已汇总第1–930期","链接未收录不等于没有官方投稿"
"nico:sm43835805","フラワーベッド・フェノメノン","アオワイファイ","初音未来","2024-05-27","https://www.nicovideo.jp/watch/sm43835805","","1","16","2026-09-30","0","","已汇总第1–930期","链接未收录不等于没有官方投稿"
"nico:sm43829151","女の子なのだ","OSTER project","东北豆包","2024-05-26","https://www.nicovideo.jp/watch/sm43829151","https://www.youtube.com/watch?v=e5h2iOiUQJQ","1","18","2026-09-30","1","5","已汇总第1–930期","链接未收录不等于没有官方投稿"
"nico:sm43802548","頭ン痛","えいぷ","重音 Teto","2024-05-18","https://www.nicovideo.jp/watch/sm43802548","https://www.youtube.com/watch?v=jneo_p9h6WI","1","8","2026-09-30","1","3","已汇总第1–930期","链接未收录不等于没有官方投稿"
"nico:sm43814210","裏世界","niki","可不","2024-05-20","https://www.nicovideo.jp/watch/sm43814210","https://www.youtube.com/watch?v=xQqbQ_x0ubo","1","9","2026-09-30","1","4","已汇总第1–930期","链接未收录不等于没有官方投稿"
"nico:sm43793031","ナン食べたい","ゆこぴ","歌爱雪","2024-05-17","https://www.nicovideo.jp/watch/sm43793031","","2","12","2026-09-30","2","5","已汇总第1–930期","链接未收录不等于没有官方投稿"
"nico:sm43763569","嘘ミーム","匹诺曹P","初音未来","2024-05-10","https://www.nicovideo.jp/watch/sm43763569","https://www.youtube.com/watch?v=A1Ptl0qs-pE","3","6","2026-09-30","2","5","已汇总第1–930期","链接未收录不等于没有官方投稿"
"nico:sm43766827","アフターエポックス","sasakure.UK","初音未来","2024-05-10","https://www.nicovideo.jp/watch/sm43766827","https://www.youtube.com/watch?v=pykE4kMhUUU","2","7","2026-09-30","2","4","已汇总第1–930期","链接未收录不等于没有官方投稿"
"nico:sm43712842","クリエイトがある","いよわ","初音未来","2024-04-27","https://www.nicovideo.jp/watch/sm43712842","https://www.youtube.com/watch?v=IBDa5nHgQ74","2","7","2026-09-30","1","8","已汇总第1–930期","链接未收录不等于没有官方投稿"
"nico:sm43708331","あいたい星人","DECO*27","初音未来","2024-05-10","https://www.nicovideo.jp/watch/sm43708331","https://www.youtube.com/watch?v=94a-OgA0dhg","1","13","2026-09-30","1","9","已汇总第1–930期","链接未收录不等于没有官方投稿"
"nico:sm43738884","生きてる理由が分からない","神様うさぎ","初音未来|重音 Teto","2024-05-05","https://www.nicovideo.jp/watch/sm43738884","","1","16","2026-09-30","0","","已汇总第1–930期","链接未收录不等于没有官方投稿"
"nico:sm43740174","イヤイヤヨ","MARETU","初音未来","2024-05-03","https://www.nicovideo.jp/watch/sm43740174","https://www.youtube.com/watch?v=WBWKapFQFL0","2","10","2026-09-30","0","","已汇总第1–930期","链接未收录不等于没有官方投稿"
"nico:sm43750830","UNFADING","MIMI","初音未来","2024-05-05","https://www.nicovideo.jp/watch/sm43750830","https://www.youtube.com/watch?v=uUB2qgVBBjY","1","19","2026-09-30","0","","已汇总第1–930期","链接未收录不等于没有官方投稿"
"nico:sm43729891","歌うbot","原口沙輔","足立 Rei","2024-05-01","https://www.nicovideo.jp/watch/sm43729891","https://www.youtube.com/watch?v=FT5hOOlQjyM","1","4","2026-09-30","1","2","已汇总第1–930期","链接未收录不等于没有官方投稿"
"nico:sm43709926","モンダイナイトリッパー！(code:MK ver)","sasakure.UK","初音未来","2024-04-29","https://www.nicovideo.jp/watch/sm43709926","https://www.youtube.com/watch?v=fl3tWO1v8RY","1","15","2026-09-30","1","5","已汇总第1–930期","链接未收录不等于没有官方投稿"
"nico:sm43679339","私は雨","稻叶昙","歌爱雪","2024-04-19","https://www.nicovideo.jp/watch/sm43679339","https://www.youtube.com/watch?v=EEk4JGzqoFg","3","3","2026-09-30","2","2","已汇总第1–930期","链接未收录不等于没有官方投稿"
"nico:sm43694786","は？お前ほんとマジお前分かってねえわマジで一旦とりあえず聞けってマジ","d.j.ァネイロ","足立 Rei","2024-04-23","https://www.nicovideo.jp/watch/sm43694786","https://www.youtube.com/watch?v=1G4bYPl09Zo","1","10","2026-09-30","1","4","已汇总第1–930期","链接未收录不等于没有官方投稿"
"nico:sm43664035","伊っ達さ","マキシウキョウ","重音 Teto","2024-04-15","https://www.nicovideo.jp/watch/sm43664035","https://www.youtube.com/watch?v=cRGp-LyGo1w","1","9","2026-09-30","1","7","已汇总第1–930期","链接未收录不等于没有官方投稿"
"nico:sm43679334","白い雪のプリンセスは-Re:incarnation-","のぼる↑","初音未来","2024-04-20","https://www.nicovideo.jp/watch/sm43679334","https://www.youtube.com/watch?v=R8FC8ChDsBM","1","16","2026-09-30","1","8","已汇总第1–930期","链接未收录不等于没有官方投稿"
"nico:sm43654892","M@GICAL☆CURE! LOVE ▼ SHOT!","SAWTOWNE","初音未来","2024-04-13","https://www.nicovideo.jp/watch/sm43654892","https://www.youtube.com/watch?v=LaEgpNBt-bQ","1","20","2026-09-30","1","9","已汇总第1–930期","链接未收录不等于没有官方投稿"
"nico:sm43606350","乖離するゲンザイ","阿修","重音 Teto","2024-04-01","https://www.nicovideo.jp/watch/sm43606350","","1","9","2026-09-30","1","5","已汇总第1–930期","链接未收录不等于没有官方投稿"
"nico:sm43563374","ビノミ","MARETU","初音未来","2024-03-23","https://www.nicovideo.jp/watch/sm43563374","https://www.youtube.com/watch?v=fGizrX4JjPg","2","8","2026-09-30","1","6","已汇总第1–930期","链接未收录不等于没有官方投稿"
"nico:sm42814026","みんなのコメント参考ドラゴン","ンバヂ(nbaji)","重音 Teto","2023-09-27","https://www.nicovideo.jp/watch/sm42814026","https://www.youtube.com/watch?v=NZQpztPYvkQ","1","10","2026-09-30","3","3","已汇总第1–930期","链接未收录不等于没有官方投稿"
"nico:sm43583175","夜もすがら君想ふ (10th Anniv.)","TOKOTOKO（西沢さんP）","GUMI","2024-03-27","https://www.nicovideo.jp/watch/sm43583175","https://www.youtube.com/watch?v=xKREOxN4GWo","1","11","2026-09-30","1","5","已汇总第1–930期","链接未收录不等于没有官方投稿"
"nico:sm43435072","ワーストリグレット","youまん","GUMI","2024-02-23","https://www.nicovideo.jp/watch/sm43435072","https://www.youtube.com/watch?v=_nqZc0KOc1U","3","4","2026-09-30","2","4","已汇总第1–930期","链接未收录不等于没有官方投稿"
"nico:sm43501233","Glorious Day","Eve","初音未来","2024-03-09","https://www.nicovideo.jp/watch/sm43501233","https://www.youtube.com/watch?v=ABQvefYR9ec","2","5","2026-09-30","2","2","已汇总第1–930期","链接未收录不等于没有官方投稿"
"nico:sm43490001","ルーキー","DECO*27","初音未来","2024-03-09","https://www.nicovideo.jp/watch/sm43490001","https://www.youtube.com/watch?v=owv06htaoI8","2","12","2026-09-30","2","7","已汇总第1–930期","链接未收录不等于没有官方投稿"
"nico:sm42595400","ちっちゃな私","マサラダ","重音 Teto","2023-08-08","https://www.nicovideo.jp/watch/sm42595400","https://www.youtube.com/watch?v=4aFC2oC-wHA","2","8","2026-09-30","1","6","已汇总第1–930期","链接未收录不等于没有官方投稿"
"nico:sm43462792","エスパーエスパー","ナユタン星人","初音未来","2024-03-01","https://www.nicovideo.jp/watch/sm43462792","https://www.youtube.com/watch?v=VA35FGCCX0E","2","9","2026-09-30","2","3","已汇总第1–930期","链接未收录不等于没有官方投稿"
"nico:sm43449029","たびのまえ、たびのあと","いよわ","初音未来","2024-02-27","https://www.nicovideo.jp/watch/sm43449029","https://www.youtube.com/watch?v=HbS1T4d1P70","2","4","2026-09-30","2","2","已汇总第1–930期","链接未收录不等于没有官方投稿"
"nico:sm43425815","スマート???","まらしぃ","镜音铃","2024-02-23","https://www.nicovideo.jp/watch/sm43425815","","2","1","2026-09-30","2","2","已汇总第1–930期","链接未收录不等于没有官方投稿"
"nico:sm43444228","ず ん だ も ん は 男 の 娘 で す","ぬぬぬぬぬぬぬぬぬぬぬぬぬぬぬぬ","东北豆包|歌爱雪","2024-02-24","https://www.nicovideo.jp/watch/sm43444228","","2","9","2026-09-30","1","4","已汇总第1–930期","链接未收录不等于没有官方投稿"
"nico:sm43435446","可不ェイン","柊マグネタイト","可不","2024-02-23","https://www.nicovideo.jp/watch/sm43435446","https://www.youtube.com/watch?v=nN-7twhjdeU","2","5","2026-09-30","2","5","已汇总第1–930期","链接未收录不等于没有官方投稿"
"nico:sm43431860","あちこちデートさん","駄菓子O型","Merrow","2024-02-22","https://www.nicovideo.jp/watch/sm43431860","","2","6","2026-09-30","2","3","已汇总第1–930期","链接未收录不等于没有官方投稿"
"nico:sm43470731","ダウンタイマー","かいりきベア","初音未来","2024-03-01","https://www.nicovideo.jp/watch/sm43470731","https://www.youtube.com/watch?v=ZaqryLW9ZV4","1","18","2026-09-30","0","","已汇总第1–930期","链接未收录不等于没有官方投稿"
"nico:sm43461360","JUMPIN' OVER !","r-906","初音未来","2024-02-28","https://www.nicovideo.jp/watch/sm43461360","https://www.youtube.com/watch?v=P2KRg60WPvE","1","19","2026-09-30","0","","已汇总第1–930期","链接未收录不等于没有官方投稿"
"nico:sm43431124","裏命ちゃんのフクオカトリップ奇騒曲","南ノ南","里命","2024-02-23","https://www.nicovideo.jp/watch/sm43431124","https://www.youtube.com/watch?v=YyUYbaBRi5g","2","13","2026-09-30","0","","已汇总第1–930期","链接未收录不等于没有官方投稿"
"nico:sm43425730","一龠","d.j.ァネイロ","flower","2024-02-22","https://www.nicovideo.jp/watch/sm43425730","https://www.youtube.com/watch?v=iWzUxFQQAKY","1","7","2026-09-30","1","6","已汇总第1–930期","链接未收录不等于没有官方投稿"
"nico:sm43427915","VOCALOID COMMUNICATION!!!","Project Lumina","初音未来","2024-02-22","https://www.nicovideo.jp/watch/sm43427915","https://www.youtube.com/watch?v=dIbXCUUXWL8","1","8","2026-09-30","1","10","已汇总第1–930期","链接未收录不等于没有官方投稿"
"nico:sm43435533","流行りのアイス","もちうつね","初音未来","2024-02-23","https://www.nicovideo.jp/watch/sm43435533","https://www.youtube.com/watch?v=9Rdf542nJJ8","1","10","2026-09-30","0","","已汇总第1–930期","链接未收录不等于没有官方投稿"
"nico:sm43433416","ずんだタコヤーキ","なみぐる","东北豆包","2024-02-23","https://www.nicovideo.jp/watch/sm43433416","https://www.youtube.com/watch?v=pbb7EQx-7tA","1","11","2026-09-30","1","8","已汇总第1–930期","链接未收录不等于没有官方投稿"
"nico:sm43305065","ヤババイナ","さたぱんP","东北豆包|初音未来|重音 Teto","2024-02-22","https://www.nicovideo.jp/watch/sm43305065","","1","14","2026-09-30","0","","已汇总第1–930期","链接未收录不等于没有官方投稿"
"nico:sm43431828","ブリングミー","ぬゆり","flower","2024-02-23","https://www.nicovideo.jp/watch/sm43431828","https://www.youtube.com/watch?v=8CKC0B8u8JI","1","15","2026-09-30","0","","已汇总第1–930期","链接未收录不等于没有官方投稿"
"nico:sm43436216","ピリオド","椎乃味醂","初音未来","2024-02-23","https://www.nicovideo.jp/watch/sm43436216","https://www.youtube.com/watch?v=5Y1_V8fMdTM","1","16","2026-09-30","0","","已汇总第1–930期","链接未收录不等于没有官方投稿"
"nico:sm43436975","CAMPAIGNR","Sohbana","花隈千冬|重音 Teto","2024-02-23","https://www.nicovideo.jp/watch/sm43436975","https://www.youtube.com/watch?v=bBn9rhucAJU","1","19","2026-09-30","0","","已汇总第1–930期","链接未收录不等于没有官方投稿"
"nico:sm43431255","ナ2モノ","Shu","初音未来|巡音流歌","2024-02-23","https://www.nicovideo.jp/watch/sm43431255","https://www.youtube.com/watch?v=r-0Q1q5MnRg","1","20","2026-09-30","0","","已汇总第1–930期","链接未收录不等于没有官方投稿"
"nico:sm43395859","Encounter","Orangestar","初音未来","2024-02-16","https://www.nicovideo.jp/watch/sm43395859","https://www.youtube.com/watch?v=EUMn-kJbNc0","1","3","2026-09-30","1","2","已汇总第1–930期","链接未收录不等于没有官方投稿"
"nico:sm43400125","むげんのチケット","まらしぃ","KAITO|初音未来","2024-02-17","https://www.nicovideo.jp/watch/sm43400125","","1","5","2026-09-30","1","3","已汇总第1–930期","链接未收录不等于没有官方投稿"
"nico:sm43365493","ひゅ〜どろどろ","栗山夕璃","MEIKO|Saki|初音未来","2024-02-09","https://www.nicovideo.jp/watch/sm43365493","","2","10","2026-09-30","2","5","已汇总第1–930期","链接未收录不等于没有官方投稿"
"nico:sm43394007","ラプラスショコラ","Kai","初音未来","2024-02-14","https://www.nicovideo.jp/watch/sm43394007","https://www.youtube.com/watch?v=easT0DZDAs8","1","12","2026-09-30","0","","已汇总第1–930期","链接未收录不等于没有官方投稿"
"nico:sm43349895","病み垢ステロイド","かいりきベア","初音未来","2024-02-03","https://www.nicovideo.jp/watch/sm43349895","https://www.youtube.com/watch?v=-Yx3LcfBbHs","3","3","2026-09-30","2","6","已汇总第1–930期","链接未收录不等于没有官方投稿"
"nico:sm43367934","キノコがはえてる!!","cosMo＠暴走P","初音未来|音街 Una","2024-02-08","https://www.nicovideo.jp/watch/sm43367934","https://www.youtube.com/watch?v=XwCv6Gm3Q3Q","2","13","2026-09-30","2","4","已汇总第1–930期","链接未收录不等于没有官方投稿"
"nico:sm43354255","ゆめみるうろこ","いよわ","知声","2024-02-04","https://www.nicovideo.jp/watch/sm43354255","https://www.youtube.com/watch?v=7-2PUEl-7a4","1","5","2026-09-30","1","1","已汇总第1–930期","链接未收录不等于没有官方投稿"
"nico:sm43355353","サイバーパンクデッドボーイ","マイキP","初音未来","2024-02-04","https://www.nicovideo.jp/watch/sm43355353","https://www.youtube.com/watch?v=5HPJ7eUvU4o","1","8","2026-09-30","1","3","已汇总第1–930期","链接未收录不等于没有官方投稿"
"nico:sm43297412","Aじゃないか","匹诺曹P","初音未来|镜音铃","2024-01-26","https://www.nicovideo.jp/watch/sm43297412","https://www.youtube.com/watch?v=LUch7N9Gw28","3","3","2026-09-30","1","3","已汇总第1–930期","链接未收录不等于没有官方投稿"
"nico:sm43357400","はじまりのうた","大漠波新","初音未来","2024-02-06","https://www.nicovideo.jp/watch/sm43357400","https://www.youtube.com/watch?v=YzNijNNc3vA","1","20","2026-09-30","1","8","已汇总第1–930期","链接未收录不等于没有官方投稿"
"nico:sm43340473","梅に鶯","r-906","琴叶茜|琴叶葵","2024-02-01","https://www.nicovideo.jp/watch/sm43340473","","1","6","2026-09-30","1","2","已汇总第1–930期","链接未收录不等于没有官方投稿"
"nico:sm43346798","ミニ偏","原口沙輔","重音 Teto","2024-02-03","https://www.nicovideo.jp/watch/sm43346798","https://www.youtube.com/watch?v=4ztXhkdlKHg","1","7","2026-09-30","2","3","已汇总第1–930期","链接未收录不等于没有官方投稿"
"nico:sm43315856","俺ゴーストタイプ","syudou","初音未来","2024-01-27","https://www.nicovideo.jp/watch/sm43315856","https://www.youtube.com/watch?v=tVSSFcP90k0","1","8","2026-09-30","1","7","已汇总第1–930期","链接未收录不等于没有官方投稿"
"nico:so43309410","やどりぎ","Eve","初音未来","2024-01-28","https://www.nicovideo.jp/watch/so43309410","","2","15","2026-09-30","0","","已汇总第1–930期","链接未收录不等于没有官方投稿"
"nico:sm43336037","凡愚","isonosuke","知声","2024-01-31","https://www.nicovideo.jp/watch/sm43336037","https://www.youtube.com/watch?v=2y6t8q3GCLs","1","19","2026-09-30","1","9","已汇总第1–930期","链接未收录不等于没有官方投稿"
"nico:sm43244916","Beyond the way","Giga","初音未来|镜音连|镜音铃","2024-01-07","https://www.nicovideo.jp/watch/sm43244916","https://www.youtube.com/watch?v=SJcgOWsDwi4","1","3","2026-09-30","1","2","已汇总第1–930期","链接未收录不等于没有官方投稿"
"nico:sm43249400","すまん！後でやる！","Shu","初音未来|巡音流歌|镜音铃","2024-01-08","https://www.nicovideo.jp/watch/sm43249400","https://www.youtube.com/watch?v=Cgw3DIM__i4","1","12","2026-09-30","1","5","已汇总第1–930期","链接未收录不等于没有官方投稿"
"nico:sm43205647","花隈の歌は可愛いし小春六花はマジでうるさい","GYARI（ココアシガレットP）","小春六花|花隈千冬","2023-12-29","https://www.nicovideo.jp/watch/sm43205647","https://www.youtube.com/watch?v=Zj8lmg6NpOg","2","2","2026-09-30","4","1","已汇总第1–930期","链接未收录不等于没有官方投稿"
"nico:sm43176913","8番出口【非公式イメージソング】(フルver)","EO(エオ)","镜音铃","2023-12-23","https://www.nicovideo.jp/watch/sm43176913","","2","9","2026-09-30","3","6","已汇总第1–930期","链接未收录不等于没有官方投稿"
"nico:sm43150136","モ ミ ア ゲ ヲ シ ャ カ ア ゲ ヲ","ぬぬぬぬぬぬぬぬぬぬぬぬぬぬぬぬ","东北豆包|初音未来|可不|歌爱雪","2023-12-25","https://www.nicovideo.jp/watch/sm43150136","","1","3","2026-09-30","1","2","已汇总第1–930期","链接未收录不等于没有官方投稿"
"nico:sm43138335","8番出口【非公式イメージソング】","EO(エオ)","镜音铃","2023-12-12","https://www.nicovideo.jp/watch/sm43138335","","2","9","2026-09-30","1","4","已汇总第1–930期","链接未收录不等于没有官方投稿"
"nico:sm43145752","ガッチュー！","Giga","KAITO|初音未来|镜音连|镜音铃","2023-12-15","https://www.nicovideo.jp/watch/sm43145752","https://www.youtube.com/watch?v=Dq2HJl5vKbY","2","13","2026-09-30","2","3","已汇总第1–930期","链接未收录不等于没有官方投稿"
"nico:sm43116855","脳柄伽藍堂","Shu","初音未来|巡音流歌","2023-12-08","https://www.nicovideo.jp/watch/sm43116855","https://www.youtube.com/watch?v=oZtRw2WAkHQ","2","2","2026-09-30","1","2","已汇总第1–930期","链接未收录不等于没有官方投稿"
"nico:sm43119786","アコトバ","原口沙輔","初音未来","2023-12-08","https://www.nicovideo.jp/watch/sm43119786","https://www.youtube.com/watch?v=ZNm__qZY-uU","1","5","2026-09-30","2","3","已汇总第1–930期","链接未收录不等于没有官方投稿"
"nico:sm43100974","きみとそらをとぶ","傘村トータ","初音未来|巡音流歌","2023-12-08","https://www.nicovideo.jp/watch/sm43100974","https://www.youtube.com/watch?v=pwBImZgRnVU","1","9","2026-09-30","2","6","已汇总第1–930期","链接未收录不等于没有官方投稿"
"nico:sm43100444","起きたら16時","きさら","初音未来","2023-12-08","https://www.nicovideo.jp/watch/sm43100444","https://www.youtube.com/watch?v=ySmYOygOJIQ","1","13","2026-09-30","1","5","已汇总第1–930期","链接未收录不等于没有官方投稿"
"nico:sm43086737","ポケットのモンスター","匹诺曹P","初音未来","2023-12-01","https://www.nicovideo.jp/watch/sm43086737","https://www.youtube.com/watch?v=lIoi2r3f5fU","2","3","2026-09-30","2","1","已汇总第1–930期","链接未收录不等于没有官方投稿"
"nico:sm43088340","戦闘！初音ミク","cosMo＠暴走P","初音未来","2023-12-01","https://www.nicovideo.jp/watch/sm43088340","https://www.youtube.com/watch?v=knxWl1LzJ10","1","5","2026-09-30","1","4","已汇总第1–930期","链接未收录不等于没有官方投稿"
"nico:sm43089329","ミライどんなだろう","Mitchie M","初音未来","2023-10-13","https://www.nicovideo.jp/watch/sm43089329","https://www.youtube.com/watch?v=EG05Sm68z4s","1","7","2026-09-30","1","5","已汇总第1–930期","链接未收录不等于没有官方投稿"
"nico:sm43091317","スノーマン (ReRec)","halyosy","KAITO","2023-12-01","https://www.nicovideo.jp/watch/sm43091317","https://www.youtube.com/watch?v=SUXQ7L1D2Dw","1","8","2026-09-30","1","6","已汇总第1–930期","链接未收录不等于没有官方投稿"
"nico:sm43084245","フィラメントフィーバー","栗山夕璃","MEIKO|初音未来","2023-11-29","https://www.nicovideo.jp/watch/sm43084245","https://www.youtube.com/watch?v=cCjPspdse94","1","11","2026-09-30","1","9","已汇总第1–930期","链接未收录不等于没有官方投稿"
"nico:sm43073705","バースデイ","内緒のピアス","可不","2023-11-27","https://www.nicovideo.jp/watch/sm43073705","https://www.youtube.com/watch?v=mA5cl5tYHaQ","1","16","2026-09-30","0","","已汇总第1–930期","链接未收录不等于没有官方投稿"
"nico:sm43032471","ブタサンダー","ゆこぴ","歌爱雪","2023-11-17","https://www.nicovideo.jp/watch/sm43032471","","2","4","2026-09-30","2","2","已汇总第1–930期","链接未收录不等于没有官方投稿"
"nico:sm43010358","エンゼル92","MARETU","初音未来","2023-11-11","https://www.nicovideo.jp/watch/sm43010358","https://www.youtube.com/watch?v=Yt5-aNnDvBE","3","4","2026-09-30","2","8","已汇总第1–930期","链接未收录不等于没有官方投稿"
"nico:sm43016413","ずんつむてぇてぇ！","OSTER project","东北豆包","2023-11-14","https://www.nicovideo.jp/watch/sm43016413","https://www.youtube.com/watch?v=cl9snOyADNU","1","17","2026-09-30","1","6","已汇总第1–930期","链接未收录不等于没有官方投稿"
"nico:so42905623","ワーニングタイム","youまん","GUMI","2023-11-02","https://www.nicovideo.jp/watch/so42905623","","2","3","2026-09-30","0","","已汇总第1–930期","链接未收录不等于没有官方投稿"
"nico:sm43001284","ディメンション","雄之助","初音未来","2023-11-09","https://www.nicovideo.jp/watch/sm43001284","https://www.youtube.com/watch?v=tM6S7sUn1qw","1","10","2026-09-30","1","7","已汇总第1–930期","链接未收录不等于没有官方投稿"
"nico:so42899245","電脳学級会で会いましょう","いよわ","MEIKO|初音未来|巡音流歌|镜音铃","2023-11-02","https://www.nicovideo.jp/watch/so42899245","","2","8","2026-09-30","0","","已汇总第1–930期","链接未收录不等于没有官方投稿"
"nico:sm42890947","削除された動画","春川はしっこ","初音未来|重音 Teto","2023-10-15","https://www.nicovideo.jp/watch/sm42890947","","2","5","2026-09-30","2","2","已汇总第1–930期","链接未收录不等于没有官方投稿"
"nico:sm42947172","絶交","なきそ","护士机器人 Type-T|歌爱雪","2023-11-06","https://www.nicovideo.jp/watch/sm42947172","https://www.youtube.com/watch?v=XtjCKt5wLIs","1","20","2026-09-30","1","10","已汇总第1–930期","链接未收录不等于没有官方投稿"
"nico:sm42962559","アイサイト･ラブ","D.J.ァネイロ","flower","2023-10-31","https://www.nicovideo.jp/watch/sm42962559","https://www.youtube.com/watch?v=bldgjIpCvpY","1","2","2026-09-30","1","1","已汇总第1–930期","链接未收录不等于没有官方投稿"
"nico:so42899673","ハイド・アンド・シーフ","ヤマギシコージ","初音未来","2023-11-02","https://www.nicovideo.jp/watch/so42899673","https://www.youtube.com/watch?v=zIhPfG8EOZ0","1","5","2026-09-30","0","","已汇总第1–930期","链接未收录不等于没有官方投稿"
"nico:so42899239","拝啓","Early","重音 Teto","2023-11-02","https://www.nicovideo.jp/watch/so42899239","https://www.youtube.com/watch?v=BM1ECtG2oj8","1","6","2026-09-30","0","","已汇总第1–930期","链接未收录不等于没有官方投稿"
"nico:so42901002","Q。","Aira","重音 Teto","2023-11-02","https://www.nicovideo.jp/watch/so42901002","","1","7","2026-09-30","0","","已汇总第1–930期","链接未收录不等于没有官方投稿"
"nico:so42901820","幾何学","OLDUCT","初音未来|歌爱雪","2023-11-02","https://www.nicovideo.jp/watch/so42901820","https://www.youtube.com/watch?v=1KjYDpX46ss","1","9","2026-09-30","0","","已汇总第1–930期","链接未收录不等于没有官方投稿"
"nico:so42972488","sheer love","ユシナ","初音未来","2023-11-02","https://www.nicovideo.jp/watch/so42972488","https://www.youtube.com/watch?v=CkbF3Sb1IEw","1","11","2026-09-30","0","","已汇总第1–930期","链接未收录不等于没有官方投稿"
"nico:so42899270","□□□□□□□□□□□□□□ガール","TakoyakiKZY","初音未来","2023-11-02","https://www.nicovideo.jp/watch/so42899270","","1","14","2026-09-30","0","","已汇总第1–930期","链接未收录不等于没有官方投稿"
"nico:so42901565","上人**阿闍梨色色即即穹穹籬阿呆踊","＜非公開＞","巡音流歌|洛天依","2023-11-02","https://www.nicovideo.jp/watch/so42901565","","1","15","2026-09-30","0","","已汇总第1–930期","链接未收录不等于没有官方投稿"
"nico:so42899550","エラーコード","ノル","初音未来","2023-11-02","https://www.nicovideo.jp/watch/so42899550","","1","16","2026-09-30","0","","已汇总第1–930期","链接未收录不等于没有官方投稿"
"nico:sm42936210","ゼロトーキング","はるまきごはん","初音未来","2023-10-25","https://www.nicovideo.jp/watch/sm42936210","https://www.youtube.com/watch?v=2INYgH-Gcjk","2","2","2026-09-30","2","1","已汇总第1–930期","链接未收录不等于没有官方投稿"
"nico:so42901190","しね","園長P","歌爱雪","2023-11-02","https://www.nicovideo.jp/watch/so42901190","","1","18","2026-09-30","0","","已汇总第1–930期","链接未收录不等于没有官方投稿"
"nico:so42899282","セルフフィクサー","りくさん","重音 Teto","2023-11-02","https://www.nicovideo.jp/watch/so42899282","","1","19","2026-09-30","0","","已汇总第1–930期","链接未收录不等于没有官方投稿"
"nico:sm42930396","私の時間+16.0","くちばし","初音未来","2023-10-23","https://www.nicovideo.jp/watch/sm42930396","","1","3","2026-09-30","1","3","已汇总第1–930期","链接未收录不等于没有官方投稿"
"nico:sm42881822","奈奈落落","naraku","重音 Teto","2023-10-13","https://www.nicovideo.jp/watch/sm42881822","https://www.youtube.com/watch?v=mTkCrn4W71Q","2","9","2026-09-30","2","5","已汇总第1–930期","链接未收录不等于没有官方投稿"
"nico:sm42872045","ホントノ","原口沙輔","重音 Teto","2023-10-10","https://www.nicovideo.jp/watch/sm42872045","https://www.youtube.com/watch?v=1zpRpiau-Zg","3","2","2026-09-30","2","1","已汇总第1–930期","链接未收录不等于没有官方投稿"
"nico:sm42915661","余裕欲","稻叶昙","nagiβ|小感冒","2023-10-20","https://www.nicovideo.jp/watch/sm42915661","","1","2","2026-09-30","2","3","已汇总第1–930期","链接未收录不等于没有官方投稿"
"nico:sm42900807","心を刺す言葉だけ","MIMI","初音未来|可不","2023-10-18","https://www.nicovideo.jp/watch/sm42900807","https://www.youtube.com/watch?v=FXNUn2KzcE8","1","3","2026-09-30","1","7","已汇总第1–930期","链接未收录不等于没有官方投稿"
"nico:sm42848749","アイムマイン","halyosy","KAITO|MEIKO|初音未来|巡音流歌|镜音连|镜音铃","2023-10-05","https://www.nicovideo.jp/watch/sm42848749","","2","3","2026-09-30","2","3","已汇总第1–930期","链接未收录不等于没有官方投稿"
"nico:sm42840225","ダイジョブですか？","cosMo＠暴走P","初音未来","2023-10-03","https://www.nicovideo.jp/watch/sm42840225","https://www.youtube.com/watch?v=2AD1jTs516E","1","5","2026-09-30","1","4","已汇总第1–930期","链接未收录不等于没有官方投稿"
"nico:sm42826039","果てしない旅路","たいたぬ","佐藤莎莎拉|铃木梓梓弥","2023-09-30","https://www.nicovideo.jp/watch/sm42826039","","1","14","2026-09-30","1","2","已汇总第1–930期","链接未收录不等于没有官方投稿"
"nico:sm42657926","ブループラネット","DECO*27","初音未来","2023-08-31","https://www.nicovideo.jp/watch/sm42657926","https://www.youtube.com/watch?v=-2KzcaiyBFo","2","1","2026-09-30","2","3","已汇总第1–930期","链接未收录不等于没有官方投稿"
"nico:sm42697007","ミクちゃんのネギネギネギネギ幻騒曲","南ノ南","东北豆包|初音未来|可不|歌爱雪","2023-08-31","https://www.nicovideo.jp/watch/sm42697007","","1","5","2026-09-30","1","8","已汇总第1–930期","链接未收录不等于没有官方投稿"
"nico:sm42696023","Be with Master","ラマーズP","初音未来","2023-08-31","https://www.nicovideo.jp/watch/sm42696023","https://www.youtube.com/watch?v=ZwMvF-PnUFc","1","6","2026-09-30","1","4","已汇总第1–930期","链接未收录不等于没有官方投稿"
"nico:sm41925983","ずんだパーリナイ","なみぐる","东北豆包","2023-03-18","https://www.nicovideo.jp/watch/sm41925983","https://www.youtube.com/watch?v=ywXQ9SqsaBQ","4","4","2026-09-30","3","4","已汇总第1–930期","链接未收录不等于没有官方投稿"
"nico:sm42661336","ボイドロイド","r-906","初音未来|羽累|音街 Una","2023-08-23","https://www.nicovideo.jp/watch/sm42661336","","1","4","2026-09-30","1","2","已汇总第1–930期","链接未收录不等于没有官方投稿"
"nico:sm42536675","寝起きヤシの木","ゆこぴ","歌爱雪","2023-07-28","https://www.nicovideo.jp/watch/sm42536675","","5","1","2026-09-30","3","1","已汇总第1–930期","链接未收录不等于没有官方投稿"
"nico:sm42639522","アポカリプスなう","匹诺曹P","初音未来","2023-08-18","https://www.nicovideo.jp/watch/sm42639522","https://www.youtube.com/watch?v=khnNHHGR8jw","2","8","2026-09-30","2","3","已汇总第1–930期","链接未收录不等于没有官方投稿"
"nico:sm42578988","ネ 土 会 ェ 貝 南 犬 ☆ カ ゞ ん I よ ″ る ノ D A !!｡","ぬぬぬぬぬぬぬぬぬぬぬぬぬぬぬぬぬぬぬぬぬぬぬぬぬぬぬぬぬぬぬぬぬぬぬぬぬぬぬぬぬぬぬぬぬぬぬぬぬぬぬぬぬぬぬぬぬぬぬぬぬぬぬぬぬぬぬぬぬぬぬぬぬぬぬぬぬぬぬぬぬぬぬぬぬぬぬぬぬぬぬぬぬぬぬぬぬぬぬぬ","东北切蒲英|东北豆包|初音未来|可不","2023-08-05","https://www.nicovideo.jp/watch/sm42578988","","4","8","2026-09-30","2","10","已汇总第1–930期","链接未收录不等于没有官方投稿"
"nico:sm42581537","バック・グラウンド・メモリー","かかこ","初音未来","2023-08-05","https://www.nicovideo.jp/watch/sm42581537","https://www.youtube.com/watch?v=qq2-PRtQsPk","1","3","2026-09-30","1","2","已汇总第1–930期","链接未收录不等于没有官方投稿"
"nico:sm42565742","ずんだシェイキング","なみぐる","东北豆包","2023-08-05","https://www.nicovideo.jp/watch/sm42565742","https://www.youtube.com/watch?v=DVSlQuF0Pcg","2","5","2026-09-30","2","4","已汇总第1–930期","链接未收录不等于没有官方投稿"
"nico:sm42577601","風呂入るプロファイル","もちうつね","初音未来","2023-08-05","https://www.nicovideo.jp/watch/sm42577601","","2","2","2026-09-30","0","","已汇总第1–930期","链接未收录不等于没有官方投稿"
"nico:sm42569009","怪電話","r-906","POPY|ROSE","2023-08-05","https://www.nicovideo.jp/watch/sm42569009","","2","7","2026-09-30","1","7","已汇总第1–930期","链接未收录不等于没有官方投稿"
"nico:sm42577182","文化になっていく","カンザキイオリ","初音未来","2023-08-05","https://www.nicovideo.jp/watch/sm42577182","https://www.youtube.com/watch?v=t4olLwsyWSg","2","10","2026-09-30","0","","已汇总第1–930期","链接未收录不等于没有官方投稿"
"nico:sm42577641","巫","柊マグネタイト","羽累","2023-08-05","https://www.nicovideo.jp/watch/sm42577641","","2","9","2026-09-30","1","9","已汇总第1–930期","链接未收录不等于没有官方投稿"
"nico:sm42505311","演劇","ナノウ","初音未来","2023-07-19","https://www.nicovideo.jp/watch/sm42505311","https://www.youtube.com/watch?v=gJqsFNNCIX0","2","4","2026-09-30","2","6","已汇总第1–930期","链接未收录不等于没有官方投稿"
"nico:sm42348852","サカサカバンバンバスピスピス","やかもち","琴叶茜|琴叶葵","2023-06-13","https://www.nicovideo.jp/watch/sm42348852","","5","2","2026-09-30","3","1","已汇总第1–930期","链接未收录不等于没有官方投稿"
"nico:sm42511872","なにがレトロブームじゃい","マスティ(ドーナツシネマ)","樱乃空","2023-07-25","https://www.nicovideo.jp/watch/sm42511872","","1","17","2026-09-30","1","3","已汇总第1–930期","链接未收录不等于没有官方投稿"
"nico:sm42463425","やめてください","柊マグネタイト","羽累","2023-07-09","https://www.nicovideo.jp/watch/sm42463425","","2","3","2026-09-30","1","3","已汇总第1–930期","链接未收录不等于没有官方投稿"
"nico:sm42481019","夏空ノスタルジー","雪乃イト","夏色花梨","2023-07-14","https://www.nicovideo.jp/watch/sm42481019","","1","9","2026-09-30","0","","已汇总第1–930期","链接未收录不等于没有官方投稿"
"nico:sm42503822","カプヌずるずるで草","なみぐる","东北豆包|星界","2023-07-19","https://www.nicovideo.jp/watch/sm42503822","","1","10","2026-09-30","1","4","已汇总第1–930期","链接未收录不等于没有官方投稿"
"nico:sm42492046","ロースピードフェイクリリック","cosMo＠暴走P","羽累","2023-07-16","https://www.nicovideo.jp/watch/sm42492046","","1","14","2026-09-30","1","9","已汇总第1–930期","链接未收录不等于没有官方投稿"
"nico:sm42475926","ブルベ、恋をする","R Sound Design","初音未来","2023-07-18","https://www.nicovideo.jp/watch/sm42475926","https://www.youtube.com/watch?v=HPfURUnV3Oo","1","20","2026-09-30","1","10","已汇总第1–930期","链接未收录不等于没有官方投稿"
"nico:sm42448221","トゥー・ユー・グリーンライツ","Omoi","初音未来","2023-07-06","https://www.nicovideo.jp/watch/sm42448221","https://www.youtube.com/watch?v=FWPkzDMUitg","2","1","2026-09-30","2","1","已汇总第1–930期","链接未收录不等于没有官方投稿"
"nico:sm42454795","ゴールデンレイ","はるまきごはん","初音未来","2023-07-02","https://www.nicovideo.jp/watch/sm42454795","https://www.youtube.com/watch?v=yBaC3IfbK2M","2","11","2026-09-30","0","","已汇总第1–930期","链接未收录不等于没有官方投稿"
"nico:sm42421367","宇宙散歩","DECO*27","初音未来","2023-07-07","https://www.nicovideo.jp/watch/sm42421367","https://www.youtube.com/watch?v=M4B-k4aPx58","2","6","2026-09-30","1","5","已汇总第1–930期","链接未收录不等于没有官方投稿"
"nico:sm42466348","AIのカタチ【リテイク】","たかぴぃ","小春六花","2023-07-10","https://www.nicovideo.jp/watch/sm42466348","","1","17","2026-09-30","0","","已汇总第1–930期","链接未收录不等于没有官方投稿"
"nico:sm42452069","アタシ×I×MY∴理想論","焼きイチゴ寿司普及促進計画","初音未来","2023-07-07","https://www.nicovideo.jp/watch/sm42452069","https://www.youtube.com/watch?v=k2CO3gJTnYE","1","5","2026-09-30","1","3","已汇总第1–930期","链接未收录不等于没有官方投稿"
"nico:sm42440400","ミィハー","Chinozo","重音 Teto","2023-07-05","https://www.nicovideo.jp/watch/sm42440400","","1","13","2026-09-30","1","10","已汇总第1–930期","链接未收录不等于没有官方投稿"
"nico:sm42389178","期待通り","稻叶昙","音街 Una","2023-06-23","https://www.nicovideo.jp/watch/sm42389178","https://www.youtube.com/watch?v=o14pj9CsNVY","2","3","2026-09-30","2","3","已汇总第1–930期","链接未收录不等于没有官方投稿"
"nico:sm42340907","妄想哀歌","MIMI","初音未来|可不","2023-06-11","https://www.nicovideo.jp/watch/sm42340907","https://www.youtube.com/watch?v=ioW9iGDpQyw","2","3","2026-09-30","2","6","已汇总第1–930期","链接未收录不等于没有官方投稿"
"nico:sm42407265","ジェニ","shimon","flower","2023-06-27","https://www.nicovideo.jp/watch/sm42407265","","1","18","2026-09-30","0","","已汇总第1–930期","链接未收录不等于没有官方投稿"
"nico:sm42368749","マーシャル・マキシマイカ","柊マグネタイト","可不|星界","2023-06-18","https://www.nicovideo.jp/watch/sm42368749","","2","2","2026-09-30","2","2","已汇总第1–930期","链接未收录不等于没有官方投稿"
"nico:sm42327904","歌声リフレイン","雪乃イト","夏色花梨","2023-06-09","https://www.nicovideo.jp/watch/sm42327904","","2","10","2026-09-30","1","7","已汇总第1–930期","链接未收录不等于没有官方投稿"
"nico:sm42335988","ブッとんでいけ！","Ponchi♪","初音未来","2023-06-10","https://www.nicovideo.jp/watch/sm42335988","https://www.youtube.com/watch?v=PNYeck9bnv8","1","16","2026-09-30","0","","已汇总第1–930期","链接未收录不等于没有官方投稿"
"nico:sm42309316","散り散り","読谷あかね","重音 Teto","2023-06-04","https://www.nicovideo.jp/watch/sm42309316","https://www.youtube.com/watch?v=Xn-JobZlsQo","1","6","2026-09-30","1","2","已汇总第1–930期","链接未收录不等于没有官方投稿"
"nico:sm42327333","シィちゃんクライシス","きさら","flower","2023-06-09","https://www.nicovideo.jp/watch/sm42327333","https://www.youtube.com/watch?v=4rEaj8onhQk","1","10","2026-09-30","2","3","已汇总第1–930期","链接未收录不等于没有官方投稿"
"nico:sm42286780","ポジネガ＊ミステイカーズ","sasakure.UK","初音未来","2023-05-30","https://www.nicovideo.jp/watch/sm42286780","https://www.youtube.com/watch?v=Iq3EZtD0QDE","1","6","2026-09-30","1","3","已汇总第1–930期","链接未收录不等于没有官方投稿"
"nico:sm41354339","ぬるぬるうなぎ","子牛","音街 Una","2022-11-11","https://www.nicovideo.jp/watch/sm41354339","https://www.youtube.com/watch?v=krIIK308Qng","1","7","2026-09-30","2","1","已汇总第1–930期","链接未收录不等于没有官方投稿"
"nico:sm42282526","箱庭のコラル","koyori(電ポルP)","初音未来","2023-05-29","https://www.nicovideo.jp/watch/sm42282526","https://www.youtube.com/watch?v=gB4hx1MxcGs","1","9","2026-09-30","1","5","已汇总第1–930期","链接未收录不等于没有官方投稿"
"nico:sm42198204","甘噛みでおねがい","匹诺曹P","初音未来","2023-05-12","https://www.nicovideo.jp/watch/sm42198204","https://www.youtube.com/watch?v=diVoF2nnHTk","2","3","2026-09-30","2","3","已汇总第1–930期","链接未收录不等于没有官方投稿"
"nico:sm42205396","太陽ポカポカで草","なみぐる","东北豆包|星界","2023-05-12","https://www.nicovideo.jp/watch/sm42205396","https://www.youtube.com/watch?v=1g1lXfgH_XI","2","7","2026-09-30","2","3","已汇总第1–930期","链接未收录不等于没有官方投稿"
"nico:sm42207782","三日月ステップ 2023","r-906","初音未来","2023-05-14","https://www.nicovideo.jp/watch/sm42207782","https://www.youtube.com/watch?v=bncdfyVBmI8","1","9","2026-09-30","1","5","已汇总第1–930期","链接未收录不等于没有官方投稿"
"nico:sm42161123","KITSUNE Patissiere","まらしぃ","镜音铃","2023-05-01","https://www.nicovideo.jp/watch/sm42161123","","1","11","2026-09-30","0","","已汇总第1–930期","链接未收录不等于没有官方投稿"
"nico:sm41942792","Smile to Smile","市瀬るぽ","镜音铃","2023-03-19","https://www.nicovideo.jp/watch/sm41942792","","1","12","2026-09-30","2","5","已汇总第1–930期","链接未收录不等于没有官方投稿"
"nico:sm42135584","アナフィラキシー","szri","可不","2023-04-26","https://www.nicovideo.jp/watch/sm42135584","https://www.youtube.com/watch?v=stpYICfkh_A","1","13","2026-09-30","1","6","已汇总第1–930期","链接未收录不等于没有官方投稿"
"nico:sm42001993","ディナーベル","はるまきごはん","初音未来","2023-03-28","https://www.nicovideo.jp/watch/sm42001993","https://www.youtube.com/watch?v=162OOsh9PpQ","2","3","2026-09-30","1","2","已汇总第1–930期","链接未收录不等于没有官方投稿"
"nico:sm41945341","よ う こ そ、 シ チ ュ ー う ど ん 銭 湯 へ !!","ぬぬぬぬぬぬぬぬぬぬぬぬぬぬぬぬ","东北豆包|初音未来|可不","2023-03-18","https://www.nicovideo.jp/watch/sm41945341","","3","3","2026-09-30","4","1","已汇总第1–930期","链接未收录不等于没有官方投稿"
"nico:sm42017532","再見ロマネスク","柊マグネタイト","花隈千冬","2022-11-26","https://www.nicovideo.jp/watch/sm42017532","https://www.youtube.com/watch?v=adgb28FN_Q4","2","14","2026-09-30","2","3","已汇总第1–930期","链接未收录不等于没有官方投稿"
"nico:sm41958959","ビビビビ","フロクロ(Frog96)","星界","2023-03-19","https://www.nicovideo.jp/watch/sm41958959","","1","4","2026-09-30","1","4","已汇总第1–930期","链接未收录不等于没有官方投稿"
"nico:sm41955561","あなたにはなれない","椎乃味醂","可不|结月缘","2023-03-19","https://www.nicovideo.jp/watch/sm41955561","https://www.youtube.com/watch?v=_O0h2WqEFjo","2","6","2026-09-30","2","6","已汇总第1–930期","链接未收录不等于没有官方投稿"
"nico:sm41942735","Catchy !?","r-906","flower","2023-03-19","https://www.nicovideo.jp/watch/sm41942735","https://www.youtube.com/watch?v=QWFw2ueFdnQ","1","8","2026-09-30","1","9","已汇总第1–930期","链接未收录不等于没有官方投稿"
"nico:sm41948106","SIREN","Hal","初音未来","2023-03-18","https://www.nicovideo.jp/watch/sm41948106","https://www.youtube.com/watch?v=YxBR1y9jjIc","1","13","2026-09-30","0","","已汇总第1–930期","链接未收录不等于没有官方投稿"
"nico:sm41962993","レイ","picdo","足立 Rei","2023-03-21","https://www.nicovideo.jp/watch/sm41962993","https://www.youtube.com/watch?v=S4wuQWHguV8","1","15","2026-09-30","1","10","已汇总第1–930期","链接未收录不等于没有官方投稿"
"nico:sm41952073","ダストトレイル","Noz.","镜音铃","2023-03-19","https://www.nicovideo.jp/watch/sm41952073","https://www.youtube.com/watch?v=eExo_j2e5os","2","16","2026-09-30","1","10","已汇总第1–930期","链接未收录不等于没有官方投稿"
"nico:sm41947260","悶々ふぁんもおらん","もちうつね","初音未来","2023-03-18","https://www.nicovideo.jp/watch/sm41947260","https://www.youtube.com/watch?v=zNHun2nzlHU","2","9","2026-09-30","1","6","已汇总第1–930期","链接未收录不等于没有官方投稿"
"nico:sm41945767","絶望。","A4。","可不","2023-03-18","https://www.nicovideo.jp/watch/sm41945767","","1","8","2026-09-30","1","5","已汇总第1–930期","链接未收录不等于没有官方投稿"
"nico:sm41895209","マネキン","DECO*27","初音未来","2023-03-09","https://www.nicovideo.jp/watch/sm41895209","https://www.youtube.com/watch?v=Q1_vm1TwYyU","2","3","2026-09-30","1","2","已汇总第1–930期","链接未收录不等于没有官方投稿"
"nico:sm41947852","ダーティダティ","ハイノミ","flower","2023-03-18","https://www.nicovideo.jp/watch/sm41947852","","1","16","2026-09-30","1","9","已汇总第1–930期","链接未收录不等于没有官方投稿"
"nico:sm41925058","未完成エゴイズム","雪乃イト","flower","2023-03-18","https://www.nicovideo.jp/watch/sm41925058","","1","18","2026-09-30","0","","已汇总第1–930期","链接未收录不等于没有官方投稿"
"nico:sm41949855","フィナーレをあなたに。","Aira","狐子","2023-03-18","https://www.nicovideo.jp/watch/sm41949855","","1","20","2026-09-30","0","","已汇总第1–930期","链接未收录不等于没有官方投稿"
"nico:sm41882398","アマツキツネ (10th Anniversary ver.)","まらしぃ×堀江晶太(kemu)×じん","镜音铃","2023-03-04","https://www.nicovideo.jp/watch/sm41882398","","1","17","2026-09-30","2","4","已汇总第1–930期","链接未收录不等于没有官方投稿"
"nico:sm41875888","大女優さん","いよわ","花隈千冬","2023-03-03","https://www.nicovideo.jp/watch/sm41875888","https://www.youtube.com/watch?v=wdNjJ3eh8EQ","1","16","2026-09-30","2","2","已汇总第1–930期","链接未收录不等于没有官方投稿"
"nico:sm41824903","私は、私達は","Guiano","可不","2023-02-20","https://www.nicovideo.jp/watch/sm41824903","https://www.youtube.com/watch?v=I9VfWCyCagQ","1","3","2026-09-30","1","2","已汇总第1–930期","链接未收录不等于没有官方投稿"
"nico:sm41714284","Flyway","halyosy","KAITO|镜音连","2023-01-29","https://www.nicovideo.jp/watch/sm41714284","https://www.youtube.com/watch?v=pXLnKaiDeVw","1","6","2026-09-30","1","4","已汇总第1–930期","链接未收录不等于没有官方投稿"
"nico:sm41654802","エウレカレプリカ","ユギカ","鸣花尊","2023-01-15","https://www.nicovideo.jp/watch/sm41654802","","1","8","2026-09-30","1","2","已汇总第1–930期","链接未收录不等于没有官方投稿"
"nico:sm41645109","フロートプレイ","稻叶昙","歌爱雪","2023-01-13","https://www.nicovideo.jp/watch/sm41645109","https://www.youtube.com/watch?v=NRQRC_0ZQ00","1","7","2026-09-30","2","2","已汇总第1–930期","链接未收录不等于没有官方投稿"
"nico:sm41605485","削いで、","r-906","初音未来","2023-01-05","https://www.nicovideo.jp/watch/sm41605485","https://www.youtube.com/watch?v=Ls-Ay3fOd2s","1","20","2026-09-30","1","4","已汇总第1–930期","链接未收录不等于没有官方投稿"
"nico:sm41503105","深海少女 -deep sea girl-","ゆうゆP","初音未来","2022-12-16","https://www.nicovideo.jp/watch/sm41503105","https://www.youtube.com/watch?v=T6kVa48UbUw","2","5","2026-09-30","2","2","已汇总第1–930期","链接未收录不等于没有官方投稿"
"nico:sm41525995","カノープス","ナユタン星人","初音未来","2022-12-19","https://www.nicovideo.jp/watch/sm41525995","https://www.youtube.com/watch?v=VcCJvjxth_I","1","6","2026-09-30","1","2","已汇总第1–930期","链接未收录不等于没有官方投稿"
"nico:sm41540170","SnowMix♪","まらしぃ","初音未来","2022-12-23","https://www.nicovideo.jp/watch/sm41540170","https://www.youtube.com/watch?v=iksyHmE1JAQ","1","7","2026-09-30","1","3","已汇总第1–930期","链接未收录不等于没有官方投稿"
"nico:sm41540207","仮死化","遼遼","初音未来","2022-12-22","https://www.nicovideo.jp/watch/sm41540207","","1","11","2026-09-30","1","5","已汇总第1–930期","链接未收录不等于没有官方投稿"
"nico:sm41478511","Be My Guest","Azari","flower|歌爱雪","2022-12-08","https://www.nicovideo.jp/watch/sm41478511","","2","10","2026-09-30","1","5","已汇总第1–930期","链接未收录不等于没有官方投稿"
"nico:sm41467126","ずんだのアイドルになるのだ！","ひらうみ","东北豆包","2022-12-05","https://www.nicovideo.jp/watch/sm41467126","","1","8","2026-09-30","2","1","已汇总第1–930期","链接未收录不等于没有官方投稿"
"nico:sm41444338","仮想市民(2022 ver.)","ジミーサムP","巡音流歌","2022-11-30","https://www.nicovideo.jp/watch/sm41444338","https://www.youtube.com/watch?v=VWJtrflRLY4","1","3","2026-09-30","1","3","已汇总第1–930期","链接未收录不等于没有官方投稿"
"nico:sm41442838","毒林檎","DECO*27","初音未来","2022-12-02","https://www.nicovideo.jp/watch/sm41442838","https://www.youtube.com/watch?v=nUzjJ1mNRRQ","1","9","2026-09-30","1","5","已汇总第1–930期","链接未收录不等于没有官方投稿"
"nico:sm1656992","きみをわすれない","ryo","初音未来","2007-11-30","https://www.nicovideo.jp/watch/sm1656992","","0","","2026-09-30","1","21","已汇总第1–930期","链接未收录不等于没有官方投稿"
"nico:sm39592690","瓦礫の塔 - kemu","kemu","GUMI","2021-11-07","https://www.nicovideo.jp/watch/sm39592690","https://www.youtube.com/watch?v=OmHD11TOD08","0","","2026-09-30","2","1","已汇总第1–930期","链接未收录不等于没有官方投稿"
"nico:sm6203854","最後の女王","黑兔P","巡音流歌","2009-02-19","https://www.nicovideo.jp/watch/sm6203854","","0","","2026-09-30","2","6","已汇总第1–930期","链接未收录不等于没有官方投稿"
"nico:sm7140918","テノヒラ","wowaka","初音未来","2009-05-24","https://www.nicovideo.jp/watch/sm7140918","https://www.youtube.com/watch?v=sVRGyUnOWtY","0","","2026-09-30","1","13","已汇总第1–930期","链接未收录不等于没有官方投稿"
"nico:sm7015099","グレーゾーンにて。","wowaka","初音未来","2009-05-11","https://www.nicovideo.jp/watch/sm7015099","https://www.youtube.com/watch?v=hkKoaWTjVds","0","","2026-09-30","1","19","已汇总第1–930期","链接未收录不等于没有官方投稿"
"nico:sm7361534","恋色病棟","OSTER_project","初音未来","2009-06-16","https://www.nicovideo.jp/watch/sm7361534","https://www.youtube.com/watch?v=tPnIwDBk09k","0","","2026-09-30","2","1","已汇总第1–930期","链接未收录不等于没有官方投稿"
"nico:sm5597663","ピアノ×フォルテ×スキャンダル","OSTER_project","MEIKO","2008-12-20","https://www.nicovideo.jp/watch/sm5597663","https://www.youtube.com/watch?v=JQTl7IvOX0E","0","","2026-09-30","1","23","已汇总第1–930期","链接未收录不等于没有官方投稿"
"nico:sm13136668","おひめさまになりたいのッ！","OSTER_project","镜音铃","2010-12-26","https://www.nicovideo.jp/watch/sm13136668","https://www.youtube.com/watch?v=-oh4deCOYYk","0","","2026-09-30","3","1","已汇总第1–930期","链接未收录不等于没有官方投稿"
"nico:sm23954284","on the rocks","OSTER_project","KAITO|MEIKO","2014-07-08","https://www.nicovideo.jp/watch/sm23954284","https://www.youtube.com/watch?v=hk1L0ZV2bVc","0","","2026-09-30","1","5","已汇总第1–930期","链接未收录不等于没有官方投稿"
"nico:sm5556800","マージナル","OSTER_project","初音未来","2008-12-15","https://www.nicovideo.jp/watch/sm5556800","https://www.youtube.com/watch?v=btYMfaIyVao","0","","2026-09-30","1","5","已汇总第1–930期","链接未收录不等于没有官方投稿"
"nico:sm14398575","ボーナスステージ","オワタP","镜音连|镜音铃","2011-05-08","https://www.nicovideo.jp/watch/sm14398575","https://www.youtube.com/watch?v=7vmivv4j2Cc","0","","2026-09-30","4","1","已汇总第1–930期","链接未收录不等于没有官方投稿"
"nico:sm9088704","マジカル☆ぬこレンレン","オワタP","镜音连","2009-12-14","https://www.nicovideo.jp/watch/sm9088704","","0","","2026-09-30","2","3","已汇总第1–930期","链接未收录不等于没有官方投稿"
"nico:sm19683818","レンきゅんなう！","オワタP","初音未来|巡音流歌|镜音连","2012-12-27","https://www.nicovideo.jp/watch/sm19683818","https://www.youtube.com/watch?v=6Oq7qw7C69Q","0","","2026-09-30","3","1","已汇总第1–930期","链接未收录不等于没有官方投稿"
"nico:sm11684418","探偵弱音ハクの憂鬱","オワタP","初音未来","2010-08-09","https://www.nicovideo.jp/watch/sm11684418","https://www.youtube.com/watch?v=umLzqR4N9fM","0","","2026-09-30","2","3","已汇总第1–930期","链接未收录不等于没有官方投稿"
"nico:sm17565963","マジカル☆ぬこレンレン 新劇場版","オワタP cosMo(暴走P)","镜音连","2012-04-16","https://www.nicovideo.jp/watch/sm17565963","","0","","2026-09-30","2","3","已汇总第1–930期","链接未收录不等于没有官方投稿"
"nico:sm14639165","五番目のピエロ","mothy(悪ノＰ)","镜音连","2011-06-03","https://www.nicovideo.jp/watch/sm14639165","https://www.youtube.com/watch?v=fUaSCgMFe5w","0","","2026-09-30","3","4","已汇总第1–930期","链接未收录不等于没有官方投稿"
"nico:sm19302098","夕立のりぼん","みきとP","MAYU|初音未来","2012-11-07","https://www.nicovideo.jp/watch/sm19302098","","0","","2026-09-30","2","5","已汇总第1–930期","链接未收录不等于没有官方投稿"
"nico:sm18570859","デッドラインサーカス","Last Note．","GUMI|神威 Gakupo|镜音连","2012-08-09","https://www.nicovideo.jp/watch/sm18570859","","0","","2026-09-30","4","2","已汇总第1–930期","链接未收录不等于没有官方投稿"
"nico:sm19049030","ルートスフィア","Last Note．","GUMI","2012-10-05","https://www.nicovideo.jp/watch/sm19049030","","0","","2026-09-30","3","1","已汇总第1–930期","链接未收录不等于没有官方投稿"
"nico:sm22937799","我楽多イノセンス","Last Note．","GUMI","2014-02-21","https://www.nicovideo.jp/watch/sm22937799","","0","","2026-09-30","3","2","已汇总第1–930期","链接未收录不等于没有官方投稿"
"nico:sm20643394","オサナナブルー","Last Note．","GUMI","2013-04-19","https://www.nicovideo.jp/watch/sm20643394","","0","","2026-09-30","2","1","已汇总第1–930期","链接未收录不等于没有官方投稿"
"nico:sm24347618","ぶれないアイで","Mitchie M","初音未来","2014-08-29","https://www.nicovideo.jp/watch/sm24347618","https://www.youtube.com/watch?v=8kX5_69sO8Q","0","","2026-09-30","3","1","已汇总第1–930期","链接未收录不等于没有官方投稿"
"nico:sm18396337","Birthday Song for ミク","Mitchie M","初音未来|镜音连|镜音铃","2012-07-20","https://www.nicovideo.jp/watch/sm18396337","https://www.youtube.com/watch?v=rmYU2ikxjpA","0","","2026-09-30","3","4","已汇总第1–930期","链接未收录不等于没有官方投稿"
"nico:sm3771514","letter song","doriko","初音未来","2008-06-26","https://www.nicovideo.jp/watch/sm3771514","","0","","2026-09-30","2","4","已汇总第1–930期","链接未收录不等于没有官方投稿"
"nico:sm4179608","モノクロアクト","doriko","初音未来","2008-08-04","https://www.nicovideo.jp/watch/sm4179608","","0","","2026-09-30","3","8","已汇总第1–930期","链接未收录不等于没有官方投稿"
"nico:sm1853135","ぶちぬけ！２００８！","doriko","初音未来","2007-12-24","https://www.nicovideo.jp/watch/sm1853135","","0","","2026-09-30","1","9","已汇总第1–930期","链接未收录不等于没有官方投稿"
"nico:sm5919873","Winter Alice","doriko","初音未来","2009-01-23","https://www.nicovideo.jp/watch/sm5919873","","0","","2026-09-30","2","4","已汇总第1–930期","链接未收录不等于没有官方投稿"
"nico:sm27961821","雪がとける前に","doriko","初音未来","2016-01-08","https://www.nicovideo.jp/watch/sm27961821","https://www.youtube.com/watch?v=zLpQTF_2TZM","0","","2026-09-30","1","12","已汇总第1–930期","链接未收录不等于没有官方投稿"
"nico:sm1755010","みっくりすます（最終版）","doriko","初音未来","2007-12-12","https://www.nicovideo.jp/watch/sm1755010","","0","","2026-09-30","2","15","已汇总第1–930期","链接未收录不等于没有官方投稿"
"nico:sm19570813","Reboot","ジミーサムＰ","初音未来|巡音流歌","2012-12-13","https://www.nicovideo.jp/watch/sm19570813","","0","","2026-09-30","3","1","已汇总第1–930期","链接未收录不等于没有官方投稿"
"nico:sm5525531","Little Traveler","ジミーサムＰ","初音未来","2008-12-12","https://www.nicovideo.jp/watch/sm5525531","","0","","2026-09-30","3","4","已汇总第1–930期","链接未收录不等于没有官方投稿"
"nico:sm4748812","Scene","ジミーサムＰ","初音未来","2008-09-26","https://www.nicovideo.jp/watch/sm4748812","","0","","2026-09-30","2","3","已汇总第1–930期","链接未收录不等于没有官方投稿"
"nico:sm20244831","Afterglow","ジミーサムＰ","巡音流歌","2013-03-04","https://www.nicovideo.jp/watch/sm20244831","","0","","2026-09-30","2","4","已汇总第1–930期","链接未收录不等于没有官方投稿"
"nico:sm9621047","Pierrot","ジミーサムＰ","初音未来","2010-02-06","https://www.nicovideo.jp/watch/sm9621047","","0","","2026-09-30","2","4","已汇总第1–930期","链接未收录不等于没有官方投稿"
"nico:sm4967664","Adam","ジミーサムＰ","初音未来","2008-10-18","https://www.nicovideo.jp/watch/sm4967664","","0","","2026-09-30","3","4","已汇总第1–930期","链接未收录不等于没有官方投稿"
"nico:sm7612136","家の裏でマンボウが死んでる","家の裏でマンボウが死んでるP","初音未来","2009-07-12","https://www.nicovideo.jp/watch/sm7612136","","0","","2026-09-30","2","4","已汇总第1–930期","链接未收录不等于没有官方投稿"
"nico:sm15658454","おでこに生えたビワの性格が悪い","家の裏でマンボウが死んでるP","VY2","2011-09-20","https://www.nicovideo.jp/watch/sm15658454","","0","","2026-09-30","2","2","已汇总第1–930期","链接未收录不等于没有官方投稿"
"nico:sm13749609","おニューのかさぶた、ペットに食われろ","家の裏でマンボウが死んでるP","GUMI","2011-03-02","https://www.nicovideo.jp/watch/sm13749609","","0","","2026-09-30","3","3","已汇总第1–930期","链接未收录不等于没有官方投稿"
"nico:sm16895801","神様はエレキ守銭奴","家の裏でマンボウが死んでるP","GUMI","2012-02-06","https://www.nicovideo.jp/watch/sm16895801","","0","","2026-09-30","3","3","已汇总第1–930期","链接未收录不等于没有官方投稿"
"nico:sm14193990","キッチンでカッパがタニシ茹でてる","家の裏でマンボウが死んでるP","GUMI","2011-04-18","https://www.nicovideo.jp/watch/sm14193990","","0","","2026-09-30","1","6","已汇总第1–930期","链接未收录不等于没有官方投稿"
"nico:sm11361320","粘着系男子の１５年ネチネチ","家の裏でマンボウが死んでるP","初音未来","2010-07-12","https://www.nicovideo.jp/watch/sm11361320","","0","","2026-09-30","2","3","已汇总第1–930期","链接未收录不等于没有官方投稿"
"nico:sm9092949","ラブアトミック・トランスファー","papiyon(蝶々P)","初音未来","2009-12-14","https://www.nicovideo.jp/watch/sm9092949","","0","","2026-09-30","2","2","已汇总第1–930期","链接未收录不等于没有官方投稿"
"nico:sm18865202","月見夜ラビット","papiyon(蝶々P)","初音未来","2012-09-12","https://www.nicovideo.jp/watch/sm18865202","","0","","2026-09-30","4","2","已汇总第1–930期","链接未收录不等于没有官方投稿"
"nico:sm15937681","Glorious World","papiyon(蝶々P)","初音未来","2011-10-20","https://www.nicovideo.jp/watch/sm15937681","","0","","2026-09-30","3","1","已汇总第1–930期","链接未收录不等于没有官方投稿"
"nico:sm10656432","デンドロビウム・ファレノプシス","papiyon(蝶々P)","初音未来","2010-05-09","https://www.nicovideo.jp/watch/sm10656432","","0","","2026-09-30","2","2","已汇总第1–930期","链接未收录不等于没有官方投稿"
"nico:sm18213445","クランベリー","papiyon(蝶々P)","GUMI","2012-06-28","https://www.nicovideo.jp/watch/sm18213445","","0","","2026-09-30","2","6","已汇总第1–930期","链接未收录不等于没有官方投稿"
"nico:sm7526154","ボーカロイドたちがCLANNADライブをはじめたようです","GYARI（ココアシガレットP）","镜音铃","2009-07-03","https://www.nicovideo.jp/watch/sm7526154","","0","","2026-09-30","2","3","已汇总第1–930期","链接未收录不等于没有官方投稿"
"nico:sm9013559","月光ステージ","GYARI（ココアシガレットP）","镜音铃","2009-12-06","https://www.nicovideo.jp/watch/sm9013559","","0","","2026-09-30","1","18","已汇总第1–930期","链接未收录不等于没有官方投稿"
"nico:sm25225268","月旅","GYARI（ココアシガレットP）","结月缘","2014-12-28","https://www.nicovideo.jp/watch/sm25225268","https://www.youtube.com/watch?v=paRwZI6ZYF4","0","","2026-09-30","1","15","已汇总第1–930期","链接未收录不等于没有官方投稿"
"nico:sm18632219","夏の終わり、恋の始まり","すこっぷ","GUMI","2012-08-16","https://www.nicovideo.jp/watch/sm18632219","https://www.youtube.com/watch?v=jknaypGB6Ng","0","","2026-09-30","3","2","已汇总第1–930期","链接未收录不等于没有官方投稿"
"nico:sm21113426","東京レトロ","すこっぷ","初音未来","2013-06-14","https://www.nicovideo.jp/watch/sm21113426","https://www.youtube.com/watch?v=17WsZ2J1f9s","0","","2026-09-30","4","1","已汇总第1–930期","链接未收录不等于没有官方投稿"
"nico:sm12352782","トップシークレット","すこっぷ","初音未来","2010-10-07","https://www.nicovideo.jp/watch/sm12352782","https://www.youtube.com/watch?v=z6E33gkIm98","0","","2026-09-30","3","1","已汇总第1–930期","链接未收录不等于没有官方投稿"
"nico:sm8995619","ミキミキ★ロマンティックナイト","samfree","miki","2009-12-04","https://www.nicovideo.jp/watch/sm8995619","","0","","2026-09-30","2","3","已汇总第1–930期","链接未收录不等于没有官方投稿"
"nico:sm16829416","イアイア★ナイトオブデザイア","samfree","IA","2012-01-30","https://www.nicovideo.jp/watch/sm16829416","","0","","2026-09-30","2","4","已汇总第1–930期","链接未收录不等于没有官方投稿"
"nico:sm6179221","たこルカ★マグロフィーバー","samfree","巡音流歌","2009-02-17","https://www.nicovideo.jp/watch/sm6179221","","0","","2026-09-30","1","10","已汇总第1–930期","链接未收录不等于没有官方投稿"
"nico:sm12517264","ネコネコ☆スーパーフィーバーナイト","samfree","猫村 Iroha","2010-10-23","https://www.nicovideo.jp/watch/sm12517264","","0","","2026-09-30","2","5","已汇总第1–930期","链接未收录不等于没有官方投稿"
"nico:sm1961633","Promise","samfree","初音未来|镜音铃","2008-01-06","https://www.nicovideo.jp/watch/sm1961633","","0","","2026-09-30","2","24","已汇总第1–930期","链接未收录不等于没有官方投稿"
"nico:sm22995303","ユカユカ☆ヘヴンリーナイト","samfree","结月缘","2014-03-01","https://www.nicovideo.jp/watch/sm22995303","","0","","2026-09-30","2","7","已汇总第1–930期","链接未收录不等于没有官方投稿"
"nico:sm9900322","ウタカタ永焔鳥","sasakure.UK","初音未来","2010-03-03","https://www.nicovideo.jp/watch/sm9900322","","0","","2026-09-30","2","2","已汇总第1–930期","链接未收录不等于没有官方投稿"
"nico:sm19670267","ロクベル","HoneyWorks","IA","2012-12-25","https://www.nicovideo.jp/watch/sm19670267","https://www.youtube.com/watch?v=tkfV52Xh8Tg","0","","2026-09-30","4","4","已汇总第1–930期","链接未收录不等于没有官方投稿"
"nico:sm25344705","あったかいんだからぁ♪","HoneyWorks","初音未来","2015-01-14","https://www.nicovideo.jp/watch/sm25344705","https://www.youtube.com/watch?v=waWe2jS96P4","0","","2026-09-30","8","1","已汇总第1–930期","链接未收录不等于没有官方投稿"
"nico:sm1646686","白の季節 （オリジナル）","ゆうゆP","初音未来","2007-11-29","https://www.nicovideo.jp/watch/sm1646686","","0","","2026-09-30","3","2","已汇总第1–930期","链接未收录不等于没有官方投稿"
"nico:sm4842234","極楽鳥 -bird of paradise- （オリジナル）","ゆうゆP","镜音铃","2008-10-06","https://www.nicovideo.jp/watch/sm4842234","","0","","2026-09-30","4","14","已汇总第1–930期","链接未收录不等于没有官方投稿"
"nico:sm14506434","スリープ・スカイ・ウォーク","ゆうゆP","GUMI","2011-05-20","https://www.nicovideo.jp/watch/sm14506434","https://www.youtube.com/watch?v=IKIalF_xUqQ","0","","2026-09-30","2","2","已汇总第1–930期","链接未收录不等于没有官方投稿"
"nico:sm21388457","アイマイ独立宣言","ゆうゆP","GUMI","2013-07-19","https://www.nicovideo.jp/watch/sm21388457","https://www.youtube.com/watch?v=LcHHO916es0","0","","2026-09-30","2","4","已汇总第1–930期","链接未收录不等于没有官方投稿"
"nico:sm11822814","飛雷震","ゆうゆP","镜音连","2010-08-21","https://www.nicovideo.jp/watch/sm11822814","","0","","2026-09-30","2","4","已汇总第1–930期","链接未收录不等于没有官方投稿"
"nico:sm11160488","GALLOWS BELL","buzzG","初音未来","2010-06-23","https://www.nicovideo.jp/watch/sm11160488","https://www.youtube.com/watch?v=az8WM1jY-rQ","0","","2026-09-30","2","1","已汇总第1–930期","链接未收录不等于没有官方投稿"
"nico:sm13208536","星の唄","buzzG","GUMI","2011-01-03","https://www.nicovideo.jp/watch/sm13208536","https://www.youtube.com/watch?v=YQXXInWRWgU","0","","2026-09-30","2","2","已汇总第1–930期","链接未收录不等于没有官方投稿"
"nico:sm18562271","Fairytale,","buzzG","GUMI","2012-08-08","https://www.nicovideo.jp/watch/sm18562271","https://www.youtube.com/watch?v=IW6sjlMp2o0","0","","2026-09-30","3","3","已汇总第1–930期","链接未收录不等于没有官方投稿"
"nico:sm9485673","アルビノ","buzzG","初音未来","2010-01-24","https://www.nicovideo.jp/watch/sm9485673","https://www.youtube.com/watch?v=uuI9-u-_wss","0","","2026-09-30","2","4","已汇总第1–930期","链接未收录不等于没有官方投稿"
"nico:sm16896392","Notebook","buzzG","GUMI","2012-02-06","https://www.nicovideo.jp/watch/sm16896392","https://www.youtube.com/watch?v=3IOdocabyho","0","","2026-09-30","2","2","已汇总第1–930期","链接未收录不等于没有官方投稿"
"nico:sm12343338","かくれんぼ","buzzG","初音未来","2010-10-06","https://www.nicovideo.jp/watch/sm12343338","https://www.youtube.com/watch?v=C2CmNrdlPT4","0","","2026-09-30","2","2","已汇总第1–930期","链接未收录不等于没有官方投稿"
"nico:sm13556282","Symphony","buzzG","初音未来","2011-02-10","https://www.nicovideo.jp/watch/sm13556282","","0","","2026-09-30","4","2","已汇总第1–930期","链接未收录不等于没有官方投稿"
"nico:sm21544661","ワールド・ランプシェード","buzzG","GUMI","2013-08-08","https://www.nicovideo.jp/watch/sm21544661","https://www.youtube.com/watch?v=028kKwwcJu8","0","","2026-09-30","1","8","已汇总第1–930期","链接未收录不等于没有官方投稿"
"nico:sm16334416","ルービックキューブ","otetsu","GUMI","2011-12-03","https://www.nicovideo.jp/watch/sm16334416","https://www.youtube.com/watch?v=Z54R8RK-EPE","0","","2026-09-30","3","3","已汇总第1–930期","链接未收录不等于没有官方投稿"
"nico:sm9540128","Child's Garden","otetsu","巡音流歌","2010-01-30","https://www.nicovideo.jp/watch/sm9540128","https://www.youtube.com/watch?v=Wy1fwYLC6BY","0","","2026-09-30","5","5","已汇总第1–930期","链接未收录不等于没有官方投稿"
"nico:sm23514633","抑圧錯乱ガール","otetsu","GUMI","2014-05-09","https://www.nicovideo.jp/watch/sm23514633","https://www.youtube.com/watch?v=4Z1_44GUBq4","0","","2026-09-30","2","3","已汇总第1–930期","链接未收录不等于没有官方投稿"
"nico:nm5991698","transient future","otetsu","巡音流歌","2009-01-30","https://www.nicovideo.jp/watch/nm5991698","","0","","2026-09-30","2","3","已汇总第1–930期","链接未收录不等于没有官方投稿"
"nico:sm10438239","飴と鎖","otetsu","巡音流歌","2010-04-19","https://www.nicovideo.jp/watch/sm10438239","https://www.youtube.com/watch?v=4lbgyCwfYfU","0","","2026-09-30","2","7","已汇总第1–930期","链接未收录不等于没有官方投稿"
"nico:sm6977183","迷的サイバネティックス","otetsu","巡音流歌","2009-05-07","https://www.nicovideo.jp/watch/sm6977183","https://www.youtube.com/watch?v=64TRC_6m-7I","0","","2026-09-30","2","4","已汇总第1–930期","链接未收录不等于没有官方投稿"
"nico:sm15557068","Cosmos","otetsu","GUMI","2011-09-09","https://www.nicovideo.jp/watch/sm15557068","https://www.youtube.com/watch?v=HYPUjwaNF74","0","","2026-09-30","2","1","已汇总第1–930期","链接未收录不等于没有官方投稿"
"nico:sm18375102","見世物ライフ","otetsu","巡音流歌","2012-07-17","https://www.nicovideo.jp/watch/sm18375102","","0","","2026-09-30","2","5","已汇总第1–930期","链接未收录不等于没有官方投稿"
"nico:sm23513555","例えば、今此処に置かれた花に","164","GUMI","2014-05-09","https://www.nicovideo.jp/watch/sm23513555","https://www.youtube.com/watch?v=-O-3BWs84F8","0","","2026-09-30","2","2","已汇总第1–930期","链接未收录不等于没有官方投稿"
"nico:sm4762603","shiningray","164","初音未来","2008-09-28","https://www.nicovideo.jp/watch/sm4762603","https://www.youtube.com/watch?v=32UgKQzo7n8","0","","2026-09-30","3","2","已汇总第1–930期","链接未收录不等于没有官方投稿"
"nico:sm19473241","青","164","MAYU","2012-11-30","https://www.nicovideo.jp/watch/sm19473241","https://www.youtube.com/watch?v=3CIVK0XuuFE","0","","2026-09-30","2","7","已汇总第1–930期","链接未收录不等于没有官方投稿"
"nico:sm35055978","狂者の行進","164","GUMI","2019-05-03","https://www.nicovideo.jp/watch/sm35055978","https://www.youtube.com/watch?v=jsQPB3Q5m44","0","","2026-09-30","1","27","已汇总第1–930期","链接未收录不等于没有官方投稿"
"nico:sm20147579","ミスターデジャブ","164","MAYU","2013-02-21","https://www.nicovideo.jp/watch/sm20147579","https://www.youtube.com/watch?v=WGRZSibBrrg","0","","2026-09-30","1","4","已汇总第1–930期","链接未收录不等于没有官方投稿"
"nico:sm16020694","リセット","164","GUMI","2011-10-29","https://www.nicovideo.jp/watch/sm16020694","https://www.youtube.com/watch?v=4oenZkqzdW4","0","","2026-09-30","3","5","已汇总第1–930期","链接未收录不等于没有官方投稿"
"nico:sm38662481","１","164","巡音流歌","2021-04-30","https://www.nicovideo.jp/watch/sm38662481","https://www.youtube.com/watch?v=fobQOAOAdoE","0","","2026-09-30","1","8","已汇总第1–930期","链接未收录不等于没有官方投稿"
"nico:sm21308036","end tree","164","GUMI","2013-07-08","https://www.nicovideo.jp/watch/sm21308036","https://www.youtube.com/watch?v=zpmuhB9zzAM","0","","2026-09-30","2","2","已汇总第1–930期","链接未收录不等于没有官方投稿"
"nico:sm17650721","アストロトルーパー","さつき が てんこもり","初音未来","2012-04-26","https://www.nicovideo.jp/watch/sm17650721","","0","","2026-09-30","4","5","已汇总第1–930期","链接未收录不等于没有官方投稿"
"nico:sm20364432","櫻花饗宴","ika","初音未来","2013-03-18","https://www.nicovideo.jp/watch/sm20364432","","0","","2026-09-30","1","5","已汇总第1–930期","链接未收录不等于没有官方投稿"
"nico:sm35934228","Scattered Glass - cillia","cillia","鸣花尊","2019-11-10","https://www.nicovideo.jp/watch/sm35934228","","0","","2026-09-30","2","3","已汇总第1–930期","链接未收录不等于没有官方投稿"
"nico:sm37318847","恋する☆ビーム - cillia","cillia","镜音铃","2020-08-08","https://www.nicovideo.jp/watch/sm37318847","","0","","2026-09-30","2","4","已汇总第1–930期","链接未收录不等于没有官方投稿"
"nico:sm24016561","Snow halation","cillia","GUMI|IA|MEIKO|佐村Tomi|初音未来|朱音稻荷","2014-07-16","https://www.nicovideo.jp/watch/sm24016561","","0","","2026-09-30","1","19","已汇总第1–930期","链接未收录不等于没有官方投稿"
"nico:sm29182723","難聴系男子が倒せない-鏡音リン for LamazeP","ラマーズP","镜音铃","2016-07-05","https://www.nicovideo.jp/watch/sm29182723","https://www.youtube.com/watch?v=GhRe642nPQs","0","","2026-09-30","3","2","已汇总第1–930期","链接未收录不等于没有官方投稿"
"nico:sm5995823","ぽっぴっぽー（巡音ルカ版）","ラマーズP","巡音流歌","2009-01-31","https://www.nicovideo.jp/watch/sm5995823","","0","","2026-09-30","2","7","已汇总第1–930期","链接未收录不等于没有官方投稿"
"nico:sm22430704","デレ化現象100％-初音ミク for LamazeP","ラマーズP","初音未来","2013-12-12","https://www.nicovideo.jp/watch/sm22430704","https://www.youtube.com/watch?v=a8OCC1Qcz94","0","","2026-09-30","2","2","已汇总第1–930期","链接未收录不等于没有官方投稿"
"nico:sm5909001","ぽっぴっぽーMk-Ⅱ","ラマーズP","重音 Teto","2009-01-22","https://www.nicovideo.jp/watch/sm5909001","","0","","2026-09-30","0","","已汇总第1–930期","链接未收录不等于没有官方投稿"
"nico:sm14257396","WAVEFILE","ラマーズP","初音未来","2011-04-25","https://www.nicovideo.jp/watch/sm14257396","","0","","2026-09-30","1","5","已汇总第1–930期","链接未收录不等于没有官方投稿"
"nico:sm18187886","恥ずかs×××","ラマーズP","初音未来","2012-06-25","https://www.nicovideo.jp/watch/sm18187886","","0","","2026-09-30","2","8","已汇总第1–930期","链接未收录不等于没有官方投稿"
"nico:sm34671136","Days","96猫","镜音连","2019-02-22","https://www.nicovideo.jp/watch/sm34671136","","0","","2026-09-30","0","","已汇总第1–930期","链接未收录不等于没有官方投稿"
"nico:sm3789121","方向音痴","アゴアニキP","初音未来","2008-06-28","https://www.nicovideo.jp/watch/sm3789121","https://www.youtube.com/watch?v=CtZLiY2UtQ0","0","","2026-09-30","1","7","已汇总第1–930期","链接未收录不等于没有官方投稿"
"nico:nm3526467","サルでもわかる","アゴアニキP","初音未来|镜音铃","2008-06-02","https://www.nicovideo.jp/watch/nm3526467","","0","","2026-09-30","1","15","已汇总第1–930期","链接未收录不等于没有官方投稿"
"nico:nm3363727","HAKOBAKO PLAYER","アゴアニキP","初音未来|镜音连|镜音铃","2008-05-19","https://www.nicovideo.jp/watch/nm3363727","https://www.youtube.com/watch?v=U8HRYhCFVWk","0","","2026-09-30","0","","已汇总第1–930期","链接未收录不等于没有官方投稿"
"nico:nm16203218","パラダイス明晰夢","アゴアニキP","初音未来","2011-11-18","https://www.nicovideo.jp/watch/nm16203218","https://www.youtube.com/watch?v=qEKFIpI6KTw","0","","2026-09-30","3","3","已汇总第1–930期","链接未收录不等于没有官方投稿"
"nico:nm12154823","わすれんぼう","アゴアニキP","镜音铃","2010-09-19","https://www.nicovideo.jp/watch/nm12154823","https://www.youtube.com/watch?v=XO5UV3atrWc","0","","2026-09-30","2","2","已汇总第1–930期","链接未收录不等于没有官方投稿"
"nico:nm18385309","ひとつうえのおとこ","アゴアニキP","MEIKO|镜音连","2012-07-18","https://www.nicovideo.jp/watch/nm18385309","https://www.youtube.com/watch?v=5l6PRjYLYoU","0","","2026-09-30","2","7","已汇总第1–930期","链接未收录不等于没有官方投稿"
"nico:nm16385183","剛毛ハート","アゴアニキP","镜音铃","2011-12-10","https://www.nicovideo.jp/watch/nm16385183","https://www.youtube.com/watch?v=DdK3R9V0rE0","0","","2026-09-30","2","8","已汇总第1–930期","链接未收录不等于没有官方投稿"
"nico:nm20430647","昨日見た夢","アゴアニキP","KAITO","2013-03-25","https://www.nicovideo.jp/watch/nm20430647","","0","","2026-09-30","1","9","已汇总第1–930期","链接未收录不等于没有官方投稿"
"nico:sm21430267","ホップ！ステップ！即死！シアワセダンスデストラップ","UtataP","初音未来","2013-07-24","https://www.nicovideo.jp/watch/sm21430267","https://www.youtube.com/watch?v=VO7sAWMIoKI","0","","2026-09-30","3","2","已汇总第1–930期","链接未收录不等于没有官方投稿"
"nico:sm2283599","友人に聞いた話を少し大袈裟にしてレンとミクに演じてもらってみた","UtataP","镜音连","2008-02-10","https://www.nicovideo.jp/watch/sm2283599","","0","","2026-09-30","1","3","已汇总第1–930期","链接未收录不等于没有官方投稿"
"nico:sm20304965","夢じゃない、嘘じゃない、目の前にある幸せな情景。","UtataP","初音未来","2013-03-11","https://www.nicovideo.jp/watch/sm20304965","https://www.youtube.com/watch?v=6BiXH7icwlw","0","","2026-09-30","2","2","已汇总第1–930期","链接未收录不等于没有官方投稿"
"nico:sm1613775","ストラトスフィア (Long ver.)","UtataP","初音未来","2007-11-25","https://www.nicovideo.jp/watch/sm1613775","","0","","2026-09-30","3","9","已汇总第1–930期","链接未收录不等于没有官方投稿"
"nico:sm19904452","キミのことが好きでゴメンナサイ","UtataP","IA","2013-01-24","https://www.nicovideo.jp/watch/sm19904452","https://www.youtube.com/watch?v=BeTQMa96_mk","0","","2026-09-30","2","5","已汇总第1–930期","链接未收录不等于没有官方投稿"
"nico:sm22026707","マジでぉこだょ？ァたし間違ってなぃ","UtataP","MAYU","2013-10-12","https://www.nicovideo.jp/watch/sm22026707","https://www.youtube.com/watch?v=alz67LkQCbw","0","","2026-09-30","2","7","已汇总第1–930期","链接未收录不等于没有官方投稿"
"nico:sm5666270","アドレサンス(Adolescence)","Dios/シグナルP","镜音连|镜音铃","2008-12-26","https://www.nicovideo.jp/watch/sm5666270","https://www.youtube.com/watch?v=u-YH22ijXhs","0","","2026-09-30","3","6","已汇总第1–930期","链接未收录不等于没有官方投稿"
"nico:sm1971028","リンリンシグナル","Dios/シグナルP","镜音连|镜音铃","2008-01-07","https://www.nicovideo.jp/watch/sm1971028","https://www.youtube.com/watch?v=SWa3Wgu0G6Q","0","","2026-09-30","2","5","已汇总第1–930期","链接未收录不等于没有官方投稿"
"nico:sm33759466","サンドリヨン 10th Anniversary","Dios/シグナルP","KAITO|初音未来","2018-08-27","https://www.nicovideo.jp/watch/sm33759466","","0","","2026-09-30","2","1","已汇总第1–930期","链接未收录不等于没有官方投稿"
"nico:sm4596128","Transmit","Dios/シグナルP","镜音铃","2008-09-12","https://www.nicovideo.jp/watch/sm4596128","https://www.youtube.com/watch?v=f98eWVQsLSY","0","","2026-09-30","3","1","已汇总第1–930期","链接未收录不等于没有官方投稿"
"nico:sm14769855","エンクロージャー（enclosure）","Dios/シグナルP","镜音连|镜音铃","2011-06-17","https://www.nicovideo.jp/watch/sm14769855","https://www.youtube.com/watch?v=JvyUFrmDGnE","0","","2026-09-30","4","3","已汇总第1–930期","链接未收录不等于没有官方投稿"
"nico:sm10037931","UNBALANCE","Dios/シグナルP","镜音铃","2010-03-15","https://www.nicovideo.jp/watch/sm10037931","https://www.youtube.com/watch?v=N27OhSj7kJw","0","","2026-09-30","2","1","已汇总第1–930期","链接未收录不等于没有官方投稿"
"nico:sm3335060","CHU！して！","Dios/シグナルP","镜音铃","2008-05-17","https://www.nicovideo.jp/watch/sm3335060","","0","","2026-09-30","2","9","已汇总第1–930期","链接未收录不等于没有官方投稿"
"nico:sm15279074","トロピカル・サマー","Dios/シグナルP","GUMI","2011-08-11","https://www.nicovideo.jp/watch/sm15279074","https://www.youtube.com/watch?v=TqkiWahM-wc","0","","2026-09-30","2","2","已汇总第1–930期","链接未收录不等于没有官方投稿"
"nico:sm32421289","ユーモアチャンス！","ジェル","GUMI","2017-12-16","https://www.nicovideo.jp/watch/sm32421289","","0","","2026-09-30","2","1","已汇总第1–930期","链接未收录不等于没有官方投稿"
"nico:sm31359663","Sコート","ジェル","初音未来","2017-06-09","https://www.nicovideo.jp/watch/sm31359663","","0","","2026-09-30","1","7","已汇总第1–930期","链接未收录不等于没有官方投稿"
"nico:sm31404552","自癒ン愛","ジェル","初音未来","2017-06-16","https://www.nicovideo.jp/watch/sm31404552","","0","","2026-09-30","1","12","已汇总第1–930期","链接未收录不等于没有官方投稿"
"nico:sm21491051","愛に奇術師","koyori(電ポルP)","初音未来","2013-08-01","https://www.nicovideo.jp/watch/sm21491051","","0","","2026-09-30","2","4","已汇总第1–930期","链接未收录不等于没有官方投稿"
"nico:sm24905365","未来景イノセンス","koyori(電ポルP)","初音未来","2014-11-13","https://www.nicovideo.jp/watch/sm24905365","","0","","2026-09-30","3","2","已汇总第1–930期","链接未收录不等于没有官方投稿"
"nico:sm28051380","magic city","koyori(電ポルP)","flower","2016-01-21","https://www.nicovideo.jp/watch/sm28051380","https://www.youtube.com/watch?v=qQrF1pc284Y","0","","2026-09-30","3","3","已汇总第1–930期","链接未收录不等于没有官方投稿"
"nico:sm36010222","心象カスケード","koyori","flower","2019-11-27","https://www.nicovideo.jp/watch/sm36010222","https://www.youtube.com/watch?v=VxeUab5kWjg","0","","2026-09-30","4","2","已汇总第1–930期","链接未收录不等于没有官方投稿"
"nico:sm23253673","Lap Tap Love","koyori(電ポルP)","初音未来","2014-04-04","https://www.nicovideo.jp/watch/sm23253673","","0","","2026-09-30","2","4","已汇总第1–930期","链接未收录不等于没有官方投稿"
"nico:sm18965721","東京電脳探偵団","PolyphonicBranch","GUMI|IA|初音未来|巡音流歌|神威乐步|镜音连|镜音铃","2012-09-24","https://www.nicovideo.jp/watch/sm18965721","","0","","2026-09-30","2","1","已汇总第1–930期","链接未收录不等于没有官方投稿"
"nico:sm23977962","愛×愛ホイッスル","PolyphonicBranch","初音未来|镜音铃","2014-07-11","https://www.nicovideo.jp/watch/sm23977962","https://www.youtube.com/watch?v=_ov-HUR8ETE","0","","2026-09-30","3","3","已汇总第1–930期","链接未收录不等于没有官方投稿"
"nico:sm16170998","百年夜行","PolyphonicBranch","初音未来","2011-11-14","https://www.nicovideo.jp/watch/sm16170998","","0","","2026-09-30","2","2","已汇总第1–930期","链接未收录不等于没有官方投稿"
"nico:sm20341349","少女自傷癖","PolyphonicBranch","IA","2013-03-15","https://www.nicovideo.jp/watch/sm20341349","https://www.youtube.com/watch?v=eppTW7CpNAc","0","","2026-09-30","1","11","已汇总第1–930期","链接未收录不等于没有官方投稿"
"nico:sm16467853","式日とマンホール","PolyphonicBranch","GUMI","2011-12-19","https://www.nicovideo.jp/watch/sm16467853","","0","","2026-09-30","1","23","已汇总第1–930期","链接未收录不等于没有官方投稿"
"nico:sm9671119","太陽と月のロンド","PolyphonicBranch","初音未来|巡音流歌","2010-02-11","https://www.nicovideo.jp/watch/sm9671119","https://www.youtube.com/watch?v=ILBp9DDM6hE","0","","2026-09-30","3","7","已汇总第1–930期","链接未收录不等于没有官方投稿"
"nico:sm35773476","拝啓、何者にもなれなかった僕へ。","PolyphonicBranch","初音未来","2019-10-05","https://www.nicovideo.jp/watch/sm35773476","https://www.youtube.com/watch?v=qCrg_UVqjGs","0","","2026-09-30","1","5","已汇总第1–930期","链接未收录不等于没有官方投稿"
"nico:sm19767470","衝動×パンデモニクス","PolyphonicBranch","KAITO|Lily|MEIKO|VY2|结月缘","2013-01-06","https://www.nicovideo.jp/watch/sm19767470","","0","","2026-09-30","3","5","已汇总第1–930期","链接未收录不等于没有官方投稿"
"nico:sm17335463","迷子の僕に","KEI","GUMI","2012-03-23","https://www.nicovideo.jp/watch/sm17335463","","0","","2026-09-30","3","1","已汇总第1–930期","链接未收录不等于没有官方投稿"
"nico:sm7282450","タワー","KEI","初音未来|巡音流歌","2009-06-08","https://www.nicovideo.jp/watch/sm7282450","","0","","2026-09-30","1","5","已汇总第1–930期","链接未收录不等于没有官方投稿"
"nico:sm23852117","そばにいて","KEI","巡音流歌","2014-06-24","https://www.nicovideo.jp/watch/sm23852117","","0","","2026-09-30","1","2","已汇总第1–930期","链接未收录不等于没有官方投稿"
"nico:sm13206236","アイラビューアイニジュー","KEI","初音未来","2011-01-03","https://www.nicovideo.jp/watch/sm13206236","","0","","2026-09-30","2","10","已汇总第1–930期","链接未收录不等于没有官方投稿"
"nico:sm16061957","Track","KEI","巡音流歌","2011-11-03","https://www.nicovideo.jp/watch/sm16061957","","0","","2026-09-30","2","3","已汇总第1–930期","链接未收录不等于没有官方投稿"
"nico:sm18078228","君の音が","KEI","巡音流歌","2012-06-12","https://www.nicovideo.jp/watch/sm18078228","","0","","2026-09-30","1","2","已汇总第1–930期","链接未收录不等于没有官方投稿"
"nico:sm14939119","HERE","KEI","初音未来","2011-07-06","https://www.nicovideo.jp/watch/sm14939119","","0","","2026-09-30","2","3","已汇总第1–930期","链接未收录不等于没有官方投稿"
"nico:sm13081249","泣キ虫カレシ","HoneyWorks","初音未来|镜音连","2010-12-21","https://www.nicovideo.jp/watch/sm13081249","https://www.youtube.com/watch?v=EFUSO17h5oE","0","","2026-09-30","1","3","已汇总第1–930期","链接未收录不等于没有官方投稿"
"nico:sm24085528","世界は恋に落ちている","HoneyWorks","GUMI","2014-07-25","https://www.nicovideo.jp/watch/sm24085528","","0","","2026-09-30","5","4","已汇总第1–930期","链接未收录不等于没有官方投稿"
"nico:sm20529644","吉田、家出するってよ","HoneyWorks","初音未来","2013-04-05","https://www.nicovideo.jp/watch/sm20529644","https://www.youtube.com/watch?v=fd0uHUAy6TU","0","","2026-09-30","2","5","已汇总第1–930期","链接未收录不等于没有官方投稿"
"nico:sm21878578","ハジマリノサヨナラ","HoneyWorks","初音未来|镜音连|镜音铃","2013-09-21","https://www.nicovideo.jp/watch/sm21878578","https://www.youtube.com/watch?v=KRcsHATqD6U","0","","2026-09-30","2","3","已汇总第1–930期","链接未收录不等于没有官方投稿"
"nico:nm7053908","Good-Morning!","HoneyWorks","神威 Gakupo","2009-05-15","https://www.nicovideo.jp/watch/nm7053908","","0","","2026-09-30","2","7","已汇总第1–930期","链接未收录不等于没有官方投稿"
"nico:sm2540481","ジェミニ","Dixie Flatline","初音未来|镜音连|镜音铃","2008-03-07","https://www.nicovideo.jp/watch/sm2540481","https://www.youtube.com/watch?v=x_qYQaWC_n0","0","","2026-09-30","3","4","已汇总第1–930期","链接未收录不等于没有官方投稿"
"nico:sm19497806","嘘とぬいぐるみ","Dixie Flatline","MAYU","2012-12-03","https://www.nicovideo.jp/watch/sm19497806","https://www.youtube.com/watch?v=BSXUz1RUE4g","0","","2026-09-30","1","9","已汇总第1–930期","链接未收录不等于没有官方投稿"
"nico:sm5919610","ジュブナイル","Dixie Flatline","镜音连|镜音铃","2009-01-23","https://www.nicovideo.jp/watch/sm5919610","https://www.youtube.com/watch?v=0KZ2DTuLF7I","0","","2026-09-30","2","7","已汇总第1–930期","链接未收录不等于没有官方投稿"
"nico:sm18458368","アンサー","Dixie Flatline","巡音流歌","2012-07-27","https://www.nicovideo.jp/watch/sm18458368","https://www.youtube.com/watch?v=zKs_QeSj4AQ","0","","2026-09-30","3","3","已汇总第1–930期","链接未收录不等于没有官方投稿"
"nico:sm25823929","シュガーバイン","Dixie Flatline","巡音流歌","2015-03-19","https://www.nicovideo.jp/watch/sm25823929","https://www.youtube.com/watch?v=TQbw-8aLbqM","0","","2026-09-30","2","6","已汇总第1–930期","链接未收录不等于没有官方投稿"
"nico:sm7911934","夢の続き","Dixie Flatline","初音未来|巡音流歌|镜音连|镜音铃","2009-08-12","https://www.nicovideo.jp/watch/sm7911934","https://www.youtube.com/watch?v=sst5F1bbgfw","0","","2026-09-30","2","6","已汇总第1–930期","链接未收录不等于没有官方投稿"
"nico:sm7919275","Ignition","Dixie Flatline","巡音流歌","2009-08-13","https://www.nicovideo.jp/watch/sm7919275","https://www.youtube.com/watch?v=_rkUTLKvZ_A","0","","2026-09-30","2","10","已汇总第1–930期","链接未收录不等于没有官方投稿"
"nico:sm19639179","アンダンテ","Dixie Flatline","初音未来","2012-12-22","https://www.nicovideo.jp/watch/sm19639179","","0","","2026-09-30","2","12","已汇总第1–930期","链接未收录不等于没有官方投稿"
"nico:sm3610686","メービウス","Dixie Flatline","初音未来","2008-06-09","https://www.nicovideo.jp/watch/sm3610686","https://www.youtube.com/watch?v=EGtiYUO0vkM","0","","2026-09-30","1","9","已汇总第1–930期","链接未收录不等于没有官方投稿"
"nico:sm13292326","サディスティック・ラブ","Junky","镜音铃","2011-01-13","https://www.nicovideo.jp/watch/sm13292326","","0","","2026-09-30","2","6","已汇总第1–930期","链接未收录不等于没有官方投稿"
"nico:sm24891870","ラブチーノ","Junky","镜音铃","2014-11-11","https://www.nicovideo.jp/watch/sm24891870","https://www.youtube.com/watch?v=Q4HY_liWfGk","0","","2026-09-30","3","4","已汇总第1–930期","链接未收录不等于没有官方投稿"
"nico:sm12549171","For my soul","Junky","GUMI","2010-10-25","https://www.nicovideo.jp/watch/sm12549171","","0","","2026-09-30","2","2","已汇总第1–930期","链接未收录不等于没有官方投稿"
"nico:sm40386723","オシオキGIMMICK!!","Junky","镜音铃","2022-04-29","https://www.nicovideo.jp/watch/sm40386723","https://www.youtube.com/watch?v=nMOx1iBVcK4","0","","2026-09-30","0","","已汇总第1–930期","链接未收录不等于没有官方投稿"
"nico:sm17267606","I ♥","Junky","镜音铃","2012-03-16","https://www.nicovideo.jp/watch/sm17267606","","0","","2026-09-30","2","4","已汇总第1–930期","链接未收录不等于没有官方投稿"
"nico:sm32488407","キミペディア","Junky","镜音连|镜音铃","2017-12-27","https://www.nicovideo.jp/watch/sm32488407","https://www.youtube.com/watch?v=6DpudRojTB4","0","","2026-09-30","1","9","已汇总第1–930期","链接未收录不等于没有官方投稿"
"nico:sm17643624","ライフライン","Junky","镜音铃","2012-04-25","https://www.nicovideo.jp/watch/sm17643624","","0","","2026-09-30","3","8","已汇总第1–930期","链接未收录不等于没有官方投稿"
"nico:sm11189525","さよならポラリス","Nem","GUMI","2010-06-26","https://www.nicovideo.jp/watch/sm11189525","https://www.youtube.com/watch?v=bLxdvaqLYOI","0","","2026-09-30","1","24","已汇总第1–930期","链接未收录不等于没有官方投稿"
"nico:sm18008293","初恋学園・純愛科","Nem","GUMI|镜音连|镜音铃","2012-06-04","https://www.nicovideo.jp/watch/sm18008293","https://www.youtube.com/watch?v=V8Ym3wzRU0A","0","","2026-09-30","2","1","已汇总第1–930期","链接未收录不等于没有官方投稿"
"nico:sm16011363","virgin suicides","Nem","镜音连","2011-10-28","https://www.nicovideo.jp/watch/sm16011363","https://www.youtube.com/watch?v=PIEKC4oTNwU","0","","2026-09-30","2","3","已汇总第1–930期","链接未收录不等于没有官方投稿"
"nico:sm17437298","スーパーヒーロー","Nem","镜音连","2012-04-02","https://www.nicovideo.jp/watch/sm17437298","https://www.youtube.com/watch?v=hMag4s6Boww","0","","2026-09-30","2","3","已汇总第1–930期","链接未收录不等于没有官方投稿"
"nico:sm18249803","怪盗ピーター＆ジェニイ","Nem","镜音连|镜音铃","2012-07-02","https://www.nicovideo.jp/watch/sm18249803","https://www.youtube.com/watch?v=pubQp65YUxE","0","","2026-09-30","2","2","已汇总第1–930期","链接未收录不等于没有官方投稿"
"nico:sm18571553","或る化け猫の恋物語","Nem","镜音连","2012-08-09","https://www.nicovideo.jp/watch/sm18571553","https://www.youtube.com/watch?v=qWmokiTiXRA","0","","2026-09-30","1","5","已汇总第1–930期","链接未收录不等于没有官方投稿"
"nico:sm7822559","スターマイン","Nem","GUMI","2009-08-03","https://www.nicovideo.jp/watch/sm7822559","https://www.youtube.com/watch?v=Ri3l3abXsqM","0","","2026-09-30","1","20","已汇总第1–930期","链接未收录不等于没有官方投稿"
"nico:sm9422444","刹月華","natsuP(SCL)","KAITO|神威 Gakupo|镜音连","2010-01-18","https://www.nicovideo.jp/watch/sm9422444","","0","","2026-09-30","3","2","已汇总第1–930期","链接未收录不等于没有官方投稿"
"nico:sm8822490","Fate：Rebirth","natsuP(SCL)","KAITO|神威 Gakupo|镜音连","2009-11-16","https://www.nicovideo.jp/watch/sm8822490","","0","","2026-09-30","3","1","已汇总第1–930期","链接未收录不等于没有官方投稿"
"nico:sm16321602","背徳の記憶〜The Lost Memory〜","natsuP(SCL)","KAITO|神威 Gakupo|镜音连","2011-12-02","https://www.nicovideo.jp/watch/sm16321602","","0","","2026-09-30","3","1","已汇总第1–930期","链接未收录不等于没有官方投稿"
"nico:sm13363453","LOVELESS×××","natsuP(SCL)","KAITO|神威 Gakupo|镜音连","2011-01-21","https://www.nicovideo.jp/watch/sm13363453","","0","","2026-09-30","3","3","已汇总第1–930期","链接未收录不等于没有官方投稿"
"nico:sm14490117","Arrest Rose","natsuP(SCL)","KAITO|神威 Gakupo|镜音连","2011-05-18","https://www.nicovideo.jp/watch/sm14490117","","0","","2026-09-30","2","4","已汇总第1–930期","链接未收录不等于没有官方投稿"
"nico:sm19154807","孤独の番人","natsuP(SCL)","MAYU","2012-10-19","https://www.nicovideo.jp/watch/sm19154807","","0","","2026-09-30","2","9","已汇总第1–930期","链接未收录不等于没有官方投稿"
"nico:sm17283315","桜舞イ散リヌ-麗-","natsuP(SCL)","KAITO|神威 Gakupo|镜音连","2012-03-18","https://www.nicovideo.jp/watch/sm17283315","","0","","2026-09-30","2","16","已汇总第1–930期","链接未收录不等于没有官方投稿"
"nico:sm14141797","SPIRAL GAME","natsuP(SCL)","初音未来|巡音流歌|镜音连|镜音铃","2011-04-12","https://www.nicovideo.jp/watch/sm14141797","","0","","2026-09-30","2","1","已汇总第1–930期","链接未收录不等于没有官方投稿"
"nico:sm2528674","SPICE！","minato","镜音连","2008-03-06","https://www.nicovideo.jp/watch/sm2528674","","0","","2026-09-30","2","14","已汇总第1–930期","链接未收录不等于没有官方投稿"
"nico:sm32422800","アンビバレンツ","minato","初音未来","2018-01-05","https://www.nicovideo.jp/watch/sm32422800","https://www.youtube.com/watch?v=9zWWq3n1TTg","0","","2026-09-30","2","4","已汇总第1–930期","链接未收录不等于没有官方投稿"
"nico:sm2019245","流星","minato","初音未来","2008-01-13","https://www.nicovideo.jp/watch/sm2019245","","0","","2026-09-30","1","17","已汇总第1–930期","链接未收录不等于没有官方投稿"
"nico:sm2085031","FAIRYLAND","minato","初音未来","2008-01-20","https://www.nicovideo.jp/watch/sm2085031","","0","","2026-09-30","2","26","已汇总第1–930期","链接未收录不等于没有官方投稿"
"nico:sm3082002","SET FREE","minato","初音未来","2008-04-24","https://www.nicovideo.jp/watch/sm3082002","","0","","2026-09-30","1","9","已汇总第1–930期","链接未收录不等于没有官方投稿"
"nico:sm4360169","彼方まで虹を架けて","minato","初音未来","2008-08-21","https://www.nicovideo.jp/watch/sm4360169","","0","","2026-09-30","2","11","已汇总第1–930期","链接未收录不等于没有官方投稿"
"nico:sm4212652","MOTTO!!","minato","初音未来","2008-08-07","https://www.nicovideo.jp/watch/sm4212652","","0","","2026-09-30","1","17","已汇总第1–930期","链接未收录不等于没有官方投稿"
"nico:sm1647289","永久に続く五線譜 -Full ver.-","デッドボールＰ","初音未来","2007-11-29","https://www.nicovideo.jp/watch/sm1647289","","0","","2026-09-30","5","7","已汇总第1–930期","链接未收录不等于没有官方投稿"
"nico:sm3081358","+鏡音リンの百合ジナル曲４ 曾根崎心中 -Full ver.-","デッドボールＰ","初音未来|镜音铃","2008-04-23","https://www.nicovideo.jp/watch/sm3081358","","0","","2026-09-30","2","13","已汇总第1–930期","链接未收录不等于没有官方投稿"
"nico:sm3046398","椿の花 -Full ver.-","デッドボールＰ","初音未来","2008-04-20","https://www.nicovideo.jp/watch/sm3046398","","0","","2026-09-30","2","4","已汇总第1–930期","链接未收录不等于没有官方投稿"
"nico:sm1807929","金の聖夜霜雪に朽ちて -Full ver.-","デッドボールＰ","初音未来","2007-12-18","https://www.nicovideo.jp/watch/sm1807929","","0","","2026-09-30","1","9","已汇总第1–930期","链接未收录不等于没有官方投稿"
"nico:sm6026956","Japanese Ninja No.1 -Full ver.-","デッドボールＰ","巡音流歌","2009-02-02","https://www.nicovideo.jp/watch/sm6026956","","0","","2026-09-30","2","6","已汇总第1–930期","链接未收录不等于没有官方投稿"
"nico:sm2166779","ちょっとアレな曲3 私は人間じゃないから -Full ver.- （修正版）","デッドボールＰ","初音未来","2008-01-29","https://www.nicovideo.jp/watch/sm2166779","","0","","2026-09-30","1","16","已汇总第1–930期","链接未收录不等于没有官方投稿"
"nico:sm6100649","Wash My Blood -Full ver.-","槇タケポン＠デＰ","巡音流歌","2009-02-10","https://www.nicovideo.jp/watch/sm6100649","","0","","2026-09-30","0","","已汇总第1–930期","链接未收录不等于没有官方投稿"
"nico:sm2135243","ちょっとアレな曲1 既成事実 -Full ver.- （修正版）","槇タケポン＠デＰ","初音未来","2008-01-25","https://www.nicovideo.jp/watch/sm2135243","","0","","2026-09-30","0","","已汇总第1–930期","链接未收录不等于没有官方投稿"
"nico:sm2132271","ちょっとアレな曲2 牛乳飲め！-Full ver.- （修正版）","槇タケポン＠デＰ","初音未来","2008-01-25","https://www.nicovideo.jp/watch/sm2132271","","0","","2026-09-30","0","","已汇总第1–930期","链接未收录不等于没有官方投稿"
"nico:sm33972704","だから言ったでしょ？(#コンパス 輝龍院きらら テーマソング)","EasyPop","巡音流歌","2018-10-06","https://www.nicovideo.jp/watch/sm33972704","","0","","2026-09-30","2","4","已汇总第1–930期","链接未收录不等于没有官方投稿"
"nico:sm12183136","マイルームディスコナイト","EasyPop","GUMI|初音未来|巡音流歌","2010-09-21","https://www.nicovideo.jp/watch/sm12183136","https://www.youtube.com/watch?v=00bDrQ7lff8","0","","2026-09-30","2","7","已汇总第1–930期","链接未收录不等于没有官方投稿"
"nico:sm11524531","トゥインクル×トゥインクル","EasyPop","初音未来|巡音流歌","2010-07-26","https://www.nicovideo.jp/watch/sm11524531","","0","","2026-09-30","1","11","已汇总第1–930期","链接未收录不等于没有官方投稿"
"nico:sm18280937","Girls","EasyPop/BETTI","巡音流歌","2012-07-06","https://www.nicovideo.jp/watch/sm18280937","","0","","2026-09-30","0","","已汇总第1–930期","链接未收录不等于没有官方投稿"
"nico:sm13536994","イレヴンレイヴガール","EasyPop","巡音流歌","2011-02-08","https://www.nicovideo.jp/watch/sm13536994","https://www.youtube.com/watch?v=okxYcI1fBc0","0","","2026-09-30","1","9","已汇总第1–930期","链接未收录不等于没有官方投稿"
"nico:sm14406520","ハートフルシーケンス","EasyPop","GUMI|巡音流歌","2011-05-09","https://www.nicovideo.jp/watch/sm14406520","","0","","2026-09-30","1","5","已汇总第1–930期","链接未收录不等于没有官方投稿"
"nico:sm17894581","スウィートタイム","EasyPop","巡音流歌","2012-05-22","https://www.nicovideo.jp/watch/sm17894581","https://www.youtube.com/watch?v=mlOXCrn17ws","0","","2026-09-30","1","8","已汇总第1–930期","链接未收录不等于没有官方投稿"
"nico:nm9325841","君恋し","EasyPop","巡音流歌","2010-01-08","https://www.nicovideo.jp/watch/nm9325841","https://www.youtube.com/watch?v=XwmSfPlOBFQ","0","","2026-09-30","1","16","已汇总第1–930期","链接未收录不等于没有官方投稿"
"nico:sm33891098","キミノカゼニナル","のぼる↑","镜音铃","2018-09-24","https://www.nicovideo.jp/watch/sm33891098","https://www.youtube.com/watch?v=0Ms8CfPOT2k","0","","2026-09-30","2","3","已汇总第1–930期","链接未收录不等于没有官方投稿"
"nico:sm24055882","ポジティブシンキング","のぼる↑","GUMI","2014-07-21","https://www.nicovideo.jp/watch/sm24055882","https://www.youtube.com/watch?v=MfAiuNw6iok","0","","2026-09-30","2","1","已汇总第1–930期","链接未收录不等于没有官方投稿"
"nico:sm22039435","君と僕とその空白と","のぼる↑","GUMI","2013-10-14","https://www.nicovideo.jp/watch/sm22039435","https://www.youtube.com/watch?v=bSKrJjJh-58","0","","2026-09-30","2","1","已汇总第1–930期","链接未收录不等于没有官方投稿"
"nico:sm9105813","ひとりきりのメリーデイ","のぼる↑","初音未来","2009-12-16","https://www.nicovideo.jp/watch/sm9105813","","0","","2026-09-30","1","6","已汇总第1–930期","链接未收录不等于没有官方投稿"
"nico:sm24505980","グッナイ･トゥナイ","のぼる↑","镜音铃","2014-09-19","https://www.nicovideo.jp/watch/sm24505980","https://www.youtube.com/watch?v=moaiIJbugl0","0","","2026-09-30","2","7","已汇总第1–930期","链接未收录不等于没有官方投稿"
"nico:sm20332826","rainbow berry","しも","初音未来","2013-03-14","https://www.nicovideo.jp/watch/sm20332826","","0","","2026-09-30","2","4","已汇总第1–930期","链接未收录不等于没有官方投稿"
"nico:sm17105303","夜明けの日","しも","初音未来","2012-02-28","https://www.nicovideo.jp/watch/sm17105303","","0","","2026-09-30","1","17","已汇总第1–930期","链接未收录不等于没有官方投稿"
"nico:sm25056423","Connecting","halyosy","KAITO|MEIKO|初音未来|巡音流歌|镜音连|镜音铃","2014-12-05","https://www.nicovideo.jp/watch/sm25056423","https://www.youtube.com/watch?v=v9sR1Tm1diQ","0","","2026-09-30","5","1","已汇总第1–930期","链接未收录不等于没有官方投稿"
"nico:sm27399621","Paintër","halyosy","KAITO|MEIKO|初音未来|巡音流歌|镜音连|镜音铃","2015-10-18","https://www.nicovideo.jp/watch/sm27399621","https://www.youtube.com/watch?v=JxKVlmLvXBM","0","","2026-09-30","4","1","已汇总第1–930期","链接未收录不等于没有官方投稿"
"nico:sm28212412","あったかいと","halyosy","KAITO","2016-02-14","https://www.nicovideo.jp/watch/sm28212412","https://www.youtube.com/watch?v=RsmJ--RNgE8","0","","2026-09-30","2","7","已汇总第1–930期","链接未收录不等于没有官方投稿"
"nico:sm28203575","Shoutër","halyosy","KAITO|MEIKO|初音未来|巡音流歌|镜音连|镜音铃","2016-02-12","https://www.nicovideo.jp/watch/sm28203575","https://www.youtube.com/watch?v=pNuWTY6muqM","0","","2026-09-30","2","4","已汇总第1–930期","链接未收录不等于没有官方投稿"
"nico:sm32070932","Steppër","halyosy","KAITO|MEIKO|初音未来|巡音流歌|镜音连|镜音铃","2017-10-09","https://www.nicovideo.jp/watch/sm32070932","https://www.youtube.com/watch?v=A0bmJHMCX5A","0","","2026-09-30","1","4","已汇总第1–930期","链接未收录不等于没有官方投稿"
"nico:sm18265164","うたをうたうひと","椎名もた(ぽわぽわP)","初音未来","2012-07-04","https://www.nicovideo.jp/watch/sm18265164","","0","","2026-09-30","1","6","已汇总第1–930期","链接未收录不等于没有官方投稿"
"nico:sm15496537","ストロボライト","椎名もた(ぽわぽわP)","初音未来","2011-09-03","https://www.nicovideo.jp/watch/sm15496537","https://www.youtube.com/watch?v=n77fjnp_BxM","0","","2026-09-30","3","5","已汇总第1–930期","链接未收录不等于没有官方投稿"
"nico:sm18485900","夢のまにまに","椎名もた(ぽわぽわP)","初音未来","2012-07-30","https://www.nicovideo.jp/watch/sm18485900","https://www.youtube.com/watch?v=ImFO_oAtD8Y","0","","2026-09-30","1","6","已汇总第1–930期","链接未收录不等于没有官方投稿"
"nico:sm15578383","[GUMI] 格子の心臓","TOKOTOKO（西沢さんP）","GUMI","2011-09-11","https://www.nicovideo.jp/watch/sm15578383","","0","","2026-09-30","3","4","已汇总第1–930期","链接未收录不等于没有官方投稿"
"nico:sm16989736","[GUMI] 投資家レコーズ","TOKOTOKO（西沢さんP）","GUMI","2012-02-16","https://www.nicovideo.jp/watch/sm16989736","","0","","2026-09-30","2","2","已汇总第1–930期","链接未收录不等于没有官方投稿"
"nico:sm32459303","[初音ミク・MV] 四角い地球を丸くする","TOKOTOKO（西沢さんP）","初音未来","2017-12-22","https://www.nicovideo.jp/watch/sm32459303","https://www.youtube.com/watch?v=KdNHFKTKX2s","0","","2026-09-30","1","8","已汇总第1–930期","链接未收录不等于没有官方投稿"
"nico:sm31677384","[初音ミク] ハングリーモンスター","TOKOTOKO（西沢さんP）","初音未来","2017-08-02","https://www.nicovideo.jp/watch/sm31677384","","0","","2026-09-30","2","4","已汇总第1–930期","链接未收录不等于没有官方投稿"
"nico:sm30920751","[GUMI] 僕らの街に愛が降る夜だ","TOKOTOKO（西沢さんP）","GUMI","2017-03-29","https://www.nicovideo.jp/watch/sm30920751","","0","","2026-09-30","2","1","已汇总第1–930期","链接未收录不等于没有官方投稿"
"nico:sm39771984","ワールドワイドワンダー","TOKOTOKO","初音未来","2021-12-18","https://www.nicovideo.jp/watch/sm39771984","https://www.youtube.com/watch?v=6NdOqVypgCM","0","","2026-09-30","2","6","已汇总第1–930期","链接未收录不等于没有官方投稿"
"nico:sm5911252","Hope","ゆよゆっぺ","初音未来","2009-01-22","https://www.nicovideo.jp/watch/sm5911252","","0","","2026-09-30","1","6","已汇总第1–930期","链接未收录不等于没有官方投稿"
"nico:sm18006945","Reon","ゆよゆっぺ","巡音流歌","2012-06-04","https://www.nicovideo.jp/watch/sm18006945","","0","","2026-09-30","2","3","已汇总第1–930期","链接未收录不等于没有官方投稿"
"nico:sm7326739","Lost Story","ゆよゆっぺ","初音未来","2009-06-13","https://www.nicovideo.jp/watch/sm7326739","","0","","2026-09-30","2","8","已汇总第1–930期","链接未收录不等于没有官方投稿"
"nico:sm9294724","Blue","ゆよゆっぺ","初音未来","2010-01-05","https://www.nicovideo.jp/watch/sm9294724","","0","","2026-09-30","1","4","已汇总第1–930期","链接未收录不等于没有官方投稿"
"nico:sm15316380","カミノコトバ","ゆよゆっぺ","初音未来","2011-08-15","https://www.nicovideo.jp/watch/sm15316380","https://www.youtube.com/watch?v=0DZqmCdX7GI","0","","2026-09-30","1","4","已汇总第1–930期","链接未收录不等于没有官方投稿"
"nico:sm7115526","You and beautiful world","ゆよゆっぺ","巡音流歌","2009-05-22","https://www.nicovideo.jp/watch/sm7115526","","0","","2026-09-30","1","28","已汇总第1–930期","链接未收录不等于没有官方投稿"
"nico:sm8855325","7/8","ゆよゆっぺ","巡音流歌","2009-11-19","https://www.nicovideo.jp/watch/sm8855325","","0","","2026-09-30","2","6","已汇总第1–930期","链接未收录不等于没有官方投稿"
"nico:sm18972319","Story of Hope","ゆよゆっぺ","巡音流歌","2012-09-25","https://www.nicovideo.jp/watch/sm18972319","https://www.youtube.com/watch?v=HFV1X6RYhP0","0","","2026-09-30","1","9","已汇总第1–930期","链接未收录不等于没有官方投稿"
"nico:sm14705584","KiLLER LADY","八王子P","GUMI","2011-06-10","https://www.nicovideo.jp/watch/sm14705584","https://www.youtube.com/watch?v=2bgBEocBUFY","0","","2026-09-30","2","5","已汇总第1–930期","链接未收录不等于没有官方投稿"
"nico:sm24288200","Carry Me Off","八王子P","初音未来","2014-08-21","https://www.nicovideo.jp/watch/sm24288200","https://www.youtube.com/watch?v=UGG7tUMg77A","0","","2026-09-30","2","2","已汇总第1–930期","链接未收录不等于没有官方投稿"
"nico:sm9097377","エレクトリック・ラブ","八王子P","初音未来","2009-12-15","https://www.nicovideo.jp/watch/sm9097377","","0","","2026-09-30","2","1","已汇总第1–930期","链接未收录不等于没有官方投稿"
"nico:sm36954494","フィフティキャリバーパニッシュメント","八王子P","镜音铃","2020-05-31","https://www.nicovideo.jp/watch/sm36954494","https://www.youtube.com/watch?v=DySAi2jsbzA","0","","2026-09-30","1","5","已汇总第1–930期","链接未收录不等于没有官方投稿"
"nico:sm26762755","Little Scarlet Bad Girl","八王子P","初音未来","2015-07-22","https://www.nicovideo.jp/watch/sm26762755","https://www.youtube.com/watch?v=I_bs61WyzMk","0","","2026-09-30","1","3","已汇总第1–930期","链接未收录不等于没有官方投稿"
"nico:sm18702236","fake doll","八王子P","初音未来","2012-08-24","https://www.nicovideo.jp/watch/sm18702236","https://www.youtube.com/watch?v=Z1VhvAIa3UA","0","","2026-09-30","2","8","已汇总第1–930期","链接未收录不等于没有官方投稿"
"nico:sm12223686","アダルトサイトが閉じられない","ほぼ日P","初音未来","2010-09-25","https://www.nicovideo.jp/watch/sm12223686","","0","","2026-09-30","0","","已汇总第1–930期","链接未收录不等于没有官方投稿"
"nico:sm20648615","ヤバイと思ったが性欲を抑えきれなかった","ほぼ日P","初音未来","2013-04-20","https://www.nicovideo.jp/watch/sm20648615","","0","","2026-09-30","2","2","已汇总第1–930期","链接未收录不等于没有官方投稿"
"nico:sm8516531","彼氏の財布がマジックテープ式だった","ほぼ日P","初音未来","2009-10-15","https://www.nicovideo.jp/watch/sm8516531","","0","","2026-09-30","3","4","已汇总第1–930期","链接未收录不等于没有官方投稿"
"nico:sm11334087","J-POPの歌詞における「何か」の探され率は異常","ほぼ日P","初音未来","2010-07-10","https://www.nicovideo.jp/watch/sm11334087","","0","","2026-09-30","3","7","已汇总第1–930期","链接未收录不等于没有官方投稿"
"nico:sm13573662","蒟蒻ゼリーを食べると死にます","ほぼ日P","初音未来","2011-02-12","https://www.nicovideo.jp/watch/sm13573662","","0","","2026-09-30","4","8","已汇总第1–930期","链接未收录不等于没有官方投稿"
"nico:sm15206345","さよならぼくたちのてれびきょく","ほぼ日P","初音未来","2011-08-04","https://www.nicovideo.jp/watch/sm15206345","","0","","2026-09-30","4","7","已汇总第1–930期","链接未收录不等于没有官方投稿"
"nico:sm21362176","お前らに歌い手の辛さの何が理解るわけ？","ほぼ日P","初音未来","2013-07-15","https://www.nicovideo.jp/watch/sm21362176","","0","","2026-09-30","2","3","已汇总第1–930期","链接未收录不等于没有官方投稿"
"nico:sm15805277","グリーの退会ページに進めない","ほぼ日P","初音未来","2011-10-06","https://www.nicovideo.jp/watch/sm15805277","","0","","2026-09-30","2","10","已汇总第1–930期","链接未收录不等于没有官方投稿"
"nico:sm21440508","パーカー着たキャラはどう考えてもカゲプロのパクリ","ほぼ日P","结月缘","2013-07-26","https://www.nicovideo.jp/watch/sm21440508","","0","","2026-09-30","2","3","已汇总第1–930期","链接未收录不等于没有官方投稿"
"nico:sm14301091","一方通行","ゆちゃP","初音未来","2011-04-30","https://www.nicovideo.jp/watch/sm14301091","https://www.youtube.com/watch?v=0c1zb4oAJoE","0","","2026-09-30","2","2","已汇总第1–930期","链接未收录不等于没有官方投稿"
"nico:sm20008695","ドロボウナイトトリック","ゆちゃP","GUMI","2013-02-05","https://www.nicovideo.jp/watch/sm20008695","https://www.youtube.com/watch?v=01UpBe7z5Nw","0","","2026-09-30","3","2","已汇总第1–930期","链接未收录不等于没有官方投稿"
"nico:sm16034025","暗闇のパレード","ゆちゃP","GUMI","2011-10-31","https://www.nicovideo.jp/watch/sm16034025","","0","","2026-09-30","1","7","已汇总第1–930期","链接未收录不等于没有官方投稿"
"nico:sm9301676","空想パレット","ゆちゃP","镜音铃","2010-01-05","https://www.nicovideo.jp/watch/sm9301676","","0","","2026-09-30","2","2","已汇总第1–930期","链接未收录不等于没有官方投稿"
"nico:sm12264707","嘘とダイヤモンド","ゆちゃP","GUMI","2010-09-29","https://www.nicovideo.jp/watch/sm12264707","","0","","2026-09-30","2","2","已汇总第1–930期","链接未收录不等于没有官方投稿"
"nico:sm14816379","水葬カタルシス","ゆちゃP","镜音铃","2011-06-22","https://www.nicovideo.jp/watch/sm14816379","https://www.youtube.com/watch?v=ae53xmL18so","0","","2026-09-30","2","3","已汇总第1–930期","链接未收录不等于没有官方投稿"
"nico:sm19300965","インモラルアクトレス","ゆちゃP","巡音流歌","2012-11-07","https://www.nicovideo.jp/watch/sm19300965","","0","","2026-09-30","2","3","已汇总第1–930期","链接未收录不等于没有官方投稿"
"nico:sm15652907","8HIT","ワンダフル☆オポチュニティ！","镜音连|镜音铃","2011-09-19","https://www.nicovideo.jp/watch/sm15652907","https://www.youtube.com/watch?v=UDskSD_F9KA","0","","2026-09-30","2","5","已汇总第1–930期","链接未收录不等于没有官方投稿"
"nico:sm25082246","鬼KYOKAN","ワンダフル☆オポチュニティ！","镜音连|镜音铃","2014-12-10","https://www.nicovideo.jp/watch/sm25082246","","0","","2026-09-30","2","4","已汇总第1–930期","链接未收录不等于没有官方投稿"
"nico:sm22967724","ドッペル押し問答","ワンダフル☆オポチュニティ！","镜音铃","2014-02-25","https://www.nicovideo.jp/watch/sm22967724","","0","","2026-09-30","3","2","已汇总第1–930期","链接未收录不等于没有官方投稿"
"nico:sm29674067","KSGR地獄の刑","ワンダフル☆オポチュニティ！","镜音连|镜音铃","2016-09-19","https://www.nicovideo.jp/watch/sm29674067","https://www.youtube.com/watch?v=AhIPLdltlbY","0","","2026-09-30","1","4","已汇总第1–930期","链接未收录不等于没有官方投稿"
"nico:sm32413210","ポジティ部vsネガティ部","ワンダフル☆オポチュニティ！","镜音连|镜音铃","2017-12-13","https://www.nicovideo.jp/watch/sm32413210","https://www.youtube.com/watch?v=ei7xF8hORQU","0","","2026-09-30","1","5","已汇总第1–930期","链接未收录不等于没有官方投稿"
"nico:sm19065203","先生と少女騒動-第一審公判-","ワンダフル☆オポチュニティ！","镜音连","2012-10-07","https://www.nicovideo.jp/watch/sm19065203","","0","","2026-09-30","2","4","已汇总第1–930期","链接未收录不等于没有官方投稿"
"nico:sm24623249","戯曲とデフォルメ都市","まふまふ","IA","2014-10-05","https://www.nicovideo.jp/watch/sm24623249","","0","","2026-09-30","3","2","已汇总第1–930期","链接未收录不等于没有官方投稿"
"nico:sm24205476","林檎花火とソーダの海","まふまふ","IA","2014-08-10","https://www.nicovideo.jp/watch/sm24205476","","0","","2026-09-30","4","1","已汇总第1–930期","链接未收录不等于没有官方投稿"
"nico:sm3088245","サイハテ","kz(livetune)","初音未来","2008-04-24","https://www.nicovideo.jp/watch/sm3088245","","0","","2026-09-30","1","3","已汇总第1–930期","链接未收录不等于没有官方投稿"
"nico:sm31985113","never ender","kz(livetune)","初音未来","2017-09-25","https://www.nicovideo.jp/watch/sm31985113","","0","","2026-09-30","2","1","已汇总第1–930期","链接未收录不等于没有官方投稿"
"nico:sm3055567","Light Song","kz(livetune)","初音未来","2008-04-20","https://www.nicovideo.jp/watch/sm3055567","","0","","2026-09-30","1","1","已汇总第1–930期","链接未收录不等于没有官方投稿"
"nico:sm1111376","Packaged（試作版）","kz(livetune)","初音未来","2007-09-22","https://www.nicovideo.jp/watch/sm1111376","","0","","2026-09-30","0","","已汇总第1–930期","链接未收录不等于没有官方投稿"
"nico:sm7704306","ロッテンガールグロテスクロマンス","マチゲリータP","初音未来","2009-07-21","https://www.nicovideo.jp/watch/sm7704306","","0","","2026-09-30","2","6","已汇总第1–930期","链接未收录不等于没有官方投稿"
"nico:sm2435563","暗い森のサーカス","マチゲリータP","初音未来|镜音连|镜音铃","2008-02-25","https://www.nicovideo.jp/watch/sm2435563","","0","","2026-09-30","1","10","已汇总第1–930期","链接未收录不等于没有官方投稿"
"nico:sm9792113","ツギハギ惨毒","マチゲリータP","初音未来","2010-02-21","https://www.nicovideo.jp/watch/sm9792113","","0","","2026-09-30","1","5","已汇总第1–930期","链接未收录不等于没有官方投稿"
"nico:sm11140951","キャンディアディクトフルコォス","マチゲリータP","初音未来","2010-06-21","https://www.nicovideo.jp/watch/sm11140951","","0","","2026-09-30","1","2","已汇总第1–930期","链接未收录不等于没有官方投稿"
"nico:sm13547567","サンセットラブスーサイド","マチゲリータP","GUMI","2011-02-09","https://www.nicovideo.jp/watch/sm13547567","","0","","2026-09-30","1","5","已汇总第1–930期","链接未收录不等于没有官方投稿"
"nico:sm5088863","ハロウィンモンスタァパーティナイト","マチゲリータP","KAITO|MEIKO","2008-10-30","https://www.nicovideo.jp/watch/sm5088863","","0","","2026-09-30","2","7","已汇总第1–930期","链接未收录不等于没有官方投稿"
"nico:sm12595936","逆罪行進曲～怪～","マチゲリータP","KAITO","2010-10-30","https://www.nicovideo.jp/watch/sm12595936","","0","","2026-09-30","2","12","已汇总第1–930期","链接未收录不等于没有官方投稿"
"nico:sm11982981","ボーダーランズ！","マチゲリータP","镜音连","2010-09-03","https://www.nicovideo.jp/watch/sm11982981","","0","","2026-09-30","2","11","已汇总第1–930期","链接未收录不等于没有官方投稿"
"nico:sm16852656","淑女ベリィの作り方。","マチゲリータP","初音未来","2012-02-02","https://www.nicovideo.jp/watch/sm16852656","","0","","2026-09-30","1","10","已汇总第1–930期","链接未收录不等于没有官方投稿"
"nico:sm9445273","逆罪行進曲","マチゲリータP","KAITO","2010-01-20","https://www.nicovideo.jp/watch/sm9445273","","0","","2026-09-30","1","9","已汇总第1–930期","链接未收录不等于没有官方投稿"
"nico:sm29348475","ARROW","niki","Lily","2016-07-30","https://www.nicovideo.jp/watch/sm29348475","https://www.youtube.com/watch?v=V3cKo8OffwI","0","","2026-09-30","3","3","已汇总第1–930期","链接未收录不等于没有官方投稿"
"nico:sm41050489","侵蝕 niki","niki","星界","2022-09-08","https://www.nicovideo.jp/watch/sm41050489","https://www.youtube.com/watch?v=aAphqlCp6t4","0","","2026-09-30","2","2","已汇总第1–930期","链接未收录不等于没有官方投稿"
"nico:sm15663997","HYBRID","niki","Lily","2011-09-20","https://www.nicovideo.jp/watch/sm15663997","","0","","2026-09-30","1","14","已汇总第1–930期","链接未收录不等于没有官方投稿"
"nico:sm21604528","パラノイド","niki","Lily","2013-08-16","https://www.nicovideo.jp/watch/sm21604528","https://www.youtube.com/watch?v=5pAaCTZk-yI","0","","2026-09-30","2","3","已汇总第1–930期","链接未收录不等于没有官方投稿"
"nico:sm9340347","文学少年の憂鬱(Ver.2)","ナノウ(ほえほえP)","初音未来","2010-01-10","https://www.nicovideo.jp/watch/sm9340347","https://www.youtube.com/watch?v=Y_6PPoyFIWU","0","","2026-09-30","2","2","已汇总第1–930期","链接未收录不等于没有官方投稿"
"nico:sm15679694","Waltz Of Anomalies","ナノウ(ほえほえP)","初音未来","2011-09-22","https://www.nicovideo.jp/watch/sm15679694","","0","","2026-09-30","2","4","已汇总第1–930期","链接未收录不等于没有官方投稿"
"nico:sm13119619","うたうたいのうた","ナノウ(ほえほえP)","初音未来","2010-12-25","https://www.nicovideo.jp/watch/sm13119619","","0","","2026-09-30","2","4","已汇总第1–930期","链接未收录不等于没有官方投稿"
"nico:sm10317199","サクラノ前夜","ナノウ(ほえほえP)","初音未来","2010-04-08","https://www.nicovideo.jp/watch/sm10317199","","0","","2026-09-30","2","3","已汇总第1–930期","链接未收录不等于没有官方投稿"
"nico:sm5342008","カナシキヒステリックガール","ナノウ(ほえほえP)","初音未来","2008-11-24","https://www.nicovideo.jp/watch/sm5342008","","0","","2026-09-30","2","4","已汇总第1–930期","链接未收录不等于没有官方投稿"
"nico:sm7028126","ねぇ。","ナノウ(ほえほえP)","初音未来","2009-05-12","https://www.nicovideo.jp/watch/sm7028126","","0","","2026-09-30","1","21","已汇总第1–930期","链接未收录不等于没有官方投稿"
"nico:sm35258454","帝王教育","Omoi","初音未来|镜音铃","2019-06-13","https://www.nicovideo.jp/watch/sm35258454","https://www.youtube.com/watch?v=gvOgBLc8ujU","0","","2026-09-30","3","9","已汇总第1–930期","链接未收录不等于没有官方投稿"
"nico:sm40065313","スティールユー","Omoi","初音未来","2022-02-19","https://www.nicovideo.jp/watch/sm40065313","https://www.youtube.com/watch?v=0RjORldjjWA","0","","2026-09-30","2","5","已汇总第1–930期","链接未收录不等于没有官方投稿"
"nico:sm25831981","螺旋飛行","Omoi","初音未来","2015-03-20","https://www.nicovideo.jp/watch/sm25831981","https://www.youtube.com/watch?v=HCQWbJvqGvc","0","","2026-09-30","1","16","已汇总第1–930期","链接未收录不等于没有官方投稿"
"nico:sm33304576","WAA!!!!","Omoi","初音未来|镜音铃","2018-06-02","https://www.nicovideo.jp/watch/sm33304576","https://www.youtube.com/watch?v=0s4ORh6qtJI","0","","2026-09-30","3","1","已汇总第1–930期","链接未收录不等于没有官方投稿"
"nico:sm37779386","君が飛び降りるのならば","Omoi","初音未来","2020-11-06","https://www.nicovideo.jp/watch/sm37779386","https://www.youtube.com/watch?v=PSnMvzU332k","0","","2026-09-30","2","1","已汇总第1–930期","链接未收录不等于没有官方投稿"
"nico:sm20615010","とんとんまーえ！","さつき が てんこもり","初音未来|镜音连","2013-04-15","https://www.nicovideo.jp/watch/sm20615010","","0","","2026-09-30","3","3","已汇总第1–930期","链接未收录不等于没有官方投稿"
"nico:sm10981419","お断りします","さつき が てんこもり","初音未来","2010-06-07","https://www.nicovideo.jp/watch/sm10981419","https://www.youtube.com/watch?v=Vpy3i3BmIO8","0","","2026-09-30","1","7","已汇总第1–930期","链接未收录不等于没有官方投稿"
"nico:sm19251235","Party Junkie","さつき が てんこもり","初音未来","2012-11-01","https://www.nicovideo.jp/watch/sm19251235","","0","","2026-09-30","2","4","已汇总第1–930期","链接未收录不等于没有官方投稿"
"nico:sm23881953","ネクストネスト","さつき が てんこもり","初音未来","2014-06-28","https://www.nicovideo.jp/watch/sm23881953","https://www.youtube.com/watch?v=ajlDAQeWQKE","0","","2026-09-30","2","13","已汇总第1–930期","链接未收录不等于没有官方投稿"
"nico:sm23718511","脳漿炸裂ガールをリミックスしてみた","さつき が てんこもり","GUMI|初音未来","2014-06-06","https://www.nicovideo.jp/watch/sm23718511","","0","","2026-09-30","5","2","已汇总第1–930期","链接未收录不等于没有官方投稿"
"nico:sm13731621","男の娘メモラブル","さつき が てんこもり","镜音连","2011-02-28","https://www.nicovideo.jp/watch/sm13731621","","0","","2026-09-30","1","5","已汇总第1–930期","链接未收录不等于没有官方投稿"
"nico:sm21792959","Masked bitcHをリミックスしてみた","さつき が てんこもり","GUMI","2013-09-09","https://www.nicovideo.jp/watch/sm21792959","","0","","2026-09-30","1","4","已汇总第1–930期","链接未收录不等于没有官方投稿"
"nico:sm21536689","かがくのちからってすげー！","さつき が てんこもり","镜音连","2013-08-07","https://www.nicovideo.jp/watch/sm21536689","","0","","2026-09-30","1","4","已汇总第1–930期","链接未收录不等于没有官方投稿"
"nico:sm32421775","おどれ！VRダンス！","和田たけあき(くらげP)","音街 Una","2017-12-15","https://www.nicovideo.jp/watch/sm32421775","","0","","2026-09-30","3","1","已汇总第1–930期","链接未收录不等于没有官方投稿"
"nico:sm32231174","アルネの事件簿","和田たけあき(くらげP)","音街 Una","2017-11-07","https://www.nicovideo.jp/watch/sm32231174","","0","","2026-09-30","1","22","已汇总第1–930期","链接未收录不等于没有官方投稿"
"nico:sm35199769","ブレス・ユア・ブレス - 和田たけあき","和田たけあき(くらげP)","初音未来","2019-05-31","https://www.nicovideo.jp/watch/sm35199769","https://www.youtube.com/watch?v=a-Nf3QUFkOU","0","","2026-09-30","1","17","已汇总第1–930期","链接未收录不等于没有官方投稿"
"nico:sm9085950","サテライト","OzaShin(ぺぺろんP)","miki","2009-12-13","https://www.nicovideo.jp/watch/sm9085950","","0","","2026-09-30","2","7","已汇总第1–930期","链接未收录不等于没有官方投稿"
"nico:sm19949259","波紋","OzaShin(ぺぺろんP)","猫村 Iroha|结月缘","2013-01-29","https://www.nicovideo.jp/watch/sm19949259","","0","","2026-09-30","2","8","已汇总第1–930期","链接未收录不等于没有官方投稿"
"nico:sm17456528","Lying and Lying","OzaShin(ぺぺろんP)","Lily","2012-04-04","https://www.nicovideo.jp/watch/sm17456528","","0","","2026-09-30","2","6","已汇总第1–930期","链接未收录不等于没有官方投稿"
"nico:sm6448569","フランベルジェ","OzaShin(ぺぺろんP)","巡音流歌","2009-03-16","https://www.nicovideo.jp/watch/sm6448569","","0","","2026-09-30","1","9","已汇总第1–930期","链接未收录不等于没有官方投稿"
"nico:sm21950184","たった一つの弾丸で","OzaShin(ぺぺろんP)","GUMI","2013-10-01","https://www.nicovideo.jp/watch/sm21950184","","0","","2026-09-30","2","2","已汇总第1–930期","链接未收录不等于没有官方投稿"
"nico:sm7755997","Always and Forever","OzaShin(ぺぺろんP)","GUMI|镜音铃","2009-07-27","https://www.nicovideo.jp/watch/sm7755997","","0","","2026-09-30","1","8","已汇总第1–930期","链接未收录不等于没有官方投稿"
"nico:sm15967377","レクイヱム","OzaShin(ぺぺろんP)","GUMI","2011-10-23","https://www.nicovideo.jp/watch/sm15967377","","0","","2026-09-30","2","10","已汇总第1–930期","链接未收录不等于没有官方投稿"
"nico:sm9218213","Shade Slide","OzaShin(ぺぺろんP)","镜音铃","2009-12-27","https://www.nicovideo.jp/watch/sm9218213","","0","","2026-09-30","2","5","已汇总第1–930期","链接未收录不等于没有官方投稿"
"nico:sm7904669","自己嫌悪","銀サク","镜音铃","2009-08-11","https://www.nicovideo.jp/watch/sm7904669","","0","","2026-09-30","2","2","已汇总第1–930期","链接未收录不等于没有官方投稿"
"nico:sm17365832","不安定彼女","19's_Sound_Factory","初音未来","2012-03-26","https://www.nicovideo.jp/watch/sm17365832","","0","","2026-09-30","3","3","已汇总第1–930期","链接未收录不等于没有官方投稿"
"nico:sm20432353","さかさシンドローム","19's_Sound_Factory","初音未来","2013-03-25","https://www.nicovideo.jp/watch/sm20432353","","0","","2026-09-30","1","6","已汇总第1–930期","链接未收录不等于没有官方投稿"
"nico:sm1979262","Birth","19's_Sound_Factory","初音未来","2008-01-08","https://www.nicovideo.jp/watch/sm1979262","","0","","2026-09-30","1","21","已汇总第1–930期","链接未收录不等于没有官方投稿"
"nico:sm20629168","Twinkle Days","19's_Sound_Factory","初音未来","2013-04-17","https://www.nicovideo.jp/watch/sm20629168","","0","","2026-09-30","1","9","已汇总第1–930期","链接未收录不等于没有官方投稿"
"nico:sm2312850","Tears In Blue","19's_Sound_Factory","初音未来","2008-02-13","https://www.nicovideo.jp/watch/sm2312850","","0","","2026-09-30","1","15","已汇总第1–930期","链接未收录不等于没有官方投稿"
"nico:sm3518066","Gratitude","19's_Sound_Factory","初音未来","2008-06-01","https://www.nicovideo.jp/watch/sm3518066","","0","","2026-09-30","1","30","已汇总第1–930期","链接未收录不等于没有官方投稿"
"nico:sm21028340","キミとボク、まわるセカイ。","19's_Sound_Factory","初音未来","2013-06-03","https://www.nicovideo.jp/watch/sm21028340","","0","","2026-09-30","1","4","已汇总第1–930期","链接未收录不等于没有官方投稿"
"nico:sm1879724","Voice","19 -iku-","初音未来","2007-12-28","https://www.nicovideo.jp/watch/sm1879724","","0","","2026-09-30","0","","已汇总第1–930期","链接未收录不等于没有官方投稿"
"nico:sm21296909","エンコー少女","梨本うい","初音未来","2013-07-07","https://www.nicovideo.jp/watch/sm21296909","","0","","2026-09-30","3","5","已汇总第1–930期","链接未收录不等于没有官方投稿"
"nico:sm16864294","ジサツブシ","梨本うい","初音未来","2012-02-03","https://www.nicovideo.jp/watch/sm16864294","","0","","2026-09-30","2","5","已汇总第1–930期","链接未收录不等于没有官方投稿"
"nico:sm15201770","過呼吸ダンス","梨本うい","初音未来","2011-08-03","https://www.nicovideo.jp/watch/sm15201770","","0","","2026-09-30","2","5","已汇总第1–930期","链接未收录不等于没有官方投稿"
"nico:sm14341211","バカの飲み薬","梨本うい","初音未来","2011-05-03","https://www.nicovideo.jp/watch/sm14341211","","0","","2026-09-30","1","3","已汇总第1–930期","链接未收录不等于没有官方投稿"
"nico:sm13634571","僕はまだ本気出してないだけ","梨本うい","初音未来","2011-02-18","https://www.nicovideo.jp/watch/sm13634571","","0","","2026-09-30","2","2","已汇总第1–930期","链接未收录不等于没有官方投稿"
"nico:sm23743080","死にたい十代、殺したい二十代","梨本うい","初音未来","2014-06-09","https://www.nicovideo.jp/watch/sm23743080","","0","","2026-09-30","1","4","已汇总第1–930期","链接未收录不等于没有官方投稿"
"nico:sm10637389","フラッシュバックサウンド","クワガタP","初音未来","2010-05-07","https://www.nicovideo.jp/watch/sm10637389","https://www.youtube.com/watch?v=RVAr-26gM4I","0","","2026-09-30","2","1","已汇总第1–930期","链接未收录不等于没有官方投稿"
"nico:sm9895531","ダスト","クワガタP","巡音流歌","2010-03-03","https://www.nicovideo.jp/watch/sm9895531","","0","","2026-09-30","2","5","已汇总第1–930期","链接未收录不等于没有官方投稿"
"nico:sm12953660","ヒステリ","クワガタP","GUMI","2010-12-06","https://www.nicovideo.jp/watch/sm12953660","","0","","2026-09-30","1","4","已汇总第1–930期","链接未收录不等于没有官方投稿"
"nico:sm8553480","夢とファズ","クワガタP","初音未来","2009-10-19","https://www.nicovideo.jp/watch/sm8553480","https://www.youtube.com/watch?v=vw7u07dQcGg","0","","2026-09-30","1","3","已汇总第1–930期","链接未收录不等于没有官方投稿"
"nico:sm10242501","嘘つきのメリーゴーランド","クワガタP","巡音流歌","2010-04-01","https://www.nicovideo.jp/watch/sm10242501","","0","","2026-09-30","2","4","已汇总第1–930期","链接未收录不等于没有官方投稿"
"nico:sm11482032","249.51","クワガタP","巡音流歌","2010-07-23","https://www.nicovideo.jp/watch/sm11482032","https://www.youtube.com/watch?v=M1FxDZp5T9s","0","","2026-09-30","1","5","已汇总第1–930期","链接未收录不等于没有官方投稿"
"nico:sm13043538","ひとり","クワガタP","初音未来","2010-12-16","https://www.nicovideo.jp/watch/sm13043538","","0","","2026-09-30","1","5","已汇总第1–930期","链接未收录不等于没有官方投稿"
"nico:sm1994140","よつばのクローバー","トラボルタP","镜音铃","2008-01-10","https://www.nicovideo.jp/watch/sm1994140","","0","","2026-09-30","2","1","已汇总第1–930期","链接未收录不等于没有官方投稿"
"nico:sm18857288","ソレイユ -Soleil-","トラボルタP","镜音铃","2012-09-11","https://www.nicovideo.jp/watch/sm18857288","","0","","2026-09-30","4","4","已汇总第1–930期","链接未收录不等于没有官方投稿"
"nico:sm2176931","おてんば姫の歌♪","トラボルタP","镜音连|镜音铃","2008-01-30","https://www.nicovideo.jp/watch/sm2176931","","0","","2026-09-30","1","5","已汇总第1–930期","链接未收录不等于没有官方投稿"
"nico:sm3124580","頑張ろうよ","トラボルタP","镜音连|镜音铃","2008-04-28","https://www.nicovideo.jp/watch/sm3124580","","0","","2026-09-30","1","6","已汇总第1–930期","链接未收录不等于没有官方投稿"
"nico:sm5131422","少年銀河","トラボルタP","镜音连|镜音铃","2008-11-03","https://www.nicovideo.jp/watch/sm5131422","","0","","2026-09-30","2","13","已汇总第1–930期","链接未收录不等于没有官方投稿"
"nico:sm1905453","ピンクスパイダー","トラボルタP","镜音铃","2007-12-30","https://www.nicovideo.jp/watch/sm1905453","","0","","2026-09-30","0","","已汇总第1–930期","链接未收录不等于没有官方投稿"
"nico:sm9293649","ソラトバズ","トラボルタP","镜音铃","2010-01-05","https://www.nicovideo.jp/watch/sm9293649","","0","","2026-09-30","1","3","已汇总第1–930期","链接未收录不等于没有官方投稿"
"nico:sm5665627","オメデトウ","トラボルタP","镜音连|镜音铃","2008-12-27","https://www.nicovideo.jp/watch/sm5665627","","0","","2026-09-30","2","14","已汇总第1–930期","链接未收录不等于没有官方投稿"
"nico:sm6362317","黄泉桜","仕事してP","MEIKO","2009-03-07","https://www.nicovideo.jp/watch/sm6362317","https://www.youtube.com/watch?v=Nz4UXD_DOTo","0","","2026-09-30","2","1","已汇总第1–930期","链接未收录不等于没有官方投稿"
"nico:sm7960016","Rinascita～始まりの謳～","仕事してP","KAITO|MEIKO","2009-08-17","https://www.nicovideo.jp/watch/sm7960016","","0","","2026-09-30","1","4","已汇总第1–930期","链接未收录不等于没有官方投稿"
"nico:sm12474254","鈍色空に花吹雪","仕事してP","KAITO","2010-10-18","https://www.nicovideo.jp/watch/sm12474254","","0","","2026-09-30","2","13","已汇总第1–930期","链接未收录不等于没有官方投稿"
"nico:sm7795829","双色","仕事してP ビタワンＰ","MEIKO|巡音流歌","2009-07-31","https://www.nicovideo.jp/watch/sm7795829","","0","","2026-09-30","2","10","已汇总第1–930期","链接未收录不等于没有官方投稿"
"nico:sm5717989","東ノ暁 西ノ黄昏","仕事してP","KAITO|MEIKO","2009-01-01","https://www.nicovideo.jp/watch/sm5717989","","0","","2026-09-30","2","21","已汇总第1–930期","链接未收录不等于没有官方投稿"
"nico:sm13722851","旅路の果て、空の慟哭","仕事してP","KAITO","2011-02-27","https://www.nicovideo.jp/watch/sm13722851","","0","","2026-09-30","1","19","已汇总第1–930期","链接未收录不等于没有官方投稿"
"nico:sm11232587","Floriography -勿忘草-","仕事してP","MEIKO","2010-06-30","https://www.nicovideo.jp/watch/sm11232587","","0","","2026-09-30","4","23","已汇总第1–930期","链接未收录不等于没有官方投稿"
"nico:sm17010507","石碑のうた","hinayukki","KAITO","2012-02-18","https://www.nicovideo.jp/watch/sm17010507","","0","","2026-09-30","0","","已汇总第1–930期","链接未收录不等于没有官方投稿"
"nico:sm13173759","longing","keeno","初音未来","2010-12-30","https://www.nicovideo.jp/watch/sm13173759","","0","","2026-09-30","2","2","已汇总第1–930期","链接未收录不等于没有官方投稿"
"nico:sm18367834","bitter","keeno","初音未来","2012-07-16","https://www.nicovideo.jp/watch/sm18367834","","0","","2026-09-30","2","3","已汇总第1–930期","链接未收录不等于没有官方投稿"
"nico:sm26983697","yours","keeno","初音未来","2015-08-21","https://www.nicovideo.jp/watch/sm26983697","","0","","2026-09-30","2","4","已汇总第1–930期","链接未收录不等于没有官方投稿"
"nico:sm28055698","のぼれ！すすめ！高い塔","Kikuo","初音未来","2016-01-22","https://www.nicovideo.jp/watch/sm28055698","","0","","2026-09-30","3","2","已汇总第1–930期","链接未收录不等于没有官方投稿"
"nico:sm2500894","森之宮神療所☆","くちばしP","初音未来","2008-03-03","https://www.nicovideo.jp/watch/sm2500894","","0","","2026-09-30","2","13","已汇总第1–930期","链接未收录不等于没有官方投稿"
"nico:sm14690047","（Θ）私の世界","くちばしP","初音未来","2011-06-09","https://www.nicovideo.jp/watch/sm14690047","","0","","2026-09-30","2","2","已汇总第1–930期","链接未收录不等于没有官方投稿"
"nico:sm1904506","EX-GIRL","くちばし","初音未来","2007-12-30","https://www.nicovideo.jp/watch/sm1904506","","0","","2026-09-30","0","","已汇总第1–930期","链接未收录不等于没有官方投稿"
"nico:sm19715403","（Θ）Do You & So You","くちばしP","初音未来","2012-12-31","https://www.nicovideo.jp/watch/sm19715403","","0","","2026-09-30","2","2","已汇总第1–930期","链接未收录不等于没有官方投稿"
"nico:sm4596370","森之宮神療所☆彡","くちばしP","初音未来","2008-09-12","https://www.nicovideo.jp/watch/sm4596370","","0","","2026-09-30","1","17","已汇总第1–930期","链接未收录不等于没有官方投稿"
"nico:sm2628714","本日営業中","くちばしP","初音未来","2008-03-13","https://www.nicovideo.jp/watch/sm2628714","","0","","2026-09-30","1","19","已汇总第1–930期","链接未收录不等于没有官方投稿"
"nico:sm1609818","あるお節介な言葉","くちばしP","初音未来","2007-11-24","https://www.nicovideo.jp/watch/sm1609818","","0","","2026-09-30","2","11","已汇总第1–930期","链接未收录不等于没有官方投稿"
"nico:sm13970402","（Θ）すてねこっと","くちばしP","初音未来","2011-03-26","https://www.nicovideo.jp/watch/sm13970402","https://www.youtube.com/watch?v=CSEbDQ04O-Y","0","","2026-09-30","2","6","已汇总第1–930期","链接未收录不等于没有官方投稿"
"nico:nm18907257","IMAGINARY LIKE THE JUSTICE","ナナホシ管弦楽団","GUMI","2012-09-17","https://www.nicovideo.jp/watch/nm18907257","https://www.youtube.com/watch?v=_Av1NkJQkkU","0","","2026-09-30","1","5","已汇总第1–930期","链接未收录不等于没有官方投稿"
"nico:sm34439517","カンケイナイトファンキー","ナナホシ管弦楽団","GUMI","2019-01-07","https://www.nicovideo.jp/watch/sm34439517","https://www.youtube.com/watch?v=2xQW3sa77Lo","0","","2026-09-30","2","3","已汇总第1–930期","链接未收录不等于没有官方投稿"
"nico:nm17917154","ダンスナンバーを共に","ナナホシ管弦楽団","初音未来","2012-05-25","https://www.nicovideo.jp/watch/nm17917154","","0","","2026-09-30","2","26","已汇总第1–930期","链接未收录不等于没有官方投稿"
"nico:sm26676296","初体験","ナナホシ管弦楽団","GUMI|IA|初音未来|镜音连|镜音铃","2015-07-10","https://www.nicovideo.jp/watch/sm26676296","https://www.youtube.com/watch?v=DUMe2kT8KtU","0","","2026-09-30","3","3","已汇总第1–930期","链接未收录不等于没有官方投稿"
"nico:sm29344585","あのこどこのこ","ナナホシ管弦楽団","GUMI","2016-07-30","https://www.nicovideo.jp/watch/sm29344585","https://www.youtube.com/watch?v=xQJ38POrN98","0","","2026-09-30","3","6","已汇总第1–930期","链接未收录不等于没有官方投稿"
"nico:nm15742836","才能シュレッダー","ナナホシ管弦楽団","初音未来","2011-09-29","https://www.nicovideo.jp/watch/nm15742836","https://www.youtube.com/watch?v=qxuUr09QNYs","0","","2026-09-30","2","15","已汇总第1–930期","链接未收录不等于没有官方投稿"
"nico:sm4523743","疾風 －修正版－","のりP","神威 Gakupo","2008-09-05","https://www.nicovideo.jp/watch/sm4523743","","0","","2026-09-30","3","9","已汇总第1–930期","链接未收录不等于没有官方投稿"
"nico:sm5383558","ひとひらの","のりP","初音未来","2008-11-28","https://www.nicovideo.jp/watch/sm5383558","","0","","2026-09-30","2","2","已汇总第1–930期","链接未收录不等于没有官方投稿"
"nico:sm4161565","疾風","のりP","神威 Gakupo","2008-08-02","https://www.nicovideo.jp/watch/sm4161565","","0","","2026-09-30","2","6","已汇总第1–930期","链接未收录不等于没有官方投稿"
"nico:sm6053251","約束","のりP","神威 Gakupo|镜音铃","2009-02-05","https://www.nicovideo.jp/watch/sm6053251","","0","","2026-09-30","1","28","已汇总第1–930期","链接未收录不等于没有官方投稿"
"nico:sm10558643","右肩の蝶 -ver.3.0.1-","のりぴー","镜音连","2010-04-30","https://www.nicovideo.jp/watch/sm10558643","","0","","2026-09-30","0","","已汇总第1–930期","链接未收录不等于没有官方投稿"
"nico:sm6008856","drop of regret","のりぴー","巡音流歌","2009-02-01","https://www.nicovideo.jp/watch/sm6008856","","0","","2026-09-30","0","","已汇总第1–930期","链接未收录不等于没有官方投稿"
"nico:sm25892554","Love Me If You Can","梅とら","GUMI|初音未来|巡音流歌|镜音铃","2015-03-28","https://www.nicovideo.jp/watch/sm25892554","","0","","2026-09-30","2","6","已汇总第1–930期","链接未收录不等于没有官方投稿"
"nico:sm33850086","唯一、愛ノ詠","梅とら","GUMI|IA|初音未来|巡音流歌|镜音铃","2018-09-15","https://www.nicovideo.jp/watch/sm33850086","https://www.youtube.com/watch?v=q5Legred9wo","0","","2026-09-30","1","22","已汇总第1–930期","链接未收录不等于没有官方投稿"
"nico:sm31068232","URUSaaA愛","YM","GUMI","2017-04-21","https://www.nicovideo.jp/watch/sm31068232","","0","","2026-09-30","0","","已汇总第1–930期","链接未收录不等于没有官方投稿"
"nico:sm15944604","十面相 colorful ver.","YM","GUMI","2011-10-21","https://www.nicovideo.jp/watch/sm15944604","","0","","2026-09-30","2","3","已汇总第1–930期","链接未收录不等于没有官方投稿"
"nico:sm12396792","ノーナイデンパ","YM","GUMI","2010-10-11","https://www.nicovideo.jp/watch/sm12396792","","0","","2026-09-30","1","7","已汇总第1–930期","链接未收录不等于没有官方投稿"
"nico:sm20896734","アイタイノエンド","YM","GUMI","2013-05-18","https://www.nicovideo.jp/watch/sm20896734","","0","","2026-09-30","2","7","已汇总第1–930期","链接未收录不等于没有官方投稿"
"nico:sm11237572","ハンコウセイメイ","YM","GUMI","2010-06-30","https://www.nicovideo.jp/watch/sm11237572","","0","","2026-09-30","1","8","已汇总第1–930期","链接未收录不等于没有官方投稿"
"nico:sm21483613","オマツリアンドゥワールド","YM","GUMI","2013-07-31","https://www.nicovideo.jp/watch/sm21483613","","0","","2026-09-30","2","12","已汇总第1–930期","链接未收录不等于没有官方投稿"
"nico:sm11580556","オーバーテクノロジー","YM","GUMI","2010-07-31","https://www.nicovideo.jp/watch/sm11580556","","0","","2026-09-30","2","25","已汇总第1–930期","链接未收录不等于没有官方投稿"
"nico:sm10131193","レゾンデートル頂戴","YM","GUMI","2010-03-23","https://www.nicovideo.jp/watch/sm10131193","","0","","2026-09-30","1","18","已汇总第1–930期","链接未收录不等于没有官方投稿"
"nico:sm14983448","未完成人間","YM","GUMI","2011-07-10","https://www.nicovideo.jp/watch/sm14983448","","0","","2026-09-30","2","7","已汇总第1–930期","链接未收录不等于没有官方投稿"
"nico:sm19662597","エレクトロトレイン","nana(Sevencolors)","初音未来","2012-12-24","https://www.nicovideo.jp/watch/sm19662597","","0","","2026-09-30","1","6","已汇总第1–930期","链接未收录不等于没有官方投稿"
"nico:sm21438326","看板娘の悪巫山戯","鬱P","GUMI|初音未来|镜音铃","2013-07-25","https://www.nicovideo.jp/watch/sm21438326","","0","","2026-09-30","3","5","已汇总第1–930期","链接未收录不等于没有官方投稿"
"nico:sm7526338","骸Attack!!","鬱P","初音未来","2009-07-03","https://www.nicovideo.jp/watch/sm7526338","","0","","2026-09-30","2","21","已汇总第1–930期","链接未收录不等于没有官方投稿"
"nico:sm11104903","オトナのオモチャ","鬱P","镜音铃","2010-06-18","https://www.nicovideo.jp/watch/sm11104903","","0","","2026-09-30","2","8","已汇总第1–930期","链接未收录不等于没有官方投稿"
"nico:sm17345186","馬鹿はアノマリーに憧れる","鬱P","镜音铃","2012-03-24","https://www.nicovideo.jp/watch/sm17345186","","0","","2026-09-30","2","13","已汇总第1–930期","链接未收录不等于没有官方投稿"
"nico:sm10481957","害虫","鬱P","初音未来","2010-04-23","https://www.nicovideo.jp/watch/sm10481957","","0","","2026-09-30","2","9","已汇总第1–930期","链接未收录不等于没有官方投稿"
"nico:sm22991979","皆殺しのマジック","鬱P","GUMI","2014-03-01","https://www.nicovideo.jp/watch/sm22991979","","0","","2026-09-30","2","11","已汇总第1–930期","链接未收录不等于没有官方投稿"
"nico:sm11619821","THE DYING MESSAGE","鬱P","镜音铃","2010-08-03","https://www.nicovideo.jp/watch/sm11619821","","0","","2026-09-30","1","6","已汇总第1–930期","链接未收录不等于没有官方投稿"
"nico:sm28254204","生きてるおばけは生きている","鬱P","flower","2016-02-19","https://www.nicovideo.jp/watch/sm28254204","","0","","2026-09-30","2","6","已汇总第1–930期","链接未收录不等于没有官方投稿"
"nico:sm15450802","コロナ","鬱P","镜音铃","2011-08-29","https://www.nicovideo.jp/watch/sm15450802","","0","","2026-09-30","2","8","已汇总第1–930期","链接未收录不等于没有官方投稿"
"nico:sm1893548","Ievan Polkka（鏡音リン・レン版）","Otomania","镜音连|镜音铃","2007-12-29","https://www.nicovideo.jp/watch/sm1893548","","0","","2026-09-30","2","2","已汇总第1–930期","链接未收录不等于没有官方投稿"
"nico:sm1109430","GO MY WAY!!","Otomania","初音未来","2007-09-22","https://www.nicovideo.jp/watch/sm1109430","","0","","2026-09-30","3","15","已汇总第1–930期","链接未收录不等于没有官方投稿"
"nico:sm40342931","正体","Riei","初音未来","2022-04-22","https://www.nicovideo.jp/watch/sm40342931","","0","","2026-09-30","0","","已汇总第1–930期","链接未收录不等于没有官方投稿"
"nico:so20737619","トゥイー・ボックスの人形劇場","sasakure.UK","初音未来","2013-05-01","https://www.nicovideo.jp/watch/so20737619","https://www.youtube.com/watch?v=_-fgbICIu7w","0","","2026-09-30","0","","已汇总第1–930期","链接未收录不等于没有官方投稿"
"nico:sm10244728","おちゃめ機能","ゴジマジP","重音 Teto","2010-04-01","https://www.nicovideo.jp/watch/sm10244728","","0","","2026-09-30","0","","已汇总第1–930期","链接未收录不等于没有官方投稿"
"nico:so32698016","Let Me Take You","banvox","初音未来","2018-02-10","https://www.nicovideo.jp/watch/so32698016","","0","","2026-09-30","0","","已汇总第1–930期","链接未收录不等于没有官方投稿"
"nico:sm33578424","贖罪","傘村トータ","IA|结月缘|初音未来|Fukase|Ken","2018-07-24","https://www.nicovideo.jp/watch/sm33578424","https://www.youtube.com/watch?v=uoL_7cX0pCQ","0","","2026-09-30","0","","已汇总第1–930期","链接未收录不等于没有官方投稿"
"nico:sm35051597","ラストリゾート","Ayase","初音未来","2019-04-30","https://www.nicovideo.jp/watch/sm35051597","https://www.youtube.com/watch?v=eZ0E3Rkv0NA","0","","2026-09-30","0","","已汇总第1–930期","链接未收录不等于没有官方投稿"
"nico:sm29042782","性格悪くてすみません。","青谷","重音 Teto","2016-06-13","https://www.nicovideo.jp/watch/sm29042782","","0","","2026-09-30","0","","已汇总第1–930期","链接未收录不等于没有官方投稿"
"nico:sm30968350","忘れちゃったよ。","カンザキイオリ","IA","2017-04-05","https://www.nicovideo.jp/watch/sm30968350","","0","","2026-09-30","0","","已汇总第1–930期","链接未收录不等于没有官方投稿"
"nico:sm40256068","黒塗り世界宛て書簡","フロクロ","重音 Teto","2022-04-01","https://www.nicovideo.jp/watch/sm40256068","https://www.youtube.com/watch?v=8BekVGwSX3c","0","","2026-09-30","0","","已汇总第1–930期","链接未收录不等于没有官方投稿"
"nico:so20614676","蜘蛛糸モノポリー","sasakure.UK","初音未来","2013-04-16","https://www.nicovideo.jp/watch/so20614676","https://www.youtube.com/watch?v=8lM4d6Dm5-s","0","","2026-09-30","0","","已汇总第1–930期","链接未收录不等于没有官方投稿"
"nico:sm39734747","空っぽのメロディー","うみくん","可不","2021-12-10","https://www.nicovideo.jp/watch/sm39734747","","0","","2026-09-30","0","","已汇总第1–930期","链接未收录不等于没有官方投稿"
"nico:sm39067316","生きる","水野あつ","可不","2021-07-22","https://www.nicovideo.jp/watch/sm39067316","https://www.youtube.com/watch?v=91R2hdV_-aQ","0","","2026-09-30","0","","已汇总第1–930期","链接未收录不等于没有官方投稿"
"nico:sm38387144","ハイドレンジア","LonePi","歌爱雪","2021-03-08","https://www.nicovideo.jp/watch/sm38387144","https://www.youtube.com/watch?v=65pJPhP1wzw","0","","2026-09-30","0","","已汇总第1–930期","链接未收录不等于没有官方投稿"
"nico:so18274463","39","sasakure.UK × DECO*27","初音未来","2012-07-27","https://www.nicovideo.jp/watch/so18274463","","0","","2026-09-30","0","","已汇总第1–930期","链接未收录不等于没有官方投稿"
"nico:sm33342655","ハングリーニコル","煮ル果実","flower","2018-06-10","https://www.nicovideo.jp/watch/sm33342655","https://www.youtube.com/watch?v=N4MEB95GRe0","0","","2026-09-30","0","","已汇总第1–930期","链接未收录不等于没有官方投稿"
"nico:sm18395392","吉原ラメント","亜沙","重音 Teto","2012-07-20","https://www.nicovideo.jp/watch/sm18395392","","0","","2026-09-30","0","","已汇总第1–930期","链接未收录不等于没有官方投稿"
"nico:sm33051243","スーパーヒーロー","Guiano","IA","2018-04-14","https://www.nicovideo.jp/watch/sm33051243","https://www.youtube.com/watch?v=3Yp-oxOGdHA","0","","2026-09-30","0","","已汇总第1–930期","链接未收录不等于没有官方投稿"
"nico:sm35310774","だめにんげんだ!","薄塩指数","重音 Teto","2019-06-25","https://www.nicovideo.jp/watch/sm35310774","","0","","2026-09-30","0","","已汇总第1–930期","链接未收录不等于没有官方投稿"
"nico:sm39201056","snooze","wotaku","初音未来","2021-08-20","https://www.nicovideo.jp/watch/sm39201056","https://www.youtube.com/watch?v=fqBpGiVn2k0","0","","2026-09-30","0","","已汇总第1–930期","链接未收录不等于没有官方投稿"
"nico:sm17598383","レコード・レド","shr","镜音铃","2012-04-20","https://www.nicovideo.jp/watch/sm17598383","","0","","2026-09-30","0","","已汇总第1–930期","链接未收录不等于没有官方投稿"
"nico:sm30912817","アダルトチルドレン","カンザキイオリ","镜音铃","2017-03-28","https://www.nicovideo.jp/watch/sm30912817","","0","","2026-09-30","0","","已汇总第1–930期","链接未收录不等于没有官方投稿"
"nico:so26654381","Hand in Hand","kz(livetune)","初音未来","2015-07-08","https://www.nicovideo.jp/watch/so26654381","https://www.youtube.com/watch?v=RKtoreimcQ8","0","","2026-09-30","0","","已汇总第1–930期","链接未收录不等于没有官方投稿"
"nico:sm41865417","水死体は恋したい","LonePi","初音未来","2023-03-04","https://www.nicovideo.jp/watch/sm41865417","https://www.youtube.com/watch?v=JV--KBO5bgM","0","","2026-09-30","0","","已汇总第1–930期","链接未收录不等于没有官方投稿"
"nico:sm38590294","クローゼットルーム","るりう","GUMI|flower","2021-04-24","https://www.nicovideo.jp/watch/sm38590294","https://www.youtube.com/watch?v=xwppqSTRKos","0","","2026-09-30","0","","已汇总第1–930期","链接未收录不等于没有官方投稿"
"nico:sm39963104","さよならプリンセス","Kai","初音未来","2022-01-29","https://www.nicovideo.jp/watch/sm39963104","https://www.youtube.com/watch?v=_fmKpimgQq8","0","","2026-09-30","0","","已汇总第1–930期","链接未收录不等于没有官方投稿"
"nico:sm8686165","くるみ☆ぽんちお","まだ仔","初音未来","2009-11-02","https://www.nicovideo.jp/watch/sm8686165","","0","","2026-09-30","0","","已汇总第1–930期","链接未收录不等于没有官方投稿"
"nico:sm39267476","ラストスコア","せきこみごはん","初音未来","2021-08-31","https://www.nicovideo.jp/watch/sm39267476","https://www.youtube.com/watch?v=zAWu9BK_V5M","0","","2026-09-30","0","","已汇总第1–930期","链接未收录不等于没有官方投稿"
"nico:sm32921716","馬鹿","syudou","初音未来","2018-03-21","https://www.nicovideo.jp/watch/sm32921716","https://www.youtube.com/watch?v=dXb7ItXXX5Q","0","","2026-09-30","0","","已汇总第1–930期","链接未收录不等于没有官方投稿"
"nico:sm9874560","Nostalogic (single edit)","yuukiss","MEIKO","2010-03-01","https://www.nicovideo.jp/watch/sm9874560","","0","","2026-09-30","0","","已汇总第1–930期","链接未收录不等于没有官方投稿"
"nico:sm19053765","命短し恋せよ乙女","デスおはぎ","重音 Teto","2012-10-06","https://www.nicovideo.jp/watch/sm19053765","","0","","2026-09-30","0","","已汇总第1–930期","链接未收录不等于没有官方投稿"
"nico:sm32633575","邪魔","syudou","初音未来","2018-01-24","https://www.nicovideo.jp/watch/sm32633575","https://www.youtube.com/watch?v=GTgMgxtl0Eg","0","","2026-09-30","0","","已汇总第1–930期","链接未收录不等于没有官方投稿"
"nico:sm25275605","右に曲ガール","はるふり","重音 Teto","2015-01-04","https://www.nicovideo.jp/watch/sm25275605","","0","","2026-09-30","0","","已汇总第1–930期","链接未收录不等于没有官方投稿"
"nico:so11251970","こっち向いて Baby","ryo","初音未来","2010-07-02","https://www.nicovideo.jp/watch/so11251970","","0","","2026-09-30","0","","已汇总第1–930期","链接未收录不等于没有官方投稿"
"nico:sm12071713","hp","nakano4","雪歌 Yufu","2010-09-11","https://www.nicovideo.jp/watch/sm12071713","","0","","2026-09-30","0","","已汇总第1–930期","链接未收录不等于没有官方投稿"
"nico:sm36902997","ヒガン","john","初音未来","2020-05-22","https://www.nicovideo.jp/watch/sm36902997","https://www.youtube.com/watch?v=TIokmMRp8OM","0","","2026-09-30","0","","已汇总第1–930期","链接未收录不等于没有官方投稿"
"nico:sm36943926","p.h.","SEVENTHLINKS","flower","2020-05-29","https://www.nicovideo.jp/watch/sm36943926","https://www.youtube.com/watch?v=AKQWRnZ_Fc0","0","","2026-09-30","0","","已汇总第1–930期","链接未收录不等于没有官方投稿"
"nico:sm36563884","シニカルナイトプラン","Ayase","初音未来","2020-03-24","https://www.nicovideo.jp/watch/sm36563884","https://www.youtube.com/watch?v=zyRt-nBM3dY","0","","2026-09-30","0","","已汇总第1–930期","链接未收录不等于没有官方投稿"
"nico:sm36572789","三日月ステップ","r-906","初音未来","2020-03-26","https://www.nicovideo.jp/watch/sm36572789","https://www.youtube.com/watch?v=YCoauaN_CMI","0","","2026-09-30","0","","已汇总第1–930期","链接未收录不等于没有官方投稿"
"nico:sm15317729","理想絵図","ナノリータP","健音 Tei|kuusっぽいど","2011-08-15","https://www.nicovideo.jp/watch/sm15317729","","0","","2026-09-30","0","","已汇总第1–930期","链接未收录不等于没有官方投稿"
"youtube:NocXEwsJGOQ","Miku","Anamanaguchi","初音未来","2016-05-28","","https://www.youtube.com/watch?v=NocXEwsJGOQ","","","2026-09-30","","","官方原投稿待核实","链接未收录不等于没有官方投稿"
"youtube:Q_QEPrkwZ-Q","Copycat","CircusP","GUMI","2016-05-14","https://www.nicovideo.jp/watch/sm28868044","https://www.youtube.com/watch?v=Q_QEPrkwZ-Q","0","","2026-09-30","0","","已汇总第1–930期","链接未收录不等于没有官方投稿"
"youtube:UsjsYMo3O1Q","ブレインロット","東京真中","重音 Teto","2026-02-25","","https://www.youtube.com/watch?v=UsjsYMo3O1Q","","","2026-09-30","","","官方原投稿待核实","链接未收录不等于没有官方投稿"
"youtube:0iVlSNpq8i8","BIRDBRAIN","Jamie Paige × OK Glass","重音 Teto","2025-06-28","","https://www.youtube.com/watch?v=0iVlSNpq8i8","","","2026-09-30","","","官方原投稿待核实","链接未收录不等于没有官方投稿"
"youtube:sqK-jh4TDXo","Machine Love","Jamie Paige","重音 Teto","2024-06-22","","https://www.youtube.com/watch?v=sqK-jh4TDXo","","","2026-09-30","","","官方原投稿待核实","链接未收录不等于没有官方投稿"
"youtube:PqJNc9KVIZE","Tell Your World","kz(livetune)","初音未来","2012-03-12","https://www.nicovideo.jp/watch/sm17463727","https://www.youtube.com/watch?v=PqJNc9KVIZE","0","","2026-09-30","0","","已汇总第1–930期","链接未收录不等于没有官方投稿"
"youtube:P7vRNY7Vsy4","Amygdala's Rag Doll","GHOST","Oliver","2018-01-23","","https://www.youtube.com/watch?v=P7vRNY7Vsy4","","","2026-09-30","","","官方原投稿待核实","链接未收录不等于没有官方投稿"
"youtube:MFEaIgMkR_0","初音ミクの激唱(2018Remake)","cosMo＠暴走P","初音未来","2018-08-05","","https://www.youtube.com/watch?v=MFEaIgMkR_0","","","2026-09-30","","","官方原投稿待核实","链接未收录不等于没有官方投稿"
"youtube:xHffjNbWmig","Honey I'm Home","GHOST","DEX","2019-08-19","","https://www.youtube.com/watch?v=xHffjNbWmig","","","2026-09-30","","","官方原投稿待核实","链接未收录不等于没有官方投稿"
"youtube:LvYL8u4p-aM","Spoken For","FLAVOR FOLEY","重音 Teto","2025-08-02","","https://www.youtube.com/watch?v=LvYL8u4p-aM","","","2026-09-30","","","官方原投稿待核实","链接未收录不等于没有官方投稿"
"youtube:cMkJDPvJxdk","Karma","CircusP","镜音铃","2016-02-14","","https://www.youtube.com/watch?v=cMkJDPvJxdk","","","2026-09-30","","","官方原投稿待核实","链接未收录不等于没有官方投稿"
"youtube:L5t_TkogtDM","デーモンロード","Kanaria","初音未来","2023-07-07","","https://www.youtube.com/watch?v=L5t_TkogtDM","","","2026-09-30","","","官方原投稿待核实","链接未收录不等于没有官方投稿"
"youtube:9xbT8OZcDJQ","Dec.","Kanaria","GUMI","2024-04-26","","https://www.youtube.com/watch?v=9xbT8OZcDJQ","","","2026-09-30","","","官方原投稿待核实","链接未收录不等于没有官方投稿"
"youtube:bDKWkleZoxI","イジワルな出会い","HoneyWorks","初音未来","2015-07-03","https://www.nicovideo.jp/watch/sm26624229","https://www.youtube.com/watch?v=bDKWkleZoxI","0","","2026-09-30","5","1","已汇总第1–930期","链接未收录不等于没有官方投稿"
"youtube:HbSMzi9niVg","メンタルチェンソー","かいりきベア","初音未来","2021-04-03","","https://www.youtube.com/watch?v=HbSMzi9niVg","","","2026-09-30","","","官方原投稿待核实","链接未收录不等于没有官方投稿"
"youtube:M7VSEZOQIlg","weathergirl","FLAVOR FOLEY","Eleanor Forte","2024-08-19","","https://www.youtube.com/watch?v=M7VSEZOQIlg","","","2026-09-30","","","官方原投稿待核实","链接未收录不等于没有官方投稿"
"youtube:UquPv9WpuB4","R.I.P.ゴシップの海","cosMo＠暴走P","GUMI","2015-11-01","https://www.nicovideo.jp/watch/sm27497499","https://www.youtube.com/watch?v=UquPv9WpuB4","0","","2026-09-30","3","5","已汇总第1–930期","链接未收录不等于没有官方投稿"
"youtube:1xEfMnXyGkA","Language of the Lost","RIProducer","重音 Teto","2024-04-05","","https://www.youtube.com/watch?v=1xEfMnXyGkA","","","2026-09-30","","","官方原投稿待核实","链接未收录不等于没有官方投稿"
"youtube:ksW7SuH6IAs","The Chattering Lack of Common Sense","GHOST","GUMI|YOHIOloid","2019-05-03","","https://www.youtube.com/watch?v=ksW7SuH6IAs","","","2026-09-30","","","官方原投稿待核实","链接未收录不等于没有官方投稿"
"youtube:jdQWia3fwMU","Again","Crusher","GUMI","2017-08-27","https://www.nicovideo.jp/watch/sm31818521","https://www.youtube.com/watch?v=jdQWia3fwMU","0","","2026-09-30","0","","已汇总第1–930期","链接未收录不等于没有官方投稿"
"youtube:TAjrPYzqs2w","Machine Gun","KIRA","GUMI","2018-09-22","https://www.nicovideo.jp/watch/sm35205082","https://www.youtube.com/watch?v=TAjrPYzqs2w","0","","2026-09-30","0","","已汇总第1–930期","链接未收录不等于没有官方投稿"
"youtube:3-kI9rDwQ8E","踊っチャイナ","Atena","初音未来|重音 Teto","2025-02-15","","https://www.youtube.com/watch?v=3-kI9rDwQ8E","","","2026-09-30","","","官方原投稿待核实","链接未收录不等于没有官方投稿"
"youtube:AufydOsiD6M","Lucky☆Orb","emon","初音未来","2019-05-06","","https://www.youtube.com/watch?v=AufydOsiD6M","","","2026-09-30","","","官方原投稿待核实","链接未收录不等于没有官方投稿"
"youtube:243vPl8HdVk","Redial","kz(livetune)","初音未来","2013-03-21","","https://www.youtube.com/watch?v=243vPl8HdVk","","","2026-09-30","","","官方原投稿待核实","链接未收录不等于没有官方投稿"
"nico:sm35484027","Vampire’s ∞ pathoS","ひとしずく × やま△","镜音连","2019-08-03","https://www.nicovideo.jp/watch/sm35484027","https://www.youtube.com/watch?v=R0CRCP0DPyM","0","","2026-09-30","2","4","已汇总第1–930期","链接未收录不等于没有官方投稿"
"youtube:8R-1PTZ-Xx4","HOUSEWIFE RADIO","GHOST","GUMI","2018-01-23","","https://www.youtube.com/watch?v=8R-1PTZ-Xx4","","","2026-09-30","","","官方原投稿待核实","链接未收录不等于没有官方投稿"
"youtube:NFT6GMPeYJI","ヤミナベ!!!!","cosMo＠暴走P","初音未来","2022-05-27","https://www.nicovideo.jp/watch/sm40527372","https://www.youtube.com/watch?v=NFT6GMPeYJI","0","","2026-09-30","1","7","已汇总第1–930期","链接未收录不等于没有官方投稿"
"youtube:WdHRGH1Qv70","どりーみんチュチュ","emon","巡音流歌","2014-02-28","","https://www.youtube.com/watch?v=WdHRGH1Qv70","","","2026-09-30","","","官方原投稿待核实","链接未收录不等于没有官方投稿"
"youtube:5l8VZEyNRH8","LEMON MELON COOKIE","TAK","初音未来","2025-01-15","https://www.nicovideo.jp/watch/sm44541693","https://www.youtube.com/watch?v=5l8VZEyNRH8","0","","2026-09-30","0","","已汇总第1–930期","链接未收录不等于没有官方投稿"
"youtube:NZ0muYBh2HY","The Distortionist","GHOST","YOHIOloid","2018-01-23","","https://www.youtube.com/watch?v=NZ0muYBh2HY","","","2026-09-30","","","官方原投稿待核实","链接未收录不等于没有官方投稿"
"youtube:xTDXwn9_878","大嫌いなはずだった。","HoneyWorks","初音未来|GUMI","2016-12-09","","https://www.youtube.com/watch?v=xTDXwn9_878","","","2026-09-30","","","官方原投稿待核实","链接未收录不等于没有官方投稿"
"nico:sm35588807","リングの熾天使","Mitchie M","初音未来|镜音铃|KAITO","2019-08-29","https://www.nicovideo.jp/watch/sm35588807","https://www.youtube.com/watch?v=lWuJRRCTHrg","0","","2026-09-30","2","1","已汇总第1–930期","链接未收录不等于没有官方投稿"
"youtube:q0T7Ex7MkLM","東京サマーセッション","HoneyWorks","GUMI|flower","2015-07-24","https://www.nicovideo.jp/watch/sm26776624","https://www.youtube.com/watch?v=q0T7Ex7MkLM","0","","2026-09-30","4","1","已汇总第1–930期","链接未收录不等于没有官方投稿"
"youtube:kf3Err9MvDg","Appetite of a People-Pleaser","GHOST","flower","2018-01-23","","https://www.youtube.com/watch?v=kf3Err9MvDg","","","2026-09-30","","","官方原投稿待核实","链接未收录不等于没有官方投稿"
"youtube:6rlqEcgbbEI","Sister’s ∞ mercY","ひとしずく × やま△","镜音铃|镜音连","2017-12-27","","https://www.youtube.com/watch?v=6rlqEcgbbEI","","","2026-09-30","","","官方原投稿待核实","链接未收录不等于没有官方投稿"
"nico:sm37103682","ヤミタイガール","れるりり","Fukase","2020-06-28","https://www.nicovideo.jp/watch/sm37103682","https://www.youtube.com/watch?v=l95DOp23C0k","0","","2026-09-30","0","","已汇总第1–930期","链接未收录不等于没有官方投稿"
"youtube:mizIaPGNJaE","Circus Monster","CircusP","巡音流歌","2010-08-25","https://www.nicovideo.jp/watch/sm11876220","https://www.youtube.com/watch?v=mizIaPGNJaE","0","","2026-09-30","1","14","已汇总第1–930期","链接未收录不等于没有官方投稿"
"youtube:seClBi2BOh4","言葉のいらない約束","HoneyWorks","GUMI","2015-05-14","https://www.nicovideo.jp/watch/sm26253754","https://www.youtube.com/watch?v=seClBi2BOh4","0","","2026-09-30","5","1","已汇总第1–930期","链接未收录不等于没有官方投稿"
"youtube:3GzRDW3hZ1k","ハオ","DECO*27","初音未来","2024-06-14","https://www.nicovideo.jp/watch/sm43869395","https://www.youtube.com/watch?v=3GzRDW3hZ1k","0","","2026-09-30","0","","已汇总第1–930期","链接未收录不等于没有官方投稿"
"youtube:Fb1_fpuYX1I","そこに命はありますか。","DIVELA","初音未来","2019-05-24","https://www.nicovideo.jp/watch/sm35145654","https://www.youtube.com/watch?v=Fb1_fpuYX1I","0","","2026-09-30","0","","已汇总第1–930期","链接未收录不等于没有官方投稿"
"youtube:2hz0lhAs0Kg","あの夏が飽和する。2020ver.","カンザキイオリ","镜音连","2020-09-18","https://www.nicovideo.jp/watch/sm37539683","https://www.youtube.com/watch?v=2hz0lhAs0Kg","0","","2026-09-30","0","","已汇总第1–930期","链接未收录不等于没有官方投稿"
"youtube:mwnu2aP0Q8g","マオ","かいりきベア＆まふまふ","初音未来","2021-02-05","","https://www.youtube.com/watch?v=mwnu2aP0Q8g","","","2026-09-30","","","官方原投稿待核实","链接未收录不等于没有官方投稿"
"youtube:SnI4CGjeVOM","Nakakapagpabagabag","Dasu","镜音连","2016-05-28","https://www.nicovideo.jp/watch/sm29850681","https://www.youtube.com/watch?v=SnI4CGjeVOM","0","","2026-09-30","0","","已汇总第1–930期","链接未收录不等于没有官方投稿"
"youtube:BP_Gzfgi9zI","8番出口(Full ver)","EO","镜音铃","2023-12-23","","https://www.youtube.com/watch?v=BP_Gzfgi9zI","","","2026-09-30","","","官方原投稿待核实","链接未收录不等于没有官方投稿"
"youtube:dA3LyKztYI0","ミザン","バルーン, ぬゆり","歌爱雪|flower","2022-04-22","","https://www.youtube.com/watch?v=dA3LyKztYI0","","","2026-09-30","","","官方原投稿待核实","链接未收录不等于没有官方投稿"
"youtube:G0yo8BREgD0","Secrets of Wysteria","Steampianist","Oliver","2014-10-31","","https://www.youtube.com/watch?v=G0yo8BREgD0","","","2026-09-30","","","官方原投稿待核实","链接未收录不等于没有官方投稿"
"youtube:G5hScSFkib4","レイニーブーツ","稻叶昙","歌爱雪","2021-06-23","https://www.nicovideo.jp/watch/sm38927801","https://www.youtube.com/watch?v=G5hScSFkib4","0","","2026-09-30","2","3","已汇总第1–930期","链接未收录不等于没有官方投稿"
"youtube:sFhKP57Nk1U","夜もすがら君想ふ / yomosugara kimi omou","TOKOTOKO","GUMI","2014-03-27","","https://www.youtube.com/watch?v=sFhKP57Nk1U","","","2026-09-30","","","官方原投稿待核实","链接未收录不等于没有官方投稿"
"youtube:ZuT3xYLW7vA","スターナイトスノウ","Orangestar","初音未来","2017-01-06","","https://www.youtube.com/watch?v=ZuT3xYLW7vA","","","2026-09-30","","","官方原投稿待核实","链接未收录不等于没有官方投稿"
"youtube:VxjledMkwyk","チャンピオン","Kanaria","初音未来","2024-07-19","","https://www.youtube.com/watch?v=VxjledMkwyk","","","2026-09-30","","","官方原投稿待核实","链接未收录不等于没有官方投稿"
"youtube:yYdRXJaVEIM","チーズ","Chinozo","可不","2022-12-30","https://www.nicovideo.jp/watch/sm41573836","https://www.youtube.com/watch?v=yYdRXJaVEIM","0","","2026-09-30","0","","已汇总第1–930期","链接未收录不等于没有官方投稿"
"youtube:OMQNhcGZbX4","PaⅢ.SENSATION","雄之助/Yunosuke","初音未来|镜音铃|GUMI","2016-09-15","","https://www.youtube.com/watch?v=OMQNhcGZbX4","","","2026-09-30","","","官方原投稿待核实","链接未收录不等于没有官方投稿"
"youtube:_AjJZEcMdww","ROT FOR CLOUT","Jamie Paige","重音 Teto","2024-10-26","","https://www.youtube.com/watch?v=_AjJZEcMdww","","","2026-09-30","","","官方原投稿待核实","链接未收录不等于没有官方投稿"
"youtube:K_MALDqTd7A","今ちょっとだけ話題の神様","HoneyWorks","GUMI","2013-06-05","https://www.nicovideo.jp/watch/sm21044734","https://www.youtube.com/watch?v=K_MALDqTd7A","0","","2026-09-30","2","2","已汇总第1–930期","链接未收录不等于没有官方投稿"
"youtube:1lDs5iSV32Q","愛及屋烏","バルーン　　『twitter』","初音未来|flower","2015-05-06","","https://www.youtube.com/watch?v=1lDs5iSV32Q","","","2026-09-30","","","官方原投稿待核实","链接未收录不等于没有官方投稿"
"youtube:3NLsyjOH92k","きみに回帰線","稻叶昙","歌爱雪","2022-03-26","https://www.nicovideo.jp/watch/sm40230104","https://www.youtube.com/watch?v=3NLsyjOH92k","0","","2026-09-30","2","2","已汇总第1–930期","链接未收录不等于没有官方投稿"
"youtube:LiYS214Qh5A","アイロニーナ","煮ル果実","flower","2021-06-18","https://www.nicovideo.jp/watch/sm38898377","https://www.youtube.com/watch?v=LiYS214Qh5A","0","","2026-09-30","2","4","已汇总第1–930期","链接未收录不等于没有官方投稿"
"youtube:tptmXIHhXG4","ショットガン・ナウル","Chinozo","flower","2021-07-28","https://www.nicovideo.jp/watch/sm39082658","https://www.youtube.com/watch?v=tptmXIHhXG4","0","","2026-09-30","1","9","已汇总第1–930期","链接未收录不等于没有官方投稿"
"youtube:p6snD1650ck","""ÅMARA(大未来電脳)""","sasakure.UK","初音未来|KAITO","2022-10-11","https://www.nicovideo.jp/watch/sm41214760","https://www.youtube.com/watch?v=p6snD1650ck","0","","2026-09-30","1","4","已汇总第1–930期","链接未收录不等于没有官方投稿"
"nico:sm27470707","ミスルトウ～転生の宿り木～/Mistletoe~The Tree of Reincarnation~","ひとしずく×やま△","镜音铃|镜音连","2015-10-29","https://www.nicovideo.jp/watch/sm27470707","https://www.youtube.com/watch?v=CAKi_pTzEIs","0","","2026-09-30","1","6","已汇总第1–930期","链接未收录不等于没有官方投稿"
"youtube:tpfucdIZmG4","ゲンチアナ","LonePi","花隈千冬","2024-02-23","https://www.nicovideo.jp/watch/sm43434682","https://www.youtube.com/watch?v=tpfucdIZmG4","0","","2026-09-30","0","","已汇总第1–930期","链接未收录不等于没有官方投稿"
"youtube:8uV_czuhdjc","悪役にキスシーンを _Kiss the Villain","40mP","初音未来","2017-11-08","","https://www.youtube.com/watch?v=8uV_czuhdjc","","","2026-09-30","","","官方原投稿待核实","链接未收录不等于没有官方投稿"
"youtube:gfFySpNE2r0","私、アイドル宣言","HoneyWorks","初音未来","2018-03-05","","https://www.youtube.com/watch?v=gfFySpNE2r0","","","2026-09-30","","","官方原投稿待核实","链接未收录不等于没有官方投稿"
"youtube:9vyIPWBeRes","セカイ","kemu","初音未来","2020-07-31","","https://www.youtube.com/watch?v=9vyIPWBeRes","","","2026-09-30","","","官方原投稿待核实","链接未收录不等于没有官方投稿"
"youtube:nYyddo_VXs8","カーニバルハッピー","かいりきベア","初音未来","2021-11-11","https://www.nicovideo.jp/watch/sm39608824","https://www.youtube.com/watch?v=nYyddo_VXs8","0","","2026-09-30","0","","已汇总第1–930期","链接未收录不等于没有官方投稿"
"youtube:7t5JbAue6eY","Circles","YusukeKira & chilichizu","GUMI","2016-12-01","https://www.nicovideo.jp/watch/sm30145466","https://www.youtube.com/watch?v=7t5JbAue6eY","0","","2026-09-30","0","","已汇总第1–930期","链接未收录不等于没有官方投稿"
"youtube:XZnmfDByGWU","しんでしまうとはなさけない！/ Shindeshimautowa Nasakenai!","WONDERFUL★OPPORTUNITY!","镜音铃|镜音连","2013-12-02","","https://www.youtube.com/watch?v=XZnmfDByGWU","","","2026-09-30","","","官方原投稿待核实","链接未收录不等于没有官方投稿"
"youtube:nIWZfhpnq6M","Ado 桜日和とタイムマシン with 初音ミク","Ado","初音未来","2024-10-24","","https://www.youtube.com/watch?v=nIWZfhpnq6M","","","2026-09-30","","","官方原投稿待核实","链接未收录不等于没有官方投稿"
"youtube:vqiULULdvMA","ぼうけんのしょがきえました！/ Bouken No Sho was deleted","WONDERFUL★OPPORTUNITY!","镜音铃|镜音连","2014-11-14","","https://www.youtube.com/watch?v=vqiULULdvMA","","","2026-09-30","","","官方原投稿待核实","链接未收录不等于没有官方投稿"
"youtube:efXqozK4A40","906","プシ / r","初音未来","2022-12-22","","https://www.youtube.com/watch?v=efXqozK4A40","","","2026-09-30","","","官方原投稿待核实","链接未收录不等于没有官方投稿"
"youtube:jsQXgDZIIrY","Intergalactic Bound by Yunosuke & CircusP","Yunosuke / CircusP","初音未来","2024-01-12","","https://www.youtube.com/watch?v=jsQXgDZIIrY","","","2026-09-30","","","官方原投稿待核实","链接未收录不等于没有官方投稿"
"youtube:M40MIxGK3is","求＆影 重音テト","ぴーなた","重音 Teto","2025-12-05","","https://www.youtube.com/watch?v=M40MIxGK3is","","","2026-09-30","","","官方原投稿待核实","链接未收录不等于没有官方投稿"
"youtube:232n-oXTksY","おべか","すりぃ","镜音连|重音 Teto","2024-08-17","https://www.nicovideo.jp/watch/sm43982714","https://www.youtube.com/watch?v=232n-oXTksY","0","","2026-09-30","0","","已汇总第1–930期","链接未收录不等于没有官方投稿"
"nico:sm22711324","四季折の羽","ひとしずく × やま△","镜音铃|镜音连","2014-01-20","https://www.nicovideo.jp/watch/sm22711324","https://www.youtube.com/watch?v=uGsXN-OpxgQ","0","","2026-09-30","5","1","已汇总第1–930期","链接未收录不等于没有官方投稿"
"youtube:Tj5KVAnqB5o","Uz","Orangestar","IA","2020-05-22","","https://www.youtube.com/watch?v=Tj5KVAnqB5o","","","2026-09-30","","","官方原投稿待核实","链接未收录不等于没有官方投稿"
"youtube:Sv8oCf2ER2I","±0","ぺぽよ","初音未来|VY1","2021-08-14","https://www.nicovideo.jp/watch/sm39181287","https://www.youtube.com/watch?v=Sv8oCf2ER2I","0","","2026-09-30","0","","已汇总第1–930期","链接未收录不等于没有官方投稿"
"youtube:MW0QeyzkPgg","恋色に咲け","HoneyWorks","GUMI","2016-03-25","","https://www.youtube.com/watch?v=MW0QeyzkPgg","","","2026-09-30","","","官方原投稿待核实","链接未收录不等于没有官方投稿"
"youtube:EKOSQGKn5Cw","Aura","GHOST","SOLARIA","2022-01-09","","https://www.youtube.com/watch?v=EKOSQGKn5Cw","","","2026-09-30","","","官方原投稿待核实","链接未收录不等于没有官方投稿"
"youtube:AH5_sKwDw1E","Goodbye","CircusP","初音未来","2014-10-15","https://www.nicovideo.jp/watch/sm24696485","https://www.youtube.com/watch?v=AH5_sKwDw1E","0","","2026-09-30","0","","已汇总第1–930期","链接未收录不等于没有官方投稿"
"youtube:bmbAm-fKnbQ","クローンクローン","Atena","镜音铃|GUMI","2025-06-28","https://www.nicovideo.jp/watch/sm45132689","https://www.youtube.com/watch?v=bmbAm-fKnbQ","0","","2026-09-30","0","","已汇总第1–930期","链接未收录不等于没有官方投稿"
"youtube:8J6SMoVd5BY","初音天地開闢神話","cosMo","初音未来","2021-08-20","","https://www.youtube.com/watch?v=8J6SMoVd5BY","","","2026-09-30","","","官方原投稿待核实","链接未收录不等于没有官方投稿"
"youtube:zweVJrnE1uY","DECORATOR","kz(livetune)","初音未来","2014-02-20","","https://www.youtube.com/watch?v=zweVJrnE1uY","","","2026-09-30","","","官方原投稿待核实","链接未收录不等于没有官方投稿"
"youtube:OSYmTw6_bjc","Ego Renegade Boy","FLAVOR FOLEY","镜音连","2026-02-21","","https://www.youtube.com/watch?v=OSYmTw6_bjc","","","2026-09-30","","","官方原投稿待核实","链接未收录不等于没有官方投稿"
"youtube:BY7CnLX5Mk0","カートゥーンガール","Kanaria","GUMI","2025-11-07","","https://www.youtube.com/watch?v=BY7CnLX5Mk0","","","2026-09-30","","","官方原投稿待核实","链接未收录不等于没有官方投稿"
"nico:sm37625513","神のまにまに 2020ver.","れるりり","GUMI","2020-10-05","https://www.nicovideo.jp/watch/sm37625513","https://www.youtube.com/watch?v=a-eHtP43yKU","0","","2026-09-30","1","2","已汇总第1–930期","链接未收录不等于没有官方投稿"
"youtube:Fk4FLklyPWk","百鬼祭","Kanaria","初音未来","2020-05-10","https://www.nicovideo.jp/watch/sm36838810","https://www.youtube.com/watch?v=Fk4FLklyPWk","0","","2026-09-30","1","8","已汇总第1–930期","链接未收录不等于没有官方投稿"
"youtube:v1TaIfKctPo","WILDCARD","KIRA","重音 Teto","2023-10-24","","https://www.youtube.com/watch?v=v1TaIfKctPo","","","2026-09-30","","","官方原投稿待核实","链接未收录不等于没有官方投稿"
"youtube:49q36mUMh9k","スキスキ絶頂症 / Sukisuki Zecchoushou","koyori","GUMI","2014-02-13","","https://www.youtube.com/watch?v=49q36mUMh9k","","","2026-09-30","","","官方原投稿待核实","链接未收录不等于没有官方投稿"
"youtube:7Skij_GE9n4","Last of Me","CircusP","巡音流歌","2015-08-18","https://www.nicovideo.jp/watch/sm26958206","https://www.youtube.com/watch?v=7Skij_GE9n4","0","","2026-09-30","0","","已汇总第1–930期","链接未收录不等于没有官方投稿"
"youtube:iZ6lpTC16_Q","イヱスマン","煮ル果実","初音未来|flower","2020-06-24","https://www.nicovideo.jp/watch/sm38043813","https://www.youtube.com/watch?v=iZ6lpTC16_Q","0","","2026-09-30","0","","已汇总第1–930期","链接未收录不等于没有官方投稿"
"youtube:pcguAehlybA","ヴィータ","柊キライ","flower","2022-03-25","https://www.nicovideo.jp/watch/sm40215522","https://www.youtube.com/watch?v=pcguAehlybA","0","","2026-09-30","2","1","已汇总第1–930期","链接未收录不等于没有官方投稿"
"youtube:D7HH-3wkCJc","ネオネオン","DECO*27","初音未来","2020-11-27","","https://www.youtube.com/watch?v=D7HH-3wkCJc","","","2026-09-30","","","官方原投稿待核实","链接未收录不等于没有官方投稿"
"youtube:2LPb7XZsfvo","生意気ハニー","HoneyWorks","GUMI","2019-05-23","https://www.nicovideo.jp/watch/sm35163704","https://www.youtube.com/watch?v=2LPb7XZsfvo","0","","2026-09-30","2","1","已汇总第1–930期","链接未收录不等于没有官方投稿"
"youtube:QuLwvlw6_uU","踊","Giga","镜音铃|镜音连","2021-12-11","","https://www.youtube.com/watch?v=QuLwvlw6_uU","","","2026-09-30","","","官方原投稿待核实","链接未收录不等于没有官方投稿"
"youtube:U-itKXMxPgk","Happy Days","GHOST","MAIKA","2018-01-23","","https://www.youtube.com/watch?v=U-itKXMxPgk","","","2026-09-30","","","官方原投稿待核实","链接未收录不等于没有官方投稿"
"nico:sm27840724","Re:birthed","ひとしずく×やま△","镜音铃|镜音连","2015-12-21","https://www.nicovideo.jp/watch/sm27840724","https://www.youtube.com/watch?v=T4C7S-UmPpo","0","","2026-09-30","2","3","已汇总第1–930期","链接未收录不等于没有官方投稿"
"youtube:ZR4j3WHsbfw","夜になったら耿十八は","Peg","初音未来","2019-12-26","https://www.nicovideo.jp/watch/sm36125801","https://www.youtube.com/watch?v=ZR4j3WHsbfw","0","","2026-09-30","0","","已汇总第1–930期","链接未收录不等于没有官方投稿"
"youtube:NMiQmumW0nI","ノウナイディスコ","r-906","IA","2021-10-27","https://www.nicovideo.jp/watch/sm39540393","https://www.youtube.com/watch?v=NMiQmumW0nI","0","","2026-09-30","1","3","已汇总第1–930期","链接未收录不等于没有官方投稿"
"youtube:04BqFwERmac","HYPERDONTIA","GHOST","flower","2016-11-08","","https://www.youtube.com/watch?v=04BqFwERmac","","","2026-09-30","","","官方原投稿待核实","链接未收录不等于没有官方投稿"
"youtube:M3aWodUSyZg","ROTARY DIAL","GHOST","DAINA","2018-01-23","","https://www.youtube.com/watch?v=M3aWodUSyZg","","","2026-09-30","","","官方原投稿待核实","链接未收录不等于没有官方投稿"
"youtube:3Qed7zo96Gg","アイカ","れるりり","GUMI","2021-04-28","","https://www.youtube.com/watch?v=3Qed7zo96Gg","","","2026-09-30","","","官方原投稿待核实","链接未收录不等于没有官方投稿"
"youtube:Qlkezcz3tt4","ヤキモチの答え-another story-","HoneyWorks","初音未来","2013-04-09","https://www.nicovideo.jp/watch/sm20565926","https://www.youtube.com/watch?v=Qlkezcz3tt4","0","","2026-09-30","2","1","已汇总第1–930期","链接未收录不等于没有官方投稿"
"youtube:tQM8pfwmcU0","‘mochimochi‘","TAK","初音未来","2024-08-27","","https://www.youtube.com/watch?v=tQM8pfwmcU0","","","2026-09-30","","","官方原投稿待核实","链接未收录不等于没有官方投稿"
"youtube:Kv5-7kTp9m8","夜のうた","Kikuo","初音未来","2023-01-07","https://www.nicovideo.jp/watch/sm41619105","https://www.youtube.com/watch?v=Kv5-7kTp9m8","0","","2026-09-30","0","","已汇总第1–930期","链接未收录不等于没有官方投稿"
"youtube:EYKrl61cUsY","Reckless Battery Burns","ghost and vane","Kevin","2022-06-18","","https://www.youtube.com/watch?v=EYKrl61cUsY","","","2026-09-30","","","官方原投稿待核实","链接未收录不等于没有官方投稿"
"youtube:DOCy49mTGTE","ねぇ、どろどろさん YASUHIRO(康寛)","YASUHIRO","镜音铃","2018-11-10","","https://www.youtube.com/watch?v=DOCy49mTGTE","","","2026-09-30","","","官方原投稿待核实","链接未收录不等于没有官方投稿"
"youtube:_LQ5B0EwAyg","ボトム","柊キライ","flower","2021-03-22","https://www.nicovideo.jp/watch/sm38449353","https://www.youtube.com/watch?v=_LQ5B0EwAyg","0","","2026-09-30","1","1","已汇总第1–930期","链接未收录不等于没有官方投稿"
"youtube:3CsQyaZOHhI","アンデッドアリス","DECO*27","初音未来","2020-10-30","","https://www.youtube.com/watch?v=3CsQyaZOHhI","","","2026-09-30","","","官方原投稿待核实","链接未收录不等于没有官方投稿"
"youtube:BTekXS9d-no","Journey","DECO*27","初音未来","2022-09-30","https://www.nicovideo.jp/watch/sm41109077","https://www.youtube.com/watch?v=BTekXS9d-no","0","","2026-09-30","1","1","已汇总第1–930期","链接未收录不等于没有官方投稿"
"nico:sm25943769","愛欲のプリズナー","ひとしずく×やま△","镜音铃|镜音连","2015-03-27","https://www.nicovideo.jp/watch/sm25943769","https://www.youtube.com/watch?v=KVLZH3Mbebs","0","","2026-09-30","2","3","已汇总第1–930期","链接未收录不等于没有官方投稿"
"youtube:Gpc_NZeX0ec","Nadir","Orangestar","IA","2021-01-01","","https://www.youtube.com/watch?v=Gpc_NZeX0ec","","","2026-09-30","","","官方原投稿待核实","链接未收录不等于没有官方投稿"
"nico:sm35878313","暗殺プリンセス","Mitchie M","初音未来","2019-10-30","https://www.nicovideo.jp/watch/sm35878313","https://www.youtube.com/watch?v=xgO-uGH7tho","0","","2026-09-30","1","3","已汇总第1–930期","链接未收录不等于没有官方投稿"
"youtube:xdNIO7WudEw","孤独サイコ","TAK","初音未来","2025-05-15","https://www.nicovideo.jp/watch/sm44983620","https://www.youtube.com/watch?v=xdNIO7WudEw","0","","2026-09-30","0","","已汇总第1–930期","链接未收录不等于没有官方投稿"
"youtube:ZnroCM3V7eA","ニュートンダンス","ナユタン星人","初音未来|flower","2021-10-16","","https://www.youtube.com/watch?v=ZnroCM3V7eA","","","2026-09-30","","","官方原投稿待核实","链接未收录不等于没有官方投稿"
"youtube:6u1FnYMKdeI","低音厨音域テスト","復活の木村わいP","初音未来","2013-08-24","https://www.nicovideo.jp/watch/sm21666380","https://www.youtube.com/watch?v=6u1FnYMKdeI","0","","2026-09-30","1","23","已汇总第1–930期","链接未收录不等于没有官方投稿"
"youtube:OQz8nEKzgZs","ＭＶ","黑兔P","KAITO","2015-01-07","","https://www.youtube.com/watch?v=OQz8nEKzgZs","","","2026-09-30","","","官方原投稿待核实","链接未收录不等于没有官方投稿"
"youtube:kTAu4vphxVE","The Experiment","Steampianist","GUMI","2016-06-22","","https://www.youtube.com/watch?v=kTAu4vphxVE","","","2026-09-30","","","官方原投稿待核实","链接未收录不等于没有官方投稿"
"youtube:4QL9tLfVFJg","アイドル新鋭隊","Mitchie M","初音未来|镜音铃|巡音流歌|MEIKO","2020-09-09","https://www.nicovideo.jp/watch/sm37461424","https://www.youtube.com/watch?v=4QL9tLfVFJg","0","","2026-09-30","1","5","已汇总第1–930期","链接未收录不等于没有官方投稿"
"youtube:b1ygYIbu8hQ","暁月夜-アカツキヅクヨ-","HoneyWorks","镜音铃","2015-06-03","","https://www.youtube.com/watch?v=b1ygYIbu8hQ","","","2026-09-30","","","官方原投稿待核实","链接未收录不等于没有官方投稿"
"youtube:8_a0tCSKomw","Collared","Vane Lily","SAROS","2023-11-27","","https://www.youtube.com/watch?v=8_a0tCSKomw","","","2026-09-30","","","官方原投稿待核实","链接未收录不等于没有官方投稿"
"youtube:zZ-NG0kZURg","Take Your Way","kz(livetune)","星界|Fukase","2013-05-21","","https://www.youtube.com/watch?v=zZ-NG0kZURg","","","2026-09-30","","","官方原投稿待核实","链接未收录不等于没有官方投稿"
"youtube:wdUCRDvFv3Q","ひみつの小学生","稻叶昙","歌爱雪","2019-12-04","https://www.nicovideo.jp/watch/sm36042320","https://www.youtube.com/watch?v=wdUCRDvFv3Q","0","","2026-09-30","1","7","已汇总第1–930期","链接未收录不等于没有官方投稿"
"youtube:_n-IayJaLt8","神曲/R Sound Design","R Sound Design","初音未来","2018-05-16","","https://www.youtube.com/watch?v=_n-IayJaLt8","","","2026-09-30","","","官方原投稿待核实","链接未收录不等于没有官方投稿"
"youtube:E3xVcw7--aM","アランダーノ","煮ル果実","flower","2021-12-10","https://www.nicovideo.jp/watch/sm39735192","https://www.youtube.com/watch?v=E3xVcw7--aM","0","","2026-09-30","1","7","已汇总第1–930期","链接未收录不等于没有官方投稿"
"youtube:EJMf1NdrYjo","おじゃま虫Ⅱ","DECO*27","初音未来","2021-06-25","https://www.nicovideo.jp/watch/sm38936794","https://www.youtube.com/watch?v=EJMf1NdrYjo","0","","2026-09-30","2","4","已汇总第1–930期","链接未收录不等于没有官方投稿"
"youtube:-eDYT_20YhM","炜WARD ROMANCE","FLAVOR FOLEY","凤漪","2024-10-19","","https://www.youtube.com/watch?v=-eDYT_20YhM","","","2026-09-30","","","官方原投稿待核实","链接未收录不等于没有官方投稿"
"nico:sm27049776","ぽっぴっぽー（V3Edition）","ラマーズP","初音未来","2015-08-31","https://www.nicovideo.jp/watch/sm27049776","https://www.youtube.com/watch?v=ikgQhG4AlVk","0","","2026-09-30","1","11","已汇总第1–930期","链接未收录不等于没有官方投稿"
"youtube:67MwE9pWTKQ","Boom Boom Boom","KIRA","GUMI","2019-01-02","https://www.nicovideo.jp/watch/sm35240913","https://www.youtube.com/watch?v=67MwE9pWTKQ","0","","2026-09-30","0","","已汇总第1–930期","链接未收录不等于没有官方投稿"
"youtube:UxUe_CIYqWE","ジェラシス","Chinozo","可不","2021-03-20","https://www.nicovideo.jp/watch/sm38447989","https://www.youtube.com/watch?v=UxUe_CIYqWE","0","","2026-09-30","0","","已汇总第1–930期","链接未收录不等于没有官方投稿"
"youtube:QTxvUA4l0Vs","命辛辛","煮ル果実","flower","2023-02-10","https://www.nicovideo.jp/watch/sm41769997","https://www.youtube.com/watch?v=QTxvUA4l0Vs","0","","2026-09-30","0","","已汇总第1–930期","链接未收录不等于没有官方投稿"
"nico:sm36152587","少女人形の見た夢 / The Dream That a Girl Doll Had","ひとしずく×やま△","镜音铃|镜音连","2019-12-29","https://www.nicovideo.jp/watch/sm36152587","https://www.youtube.com/watch?v=ZLZ8ftp5ViU","0","","2026-09-30","0","","已汇总第1–930期","链接未收录不等于没有官方投稿"
"nico:sm25997083","赤と白と黒の系譜/Genealogy of Red, White and Black","ひとしずく×やま△","镜音铃|Lily|镜音连","2015-04-10","https://www.nicovideo.jp/watch/sm25997083","https://www.youtube.com/watch?v=GC3_vIlIGYQ","0","","2026-09-30","2","4","已汇总第1–930期","链接未收录不等于没有官方投稿"
"youtube:hNEVPxh0c-I","さよなら両片想","HoneyWorks","GUMI","2014-10-20","https://www.nicovideo.jp/watch/sm24736617","https://www.youtube.com/watch?v=hNEVPxh0c-I","0","","2026-09-30","2","1","已汇总第1–930期","链接未收录不等于没有官方投稿"
"youtube:6kiQuUJWHuE","CIRCUS PANIC!!!","サツキ","初音未来","2023-05-04","https://www.nicovideo.jp/watch/sm42174287","https://www.youtube.com/watch?v=6kiQuUJWHuE","0","","2026-09-30","0","","已汇总第1–930期","链接未收录不等于没有官方投稿"
"youtube:7yJRsFFRoQY","アンテナ39","柊マグネタイト","初音未来","2024-07-13","https://www.nicovideo.jp/watch/sm43936125","https://www.youtube.com/watch?v=7yJRsFFRoQY","0","","2026-09-30","1","2","已汇总第1–930期","链接未收录不等于没有官方投稿"
"youtube:y10b0mmtGNY","Chinozo 'ベビーデーズ'","Chinozo","flower","2021-12-18","","https://www.youtube.com/watch?v=y10b0mmtGNY","","","2026-09-30","","","官方原投稿待核实","链接未收录不等于没有官方投稿"
"youtube:okJ9Vk6owG8","ワーワーワールド","Mitchie M","初音未来|镜音铃","2020-08-05","","https://www.youtube.com/watch?v=okJ9Vk6owG8","","","2026-09-30","","","官方原投稿待核实","链接未收录不等于没有官方投稿"
"youtube:ecU_uJRzhfk","39","sasakure.UK","初音未来","2012-08-01","","https://www.youtube.com/watch?v=ecU_uJRzhfk","","","2026-09-30","","","官方原投稿待核实","链接未收录不等于没有官方投稿"
"youtube:waKONiYYouU","アブソリュート YASUHIRO(康寛)","YASUHIRO","镜音铃","2019-08-17","","https://www.youtube.com/watch?v=waKONiYYouU","","","2026-09-30","","","官方原投稿待核实","链接未收录不等于没有官方投稿"
"youtube:RHqOdDG3Jjg","アイ / AI","DECO*27","初音未来","2019-01-22","","https://www.youtube.com/watch?v=RHqOdDG3Jjg","","","2026-09-30","","","官方原投稿待核实","链接未收录不等于没有官方投稿"
"youtube:inRXBlYgMGI","Pathological Facade","GHOST","重音 Teto","2023-07-03","","https://www.youtube.com/watch?v=inRXBlYgMGI","","","2026-09-30","","","官方原投稿待核实","链接未收录不等于没有官方投稿"
"youtube:-5T-L0b43no","ノンユース","稻叶昙","初音未来|歌爱雪","2019-05-11","https://www.nicovideo.jp/watch/sm35109167","https://www.youtube.com/watch?v=-5T-L0b43no","0","","2026-09-30","1","30","已汇总第1–930期","链接未收录不等于没有官方投稿"
"youtube:tiE7UoMQztE","ドッペル押し問答/ Quarrel with the Doppelganger","WONDERFUL★OPPORTUNITY!","镜音铃","2014-02-25","","https://www.youtube.com/watch?v=tiE7UoMQztE","","","2026-09-30","","","官方原投稿待核实","链接未收录不等于没有官方投稿"
"youtube:jbZT-bwZD3c","streetcat","FLAVOR FOLEY","猫村 Iroha","2026-07-18","","https://www.youtube.com/watch?v=jbZT-bwZD3c","","","2026-09-30","","","官方原投稿待核实","链接未收录不等于没有官方投稿"
"youtube:D1xicOvYd3Q","Lie","CircusP","巡音流歌","2013-02-23","https://www.nicovideo.jp/watch/sm20161748","https://www.youtube.com/watch?v=D1xicOvYd3Q","0","","2026-09-30","2","18","已汇总第1–930期","链接未收录不等于没有官方投稿"
"youtube:K1NwouoyrtM","ヒトリユラリKanaria・MARETU","Kanaria","初音未来","2020-10-17","https://www.nicovideo.jp/watch/sm37681988","https://www.youtube.com/watch?v=K1NwouoyrtM","0","","2026-09-30","3","2","已汇总第1–930期","链接未收录不等于没有官方投稿"
"youtube:lCBF_XSFmng","モチベーションが死んでる","匹诺曹P","初音未来","2015-12-25","","https://www.youtube.com/watch?v=lCBF_XSFmng","","","2026-09-30","","","官方原投稿待核实","链接未收录不等于没有官方投稿"
"youtube:NwSriMki_UA","SNOW MIKU 2022君色マリンスノウ","カルロス袴田","初音未来","2021-12-28","","https://www.youtube.com/watch?v=NwSriMki_UA","","","2026-09-30","","","官方原投稿待核实","链接未收录不等于没有官方投稿"
"youtube:6wUqdA4SuBk","コぇちっちゃ＜てゴ×ンネ","cosMo＠暴走P","可不","2024-08-24","","https://www.youtube.com/watch?v=6wUqdA4SuBk","","","2026-09-30","","","官方原投稿待核实","链接未收录不等于没有官方投稿"
"youtube:nfpYhYtHuKo","Flyer!","Chinozo","flower","2022-02-16","https://www.nicovideo.jp/watch/sm40047025","https://www.youtube.com/watch?v=nfpYhYtHuKo","0","","2026-09-30","1","4","已汇总第1–930期","链接未收录不等于没有官方投稿"
"youtube:Av0M4VB4RVc","縄文炸裂ガール -れるりり","れるりり","初音未来|GUMI","2016-04-15","","https://www.youtube.com/watch?v=Av0M4VB4RVc","","","2026-09-30","","","官方原投稿待核实","链接未收录不等于没有官方投稿"
"youtube:l2ljDXGojo4","毒して頂戴","なきそ","初音未来","2021-06-12","https://www.nicovideo.jp/watch/sm38873688","https://www.youtube.com/watch?v=l2ljDXGojo4","0","","2026-09-30","0","","已汇总第1–930期","链接未收录不等于没有官方投稿"
"youtube:BPh4m2VnfNo","トリコロージュ","煮ル果実","flower","2022-02-26","https://www.nicovideo.jp/watch/sm40094958","https://www.youtube.com/watch?v=BPh4m2VnfNo","0","","2026-09-30","2","6","已汇总第1–930期","链接未收录不等于没有官方投稿"
"youtube:8yUDr7BQYEo","余命2:30","匹诺曹P","初音未来","2022-08-05","","https://www.youtube.com/watch?v=8yUDr7BQYEo","","","2026-09-30","","","官方原投稿待核实","链接未收录不等于没有官方投稿"
"youtube:6U-5xAh3cKg","カメレオン","すりぃ","镜音连","2021-11-27","https://www.nicovideo.jp/watch/sm39680868","https://www.youtube.com/watch?v=6U-5xAh3cKg","0","","2026-09-30","1","8","已汇总第1–930期","链接未收录不等于没有官方投稿"
"youtube:lFJA9muTUDM","天使のクローバー","DIVELA","镜音铃","2021-03-30","https://www.nicovideo.jp/watch/sm38510568","https://www.youtube.com/watch?v=lFJA9muTUDM","0","","2026-09-30","1","4","已汇总第1–930期","链接未收录不等于没有官方投稿"
"youtube:rFLn-2ocnY8","Piece of Art","KIRA","GUMI","2017-12-22","","https://www.youtube.com/watch?v=rFLn-2ocnY8","","","2026-09-30","","","官方原投稿待核实","链接未收录不等于没有官方投稿"
"youtube:RhJEHIRcx4U","バラバラココロ","かいりきベア","flower","2018-02-23","https://www.nicovideo.jp/watch/sm32783623","https://www.youtube.com/watch?v=RhJEHIRcx4U","0","","2026-09-30","2","8","已汇总第1–930期","链接未收录不等于没有官方投稿"
"youtube:zOmCdi_P954","ギャラリア","柊キライ","flower","2021-08-18","https://www.nicovideo.jp/watch/sm39197591","https://www.youtube.com/watch?v=zOmCdi_P954","0","","2026-09-30","1","1","已汇总第1–930期","链接未收录不等于没有官方投稿"
"youtube:hbuNxmAXdNk","Human","FLAVOR FOLEY","miki","2025-12-20","","https://www.youtube.com/watch?v=hbuNxmAXdNk","","","2026-09-30","","","官方原投稿待核实","链接未收录不等于没有官方投稿"
"youtube:g6sYNwl1EWg","ハローマリーナ","稻叶昙","初音未来|歌爱雪","2021-11-20","https://www.nicovideo.jp/watch/sm39646734","https://www.youtube.com/watch?v=g6sYNwl1EWg","0","","2026-09-30","2","2","已汇总第1–930期","链接未收录不等于没有官方投稿"
"youtube:9tM2PHAjgss","ヘブンドープ","煮ル果実","flower","2022-08-19","https://www.nicovideo.jp/watch/sm40931343","https://www.youtube.com/watch?v=9tM2PHAjgss","0","","2026-09-30","2","4","已汇总第1–930期","链接未收录不等于没有官方投稿"
"youtube:qkbKxE7dZik","officialシオカラ節-Yagura mix","ガルナ","镜音铃|镜音连","2015-12-24","","https://www.youtube.com/watch?v=qkbKxE7dZik","","","2026-09-30","","","官方原投稿待核实","链接未收录不等于没有官方投稿"
"youtube:wyKbpyVVZ7g","Thing","Steampianist","Oliver","2017-11-01","","https://www.youtube.com/watch?v=wyKbpyVVZ7g","","","2026-09-30","","","官方原投稿待核实","链接未收录不等于没有官方投稿"
"youtube:mSBZ19bc-sE","アナタサマ","かいりきベア","flower","2022-04-25","https://www.nicovideo.jp/watch/sm40373469","https://www.youtube.com/watch?v=mSBZ19bc-sE","0","","2026-09-30","1","3","已汇总第1–930期","链接未收录不等于没有官方投稿"
"youtube:kFcha2y7utY","マザーデイズ","Chinozo","可不","2023-01-14","https://www.nicovideo.jp/watch/sm41640765","https://www.youtube.com/watch?v=kFcha2y7utY","0","","2026-09-30","0","","已汇总第1–930期","链接未收录不等于没有官方投稿"
"youtube:wBCA4n9mExE","Paparazzi Murder Party","Vane Lily","GUMI","2021-07-26","","https://www.youtube.com/watch?v=wBCA4n9mExE","","","2026-09-30","","","官方原投稿待核实","链接未收录不等于没有官方投稿"
"youtube:0wcZPlA9MrU","バケモノ信者","マイキ","初音未来","2020-12-05","","https://www.youtube.com/watch?v=0wcZPlA9MrU","","","2026-09-30","","","官方原投稿待核实","链接未收录不等于没有官方投稿"
"youtube:K1PN7NcRxqI","Pneumonoultramicroscopicsilicovolcanoconiosis","Dasu","镜音连|GUMI","2018-04-02","","https://www.youtube.com/watch?v=K1PN7NcRxqI","","","2026-09-30","","","官方原投稿待核实","链接未收录不等于没有官方投稿"
"youtube:H_WXMJ6dUGY","TAMAYA","Chinozo","flower","2020-12-11","https://www.nicovideo.jp/watch/sm37939658","https://www.youtube.com/watch?v=H_WXMJ6dUGY","0","","2026-09-30","0","","已汇总第1–930期","链接未收录不等于没有官方投稿"
"youtube:L8s6349tDKs","ミスター・ダーリン","HoneyWorks","初音未来","2018-11-08","","https://www.youtube.com/watch?v=L8s6349tDKs","","","2026-09-30","","","官方原投稿待核实","链接未收录不等于没有官方投稿"
"youtube:27hHomk1Wek","フラミンゴ","syudou","初音未来","2018-05-12","","https://www.youtube.com/watch?v=27hHomk1Wek","","","2026-09-30","","","官方原投稿待核实","链接未收录不等于没有官方投稿"
"youtube:cPN75z580GE","End-World Normopathy","GHOST","SOLARIA|Kevin","2023-03-09","","https://www.youtube.com/watch?v=cPN75z580GE","","","2026-09-30","","","官方原投稿待核实","链接未收录不等于没有官方投稿"
"youtube:-F_iX-La024","キラースパイダー","匹诺曹P","初音未来","2022-10-14","","https://www.youtube.com/watch?v=-F_iX-La024","","","2026-09-30","","","官方原投稿待核实","链接未收录不等于没有官方投稿"
"youtube:qrm-kGEA6jA","ヨヅリナ","匹诺曹P","初音未来","2018-04-02","","https://www.youtube.com/watch?v=qrm-kGEA6jA","","","2026-09-30","","","官方原投稿待核实","链接未收录不等于没有官方投稿"
"youtube:naUs1n-XEao","iNSaNiTY","CircusP","KAITO|miki","2011-04-12","https://www.nicovideo.jp/watch/sm14137534","https://www.youtube.com/watch?v=naUs1n-XEao","0","","2026-09-30","1","28","已汇总第1–930期","链接未收录不等于没有官方投稿"
"youtube:ahdqFPM6cJw","Star of the Show","GHOST","Macne Nana","2018-01-23","","https://www.youtube.com/watch?v=ahdqFPM6cJw","","","2026-09-30","","","官方原投稿待核实","链接未收录不等于没有官方投稿"
"youtube:qCLFfQZA0Gs","悪い人","syudou","初音未来","2020-08-24","","https://www.youtube.com/watch?v=qCLFfQZA0Gs","","","2026-09-30","","","官方原投稿待核实","链接未收录不等于没有官方投稿"
"youtube:_pKPFpX7Cqk","あめだま　♪VY1","ぺぽよ","初音未来|VY1","2021-09-14","","https://www.youtube.com/watch?v=_pKPFpX7Cqk","","","2026-09-30","","","官方原投稿待核实","链接未收录不等于没有官方投稿"
"youtube:B8DEBwvkfbM","シビュラ","wotaku","初音未来","2019-07-26","https://www.nicovideo.jp/watch/sm35441133","https://www.youtube.com/watch?v=B8DEBwvkfbM","0","","2026-09-30","0","","已汇总第1–930期","链接未收录不等于没有官方投稿"
"youtube:_of2sKbRUko","Snow Fairy Story","40mP","初音未来","2015-01-31","https://www.nicovideo.jp/watch/sm25465455","https://www.youtube.com/watch?v=_of2sKbRUko","0","","2026-09-30","3","2","已汇总第1–930期","链接未收录不等于没有官方投稿"
"youtube:dDK8fk17MqQ","君色に染まる / kimiiro ni somaru","TOKOTOKO","GUMI","2015-11-06","","https://www.youtube.com/watch?v=dDK8fk17MqQ","","","2026-09-30","","","官方原投稿待核实","链接未收录不等于没有官方投稿"
"youtube:iFo-ie2lJvg","くろうばあないと","いよわ","初音未来|GUMI|歌爱雪|flower","2020-01-04","https://www.nicovideo.jp/watch/sm36179658","https://www.youtube.com/watch?v=iFo-ie2lJvg","0","","2026-09-30","0","","已汇总第1–930期","链接未收录不等于没有官方投稿"
"youtube:_fC4gB841VI","Digital Girl","KIRA","初音未来","2020-07-03","","https://www.youtube.com/watch?v=_fC4gB841VI","","","2026-09-30","","","官方原投稿待核实","链接未收录不等于没有官方投稿"
"youtube:NArXe-Wg2D0","ビーバー","すりぃ","初音未来","2020-05-29","https://www.nicovideo.jp/watch/sm36943298","https://www.youtube.com/watch?v=NArXe-Wg2D0","0","","2026-09-30","2","8","已汇总第1–930期","链接未收录不等于没有官方投稿"
"youtube:HHJwR3ejhao","The Things I Deserve","GHOST","MAIKA","2018-01-23","","https://www.youtube.com/watch?v=HHJwR3ejhao","","","2026-09-30","","","官方原投稿待核实","链接未收录不等于没有官方投稿"
"youtube:HPPp1cb5rcc","無辜のあなた","いよわ","初音未来|flower","2019-08-16","https://www.nicovideo.jp/watch/sm35543930","https://www.youtube.com/watch?v=HPPp1cb5rcc","0","","2026-09-30","0","","已汇总第1–930期","链接未收录不等于没有官方投稿"
"youtube:SxTvhAituo4","舌打ち","syudou","初音未来","2025-02-28","","https://www.youtube.com/watch?v=SxTvhAituo4","","","2026-09-30","","","官方原投稿待核实","链接未收录不等于没有官方投稿"
"youtube:KInLkBZQHGo","いのちのおどり","MARETU","初音未来","2024-02-17","https://www.nicovideo.jp/watch/sm43406814","https://www.youtube.com/watch?v=KInLkBZQHGo","0","","2026-09-30","0","","已汇总第1–930期","链接未收录不等于没有官方投稿"
"youtube:XliDhKawJuo","キラークイーン","Ayase","初音未来","2019-07-26","https://www.nicovideo.jp/watch/sm35456133","https://www.youtube.com/watch?v=XliDhKawJuo","0","","2026-09-30","0","","已汇总第1–930期","链接未收录不等于没有官方投稿"
"youtube:KgczJh0uX5o","勘違い性反希望症","DECO*27","初音未来","2020-09-04","https://www.nicovideo.jp/watch/sm37504952","https://www.youtube.com/watch?v=KgczJh0uX5o","0","","2026-09-30","0","","已汇总第1–930期","链接未收录不等于没有官方投稿"
"youtube:wlhgKHHqpL0","Those Who Carried On","GHOST","GUMI|YOHIOloid","2019-01-11","","https://www.youtube.com/watch?v=wlhgKHHqpL0","","","2026-09-30","","","官方原投稿待核实","链接未收录不等于没有官方投稿"
"nico:sm25208814","十三番目の黙示録","ひとしずく × やま△","镜音铃|镜音连","2014-12-26","https://www.nicovideo.jp/watch/sm25208814","https://www.youtube.com/watch?v=quoNsQ0d-C4","0","","2026-09-30","2","2","已汇总第1–930期","链接未收录不等于没有官方投稿"
"youtube:buoYwfZG4vQ","needLe","DECO*27","初音未来","2020-08-14","","https://www.youtube.com/watch?v=buoYwfZG4vQ","","","2026-09-30","","","官方原投稿待核实","链接未收录不等于没有官方投稿"
"youtube:Y74o0JEhgv0","La Llorona","Steampianist","GUMI|Oliver|MAIKA","2015-03-22","","https://www.youtube.com/watch?v=Y74o0JEhgv0","","","2026-09-30","","","官方原投稿待核实","链接未收录不等于没有官方投稿"
"youtube:KAoY-tK1l0o","カルチャ","ツミキ","初音未来","2022-10-15","","https://www.youtube.com/watch?v=KAoY-tK1l0o","","","2026-09-30","","","官方原投稿待核实","链接未收录不等于没有官方投稿"
"youtube:2sHKKjeKfVM","夜撫でるメノウ","Ayase","初音未来","2019-02-10","https://www.nicovideo.jp/watch/sm34608999","https://www.youtube.com/watch?v=2sHKKjeKfVM","0","","2026-09-30","0","","已汇总第1–930期","链接未收录不等于没有官方投稿"
"youtube:LctLOhm2CqU","宴","john","初音未来","2019-07-24","https://www.nicovideo.jp/watch/sm35442268","https://www.youtube.com/watch?v=LctLOhm2CqU","0","","2026-09-30","0","","已汇总第1–930期","链接未收录不等于没有官方投稿"
"youtube:gtYydJJtQdg","Awake Now","雄之助","初音未来","2022-05-31","https://www.nicovideo.jp/watch/sm40550223","https://www.youtube.com/watch?v=gtYydJJtQdg","0","","2026-09-30","2","3","已汇总第1–930期","链接未收录不等于没有官方投稿"
"youtube:FpoZKD_nqbc","つづみぐさ","いよわ","初音未来","2023-01-14","https://www.nicovideo.jp/watch/sm41643553","https://www.youtube.com/watch?v=FpoZKD_nqbc","0","","2026-09-30","1","9","已汇总第1–930期","链接未收录不等于没有官方投稿"
"youtube:L2pXPO2tf5o","ビートシンカー","DIVELA","初音未来","2018-07-20","https://www.nicovideo.jp/watch/sm33557234","https://www.youtube.com/watch?v=L2pXPO2tf5o","0","","2026-09-30","0","","已汇总第1–930期","链接未收录不等于没有官方投稿"
"nico:sm31147658","私の新曲まだですか？-結月ゆかり for LamazeP","ラマーズP","结月缘","2017-05-04","https://www.nicovideo.jp/watch/sm31147658","https://www.youtube.com/watch?v=ecVQ4QtlUkw","0","","2026-09-30","1","9","已汇总第1–930期","链接未收录不等于没有官方投稿"
"youtube:CnZZPJ3RckA","日曜日の秘密","HoneyWorks","初音未来|GUMI","2017-02-04","","https://www.youtube.com/watch?v=CnZZPJ3RckA","","","2026-09-30","","","官方原投稿待核实","链接未收录不等于没有官方投稿"
"youtube:QvO8kcWFFT0","恋の恋による恋のための恋","匹诺曹P","初音未来","2019-07-01","","https://www.youtube.com/watch?v=QvO8kcWFFT0","","","2026-09-30","","","官方原投稿待核实","链接未收录不等于没有官方投稿"
"youtube:AJSU1p0vpig","ハートの主張","HoneyWorks","初音未来","2015-11-13","","https://www.youtube.com/watch?v=AJSU1p0vpig","","","2026-09-30","","","官方原投稿待核实","链接未收录不等于没有官方投稿"
"youtube:6YbqME4xI00","Snow Song Show","sasakure.UK","初音未来","2012-12-12","","https://www.youtube.com/watch?v=6YbqME4xI00","","","2026-09-30","","","官方原投稿待核实","链接未收录不等于没有官方投稿"
"youtube:V4qmCkT2i_o","ハイネとクライネ","煮ル果実","flower","2020-02-10","https://www.nicovideo.jp/watch/sm36346216","https://www.youtube.com/watch?v=V4qmCkT2i_o","0","","2026-09-30","1","3","已汇总第1–930期","链接未收录不等于没有官方投稿"
"youtube:BekKhIP0Jks","Propaganda!","Crusher","初音未来","2019-06-01","","https://www.youtube.com/watch?v=BekKhIP0Jks","","","2026-09-30","","","官方原投稿待核实","链接未收录不等于没有官方投稿"
"youtube:vqe2WMZYYvQ","SCAPEG♾AT","GHOST","Kevin|ASTERIAN|星尘|Yuma","2022-12-31","","https://www.youtube.com/watch?v=vqe2WMZYYvQ","","","2026-09-30","","","官方原投稿待核实","链接未收录不等于没有官方投稿"
"youtube:Q9Ctfh-GdaI","あとのまつり","Peg","镜音铃","2020-03-19","https://www.nicovideo.jp/watch/sm36526436","https://www.youtube.com/watch?v=Q9Ctfh-GdaI","0","","2026-09-30","0","","已汇总第1–930期","链接未收录不等于没有官方投稿"
"youtube:07r67gGbtLQ","ゆめゆめ","DECO*27","初音未来","2012-01-12","","https://www.youtube.com/watch?v=07r67gGbtLQ","","","2026-09-30","","","官方原投稿待核实","链接未收录不等于没有官方投稿"
"youtube:6Fm-wW_57FY","死別","シャノン","GUMI","2024-03-29","https://www.nicovideo.jp/watch/sm43590624","https://www.youtube.com/watch?v=6Fm-wW_57FY","0","","2026-09-30","0","","已汇总第1–930期","链接未收录不等于没有官方投稿"
"youtube:lTUVw7wd5qY","ユーチューバー","匹诺曹P","初音未来","2024-07-19","","https://www.youtube.com/watch?v=lTUVw7wd5qY","","","2026-09-30","","","官方原投稿待核实","链接未收录不等于没有官方投稿"
"youtube:QiR07U_xpYo","キャラバン","syudou","初音未来","2018-08-24","","https://www.youtube.com/watch?v=QiR07U_xpYo","","","2026-09-30","","","官方原投稿待核实","链接未收录不等于没有官方投稿"
"youtube:_YpcTBm15QU","黄金数","いよわ","初音未来|flower","2020-07-21","https://www.nicovideo.jp/watch/sm37222007","https://www.youtube.com/watch?v=_YpcTBm15QU","0","","2026-09-30","1","4","已汇总第1–930期","链接未收录不等于没有官方投稿"
"youtube:tqR74vsc6Mc","フィクションブルー","Ayase","初音未来","2019-08-31","https://www.nicovideo.jp/watch/sm35618829","https://www.youtube.com/watch?v=tqR74vsc6Mc","0","","2026-09-30","0","","已汇总第1–930期","链接未收录不等于没有官方投稿"
"youtube:XKqUsbYyLk4","Harlequin Contraption","Vane Lily","重音 Teto","2025-09-30","","https://www.youtube.com/watch?v=XKqUsbYyLk4","","","2026-09-30","","","官方原投稿待核实","链接未收录不等于没有官方投稿"
"youtube:zxNEEiyVav4","ぬゆり - 終末じゃない","Lanndo","flower|心华","2018-07-27","","https://www.youtube.com/watch?v=zxNEEiyVav4","","","2026-09-30","","","官方原投稿待核实","链接未收录不等于没有官方投稿"
"youtube:RXRrsrjy3_8","よくばり","Ayase","初音未来","2020-06-22","https://www.nicovideo.jp/watch/sm37073901","https://www.youtube.com/watch?v=RXRrsrjy3_8","0","","2026-09-30","1","3","已汇总第1–930期","链接未收录不等于没有官方投稿"
"youtube:s_lGrcOtzck","Punch It, Punk!","Ferry","结月缘","2019-05-01","","https://www.youtube.com/watch?v=s_lGrcOtzck","","","2026-09-30","","","官方原投稿待核实","链接未收录不等于没有官方投稿"
"youtube:_qj9ftYCNyw","灰Φ倶楽部","煮ル果実","flower","2024-02-10","https://www.nicovideo.jp/watch/sm43361319","https://www.youtube.com/watch?v=_qj9ftYCNyw","0","","2026-09-30","0","","已汇总第1–930期","链接未收录不等于没有官方投稿"
"youtube:N2sc7WZdn1M","今好きになる。-triangle story","HoneyWorks","GUMI","2014-12-29","https://www.nicovideo.jp/watch/sm25232616","https://www.youtube.com/watch?v=N2sc7WZdn1M","0","","2026-09-30","4","2","已汇总第1–930期","链接未收录不等于没有官方投稿"
"youtube:KF9Mu2gXNdI","ULTRA C","TeddyLoid","镜音铃|镜音连","2024-08-08","","https://www.youtube.com/watch?v=KF9Mu2gXNdI","","","2026-09-30","","","官方原投稿待核实","链接未收录不等于没有官方投稿"
"youtube:OgQc2wSjy3c","生命性シンドロウム / かめりあ","Camellia","初音未来","2024-10-10","","https://www.youtube.com/watch?v=OgQc2wSjy3c","","","2026-09-30","","","官方原投稿待核实","链接未收录不等于没有官方投稿"
"youtube:CeqLqlr5ba4","アメイジングハッピーハロウィンナイト","syudou","初音未来","2024-09-27","","https://www.youtube.com/watch?v=CeqLqlr5ba4","","","2026-09-30","","","官方原投稿待核实","链接未收录不等于没有官方投稿"
"youtube:DWwFK2gjwa8","ルーマー","ポリスピカデリー","GUMI","2019-09-13","https://www.nicovideo.jp/watch/sm35669777","https://www.youtube.com/watch?v=DWwFK2gjwa8","0","","2026-09-30","3","3","已汇总第1–930期","链接未收录不等于没有官方投稿"
"youtube:lRi2xK_Bb_M","のろいのノイローゼ","ぺぽよ","初音未来|VY1|ぽよろいど","2022-10-08","https://www.nicovideo.jp/watch/sm41165453","https://www.youtube.com/watch?v=lRi2xK_Bb_M","0","","2026-09-30","0","","已汇总第1–930期","链接未收录不等于没有官方投稿"
"youtube:f4hb4Fyyylc","リアルにぶっとばす","匹诺曹P","初音未来","2021-03-05","","https://www.youtube.com/watch?v=f4hb4Fyyylc","","","2026-09-30","","","官方原投稿待核实","链接未收录不等于没有官方投稿"
"youtube:2ALF_3aUgJA","rabbit","john","初音未来","2019-04-17","https://www.nicovideo.jp/watch/sm34986872","https://www.youtube.com/watch?v=2ALF_3aUgJA","0","","2026-09-30","0","","已汇总第1–930期","链接未收录不等于没有官方投稿"
"youtube:Z9DXOZUbmJ4","豚になってyeah yeah","Neru","镜音连","2020-04-15","","https://www.youtube.com/watch?v=Z9DXOZUbmJ4","","","2026-09-30","","","官方原投稿待核实","链接未收录不等于没有官方投稿"
"youtube:XqKbuEDvaf8","花となれ","雄之助","可不","2021-05-01","https://www.nicovideo.jp/watch/sm38663406","https://www.youtube.com/watch?v=XqKbuEDvaf8","0","","2026-09-30","0","","已汇总第1–930期","链接未收录不等于没有官方投稿"
"youtube:KLvMo8laN1o","BROADCAST ILLUSION","GHOST","Fukase","2018-01-23","","https://www.youtube.com/watch?v=KLvMo8laN1o","","","2026-09-30","","","官方原投稿待核实","链接未收录不等于没有官方投稿"
"youtube:-m06qeRZbZM","推し★ごと","HoneyWorks","可不","2021-09-27","","https://www.youtube.com/watch?v=-m06qeRZbZM","","","2026-09-30","","","官方原投稿待核实","链接未收录不等于没有官方投稿"
"youtube:QLXbggM1GXk","シル・ヴ・プレジデント","ナナホシ管弦楽団","初音未来","2021-04-19","","https://www.youtube.com/watch?v=QLXbggM1GXk","","","2026-09-30","","","官方原投稿待核实","链接未收录不等于没有官方投稿"
"youtube:7uiKC1P7__U","ヤミツキ","MARETU","初音未来","2019-09-26","https://www.nicovideo.jp/watch/sm35659266","https://www.youtube.com/watch?v=7uiKC1P7__U","0","","2026-09-30","1","2","已汇总第1–930期","链接未收录不等于没有官方投稿"
"youtube:4LUljJxd3gM","テレストテレス","かいりきベア","初音未来","2018-12-21","","https://www.youtube.com/watch?v=4LUljJxd3gM","","","2026-09-30","","","官方原投稿待核实","链接未收录不等于没有官方投稿"
"youtube:_ZKSftirY3A","オーバー！","いよわ","初音未来|歌爱雪","2021-02-14","https://www.nicovideo.jp/watch/sm38271953","https://www.youtube.com/watch?v=_ZKSftirY3A","0","","2026-09-30","1","9","已汇总第1–930期","链接未收录不等于没有官方投稿"
"youtube:MLdpBDgB9Tw","LOVELY♥CAVITY","SAWTOWNE","初音未来","2025-07-17","","https://www.youtube.com/watch?v=MLdpBDgB9Tw","","","2026-09-30","","","官方原投稿待核实","链接未收录不等于没有官方投稿"
"youtube:oTGJOVzMHPo","Burn Me Down","KIRA","GUMI","2016-12-25","https://www.nicovideo.jp/watch/sm30295169","https://www.youtube.com/watch?v=oTGJOVzMHPo","0","","2026-09-30","0","","已汇总第1–930期","链接未收录不等于没有官方投稿"
"youtube:XHeqXQjAGYU","キューピット","Kai","初音未来","2023-08-04","https://www.nicovideo.jp/watch/sm42574489","https://www.youtube.com/watch?v=XHeqXQjAGYU","0","","2026-09-30","0","","已汇总第1–930期","链接未收录不等于没有官方投稿"
"youtube:1U6qefKcOrg","Cadmium Colors","Jamie Paige","重音 Teto","2024-07-27","","https://www.youtube.com/watch?v=1U6qefKcOrg","","","2026-09-30","","","官方原投稿待核实","链接未收录不等于没有官方投稿"
"youtube:eVfppbSqACQ","アンチユー","Chinozo","初音未来","2025-02-18","https://www.nicovideo.jp/watch/sm44664829","https://www.youtube.com/watch?v=eVfppbSqACQ","0","","2026-09-30","0","","已汇总第1–930期","链接未收录不等于没有官方投稿"
"youtube:5u1CVs31OYM","FADE","CircusP","DEX|DAINA","2016-12-01","","https://www.youtube.com/watch?v=5u1CVs31OYM","","","2026-09-30","","","官方原投稿待核实","链接未收录不等于没有官方投稿"
"youtube:wzVOB52N57o","BLACK&WHITE","GHOST","DEX","2018-01-23","","https://www.youtube.com/watch?v=wzVOB52N57o","","","2026-09-30","","","官方原投稿待核实","链接未收录不等于没有官方投稿"
"youtube:cOr-TUxo8Kw","夏空メドレー：Tell Your World × ただ風を追いかけて","kz(livetune)","初音未来","2026-09-05","","https://www.youtube.com/watch?v=cOr-TUxo8Kw","","","2026-09-30","","","官方原投稿待核实","链接未收录不等于没有官方投稿"
"youtube:cJjqth04G1Q","依存香炉","DECO*27","初音未来","2020-12-18","","https://www.youtube.com/watch?v=cJjqth04G1Q","","","2026-09-30","","","官方原投稿待核实","链接未收录不等于没有官方投稿"
"youtube:i5rl-NGSYoo","Color of Drops","40mP","初音未来","2021-01-29","https://www.nicovideo.jp/watch/sm38522946","https://www.youtube.com/watch?v=i5rl-NGSYoo","0","","2026-09-30","0","","已汇总第1–930期","链接未收录不等于没有官方投稿"
"youtube:pu1gbwsB9Os","コスモスパイス","匹诺曹P","初音未来|镜音铃|镜音连","2022-01-26","","https://www.youtube.com/watch?v=pu1gbwsB9Os","","","2026-09-30","","","官方原投稿待核实","链接未收录不等于没有官方投稿"
"youtube:fOKe8zhTBDM","化孵化","sasakure.UK","可不","2021-05-26","https://www.nicovideo.jp/watch/sm38793955","https://www.youtube.com/watch?v=fOKe8zhTBDM","0","","2026-09-30","1","10","已汇总第1–930期","链接未收录不等于没有官方投稿"
"youtube:heTaHWABCOo","V-R","私の恋はヘルファイア / SLAVE.V","MEIKO","2021-11-02","","https://www.youtube.com/watch?v=heTaHWABCOo","","","2026-09-30","","","官方原投稿待核实","链接未收录不等于没有官方投稿"
"youtube:Fnl9hkN3qb4","選んでくれてありがとう。","HoneyWorks","初音未来|Fukase","2018-12-24","","https://www.youtube.com/watch?v=Fnl9hkN3qb4","","","2026-09-30","","","官方原投稿待核实","链接未收录不等于没有官方投稿"
"youtube:-iPh3Vuhp80","ファラウェア","柊キライ","flower","2022-01-07","https://www.nicovideo.jp/watch/sm39859896","https://www.youtube.com/watch?v=-iPh3Vuhp80","0","","2026-09-30","1","7","已汇总第1–930期","链接未收录不等于没有官方投稿"
"youtube:4bXrHtUbxJc","インフルエンサー・イズ・デッドワンオポ/ INFLUENCER IS DEAD","WONDERFUL★OPPORTUNITY!","镜音铃|镜音连","2017-07-11","","https://www.youtube.com/watch?v=4bXrHtUbxJc","","","2026-09-30","","","官方原投稿待核实","链接未收录不等于没有官方投稿"
"nico:sm43557729","嬢王","八王子P","初音未来","2024-03-22","https://www.nicovideo.jp/watch/sm43557729","https://www.youtube.com/watch?v=7-A2FC4q4ac","0","","2026-09-30","0","","已汇总第1–930期","链接未收录不等于没有官方投稿"
"youtube:q2RQyrp6j_A","FAKE HEART","KIRA","镜音铃|镜音连","2024-09-26","","https://www.youtube.com/watch?v=q2RQyrp6j_A","","","2026-09-30","","","官方原投稿待核实","链接未收录不等于没有官方投稿"
"youtube:qHU3hf1b8NY","Radiant Revival","Jamie Paige","初音未来","2025-06-11","","https://www.youtube.com/watch?v=qHU3hf1b8NY","","","2026-09-30","","","官方原投稿待核实","链接未收录不等于没有官方投稿"
"youtube:C0yZmdpMtVY","死ぬとき死ねばいい","カンザキイオリ","镜音连","2019-11-13","https://www.nicovideo.jp/watch/sm35953604","https://www.youtube.com/watch?v=C0yZmdpMtVY","0","","2026-09-30","1","6","已汇总第1–930期","链接未收录不等于没有官方投稿"
"youtube:Y8lpoMoSe1I","ミセエネン","MARETU","初音未来","2015-10-30","https://www.nicovideo.jp/watch/sm27481882","https://www.youtube.com/watch?v=Y8lpoMoSe1I","0","","2026-09-30","1","27","已汇总第1–930期","链接未收录不等于没有官方投稿"
"youtube:trfjV9iIeJk","スターダストメドレー","きさら","初音未来|星尘","2023-03-19","https://www.nicovideo.jp/watch/sm41947082","https://www.youtube.com/watch?v=trfjV9iIeJk","2","5","2026-09-30","2","7","已汇总第1–930期","链接未收录不等于没有官方投稿"
"youtube:L1RJ3gZXyvE","How To Pretend","CircusP","GUMI","2016-10-31","","https://www.youtube.com/watch?v=L1RJ3gZXyvE","","","2026-09-30","","","官方原投稿待核实","链接未收录不等于没有官方投稿"
"youtube:pFlWr0fF7MQ","異常な音を出すガール","cosMo＠暴走P","音街 Una","2022-04-20","","https://www.youtube.com/watch?v=pFlWr0fF7MQ","","","2026-09-30","","","官方原投稿待核实","链接未收录不等于没有官方投稿"
"youtube:sAHYQ8TrCWQ","アイアルの勘違い","煮ル果実","flower","2018-08-18","https://www.nicovideo.jp/watch/sm33706364","https://www.youtube.com/watch?v=sAHYQ8TrCWQ","0","","2026-09-30","0","","已汇总第1–930期","链接未收录不等于没有官方投稿"
"youtube:Jhw7Hum-eLw","浮遊月光街","稻叶昙","歌爱雪","2018-12-20","https://www.nicovideo.jp/watch/sm34347007","https://www.youtube.com/watch?v=Jhw7Hum-eLw","0","","2026-09-30","2","13","已汇总第1–930期","链接未收录不等于没有官方投稿"
"youtube:yZkPe7TEuyk","FIRE!!!","Vane Lily × Jamie Paige","重音 Teto","2024-04-21","","https://www.youtube.com/watch?v=yZkPe7TEuyk","","","2026-09-30","","","官方原投稿待核实","链接未收录不等于没有官方投稿"
"youtube:mis6UJkoemw","ワンダラー","Ayase","初音未来","2020-08-29","https://www.nicovideo.jp/watch/sm37430745","https://www.youtube.com/watch?v=mis6UJkoemw","0","","2026-09-30","1","10","已汇总第1–930期","链接未收录不等于没有官方投稿"
"youtube:ThOViq2fHqg","君が死んでも許してあげるよ","Kikuo","初音未来","2023-01-22","https://www.nicovideo.jp/watch/sm41684173","https://www.youtube.com/watch?v=ThOViq2fHqg","0","","2026-09-30","0","","已汇总第1–930期","链接未收录不等于没有官方投稿"
"youtube:wknPFKHjJGI","ウルフ","HoneyWorks","GUMI","2016-09-16","","https://www.youtube.com/watch?v=wknPFKHjJGI","","","2026-09-30","","","官方原投稿待核实","链接未收录不等于没有官方投稿"
"youtube:aF4N-qSHbT4","FOCUS","Arrange: KIRA","GUMI","2025-01-17","","https://www.youtube.com/watch?v=aF4N-qSHbT4","","","2026-09-30","","","官方原投稿待核实","链接未收录不等于没有官方投稿"
"youtube:2_93SNGYgYs","アンチサイクロン","稻叶昙","歌爱雪","2019-11-04","https://www.nicovideo.jp/watch/sm35909360","https://www.youtube.com/watch?v=2_93SNGYgYs","0","","2026-09-30","1","4","已汇总第1–930期","链接未收录不等于没有官方投稿"
"youtube:MyV8DhouDXY","PARTY ROCK ETERNITY","八王子P","初音未来","2024-02-23","https://www.nicovideo.jp/watch/sm43426632","https://www.youtube.com/watch?v=MyV8DhouDXY","0","","2026-09-30","0","","已汇总第1–930期","链接未收录不等于没有官方投稿"
"youtube:FftLImzl1-k","I Wish That I Could Fall","Jamie Paige","GUMI","2024-10-05","","https://www.youtube.com/watch?v=FftLImzl1-k","","","2026-09-30","","","官方原投稿待核实","链接未收录不等于没有官方投稿"
"youtube:rf-hjy8W2OI","ギザバ怪文書","cosMo＠暴走P","音街 Una","2023-03-02","https://www.nicovideo.jp/watch/sm41871286","https://www.youtube.com/watch?v=rf-hjy8W2OI","0","","2026-09-30","1","7","已汇总第1–930期","链接未收录不等于没有官方投稿"
"youtube:wYmW2-EN2dU","ロータスイーター/青栗鼠","青栗鼠","歌爱雪","2021-04-25","","https://www.youtube.com/watch?v=wYmW2-EN2dU","","","2026-09-30","","","官方原投稿待核实","链接未收录不等于没有官方投稿"
"youtube:7qAAg5WeB20","ダンロウグモ","halyosy","镜音连|KAITO","2025-10-30","","https://www.youtube.com/watch?v=7qAAg5WeB20","","","2026-09-30","","","官方原投稿待核实","链接未收录不等于没有官方投稿"
"youtube:xn4qndSd3vs","シンクタンク","稻叶昙","里命","2022-08-25","https://www.nicovideo.jp/watch/sm40978472","https://www.youtube.com/watch?v=xn4qndSd3vs","0","","2026-09-30","1","1","已汇总第1–930期","链接未收录不等于没有官方投稿"
"youtube:86NfhiTdA7g","誰も知らないハッピーエンド","40mP","Fukase","2016-02-25","https://www.nicovideo.jp/watch/sm28294159","https://www.youtube.com/watch?v=86NfhiTdA7g","0","","2026-09-30","3","2","已汇总第1–930期","链接未收录不等于没有官方投稿"
"nico:sm27909547","作曲するならいまのうち！-ミクとゆかりとささらとずん子とGUMIとマキ！ for LamazeP","ラマーズP","GUMI","2015-12-31","https://www.nicovideo.jp/watch/sm27909547","https://www.youtube.com/watch?v=JK3aw90R8Dk","0","","2026-09-30","1","11","已汇总第1–930期","链接未收录不等于没有官方投稿"
"youtube:CI9Gr9kxtJ0","Anti-Gravities","sasakure.UK","GUMI","2014-07-29","","https://www.youtube.com/watch?v=CI9Gr9kxtJ0","","","2026-09-30","","","官方原投稿待核实","链接未收录不等于没有官方投稿"
"youtube:bFZoeJn3G3o","ボカロはダサい","匹诺曹P","初音未来","2017-12-23","","https://www.youtube.com/watch?v=bFZoeJn3G3o","","","2026-09-30","","","官方原投稿待核实","链接未收录不等于没有官方投稿"
"youtube:ZNLtEqBbUg4","ロメオ","HoneyWorks","初音未来|GUMI","2017-02-22","","https://www.youtube.com/watch?v=ZNLtEqBbUg4","","","2026-09-30","","","官方原投稿待核实","链接未收录不等于没有官方投稿"
"youtube:olAK_zKB1c8","ボニータ","syudou","初音未来","2019-08-10","","https://www.youtube.com/watch?v=olAK_zKB1c8","","","2026-09-30","","","官方原投稿待核实","链接未收录不等于没有官方投稿"
"youtube:MeJDOXsCFgw","シンセカイ案内所","DECO*27","初音未来","2019-09-13","https://www.nicovideo.jp/watch/sm35675654","https://www.youtube.com/watch?v=MeJDOXsCFgw","0","","2026-09-30","2","2","已汇总第1–930期","链接未收录不等于没有官方投稿"
"youtube:N1-Z8uslIsI","Ten Thousand Stars","CircusP","初音未来","2015-11-26","","https://www.youtube.com/watch?v=N1-Z8uslIsI","","","2026-09-30","","","官方原投稿待核实","链接未收录不等于没有官方投稿"
"youtube:Jki8Jxwt_k4","ディア","Giga","初音未来","2024-08-18","","https://www.youtube.com/watch?v=Jki8Jxwt_k4","","","2026-09-30","","","官方原投稿待核实","链接未收录不等于没有官方投稿"
"youtube:A-JX-Qb3NC0","アンハッピーバースデイ","かいりきベア","初音未来","2017-08-30","https://www.nicovideo.jp/watch/sm31836612","https://www.youtube.com/watch?v=A-JX-Qb3NC0","0","","2026-09-30","1","19","已汇总第1–930期","链接未收录不等于没有官方投稿"
"youtube:al263xnknLE","わたしは禁忌（I am taboo）","いよわ","初音未来|flower","2019-05-24","","https://www.youtube.com/watch?v=al263xnknLE","","","2026-09-30","","","官方原投稿待核实","链接未收录不等于没有官方投稿"
"youtube:k9eYUQxr3Go","ドラキュラとなった男の物語","じょるじん","镜音连","2024-08-01","https://www.nicovideo.jp/watch/sm43932516","https://www.youtube.com/watch?v=k9eYUQxr3Go","0","","2026-09-30","0","","已汇总第1–930期","链接未收录不等于没有官方投稿"
"youtube:sNtJOrenwj4","祈りは空っぽ","Lanndo/ぬゆり","flower|结月缘","2019-12-13","","https://www.youtube.com/watch?v=sNtJOrenwj4","","","2026-09-30","","","官方原投稿待核实","链接未收录不等于没有官方投稿"
"youtube:kS2yWmLCtnc","猫猫的宇宙論","ナユタン星人","初音未来","2020-02-22","","https://www.youtube.com/watch?v=kS2yWmLCtnc","","","2026-09-30","","","官方原投稿待核实","链接未收录不等于没有官方投稿"
"youtube:AYUNaQaDfa8","MIKU EXPO 2021Highlight by KIRA","KIRA","初音未来","2021-01-13","","https://www.youtube.com/watch?v=AYUNaQaDfa8","","","2026-09-30","","","官方原投稿待核实","链接未收录不等于没有官方投稿"
"youtube:mq3t6aCbb8o","沙上の夢喰い少女","ハチ  MOVIE:南方研究所  SINGER: 巡音ルカ","巡音流歌","2013-10-07","","https://www.youtube.com/watch?v=mq3t6aCbb8o","","","2026-09-30","","","官方原投稿待核实","链接未收录不等于没有官方投稿"
"youtube:scmZJtHFN1c","撫でんな","柊マグネタイト","可不","2022-04-15","https://www.nicovideo.jp/watch/sm40318498","https://www.youtube.com/watch?v=scmZJtHFN1c","0","","2026-09-30","1","6","已汇总第1–930期","链接未收录不等于没有官方投稿"
"youtube:QLwUxNfUE4c","7     初音ミク","movie 梅とら","初音未来","2019-06-06","","https://www.youtube.com/watch?v=QLwUxNfUE4c","","","2026-09-30","","","官方原投稿待核实","链接未收录不等于没有官方投稿"
"youtube:sWOvhZBS9IA","ビビビビ／星界（Be, be, be, be! / SEKAI）","フロクロ","星界","2023-03-20","","https://www.youtube.com/watch?v=sWOvhZBS9IA","","","2026-09-30","","","官方原投稿待核实","链接未收录不等于没有官方投稿"
"youtube:KS13XGG8rAY","The Faulty Feline Philosophy","Ferry","GUMI","2018-05-09","","https://www.youtube.com/watch?v=KS13XGG8rAY","","","2026-09-30","","","官方原投稿待核实","链接未收录不等于没有官方投稿"
"youtube:n13aqoGxyy0","ピノキオピー × 一二三 - サクラノタトゥー","匹诺曹P","初音未来|音街 Una","2021-10-15","","https://www.youtube.com/watch?v=n13aqoGxyy0","","","2026-09-30","","","官方原投稿待核实","链接未收录不等于没有官方投稿"
"youtube:76MrbZhgZ9E","×はんでぃ♡きゃっぱー×　♪初音ミク","ぺぽよ","初音未来","2021-10-14","","https://www.youtube.com/watch?v=76MrbZhgZ9E","","","2026-09-30","","","官方原投稿待核实","链接未收录不等于没有官方投稿"
"youtube:mGAmqVs-olw","GOOD BYE / s×c","HoneyWorks","flower|Fukase","2019-01-30","https://www.nicovideo.jp/watch/sm34547054","https://www.youtube.com/watch?v=mGAmqVs-olw","0","","2026-09-30","1","6","已汇总第1–930期","链接未收录不等于没有官方投稿"
"youtube:5AbN7J2Ysyw","4BLOOD","KIRA","初音未来","2021-10-22","https://www.nicovideo.jp/watch/sm39535765","https://www.youtube.com/watch?v=5AbN7J2Ysyw","0","","2026-09-30","0","","已汇总第1–930期","链接未收录不等于没有官方投稿"
"youtube:WOcdBpHfGeA","長音厨肺活量テスト","復活の木村わいP","初音未来","2014-02-22","https://www.nicovideo.jp/watch/sm22940714","https://www.youtube.com/watch?v=WOcdBpHfGeA","0","","2026-09-30","0","","已汇总第1–930期","链接未收录不等于没有官方投稿"
"youtube:dby7Z3_N_3U","フクロウさん","すりぃ","镜音连","2022-01-03","https://www.nicovideo.jp/watch/sm39820345","https://www.youtube.com/watch?v=dby7Z3_N_3U","0","","2026-09-30","1","3","已汇总第1–930期","链接未收录不等于没有官方投稿"
"youtube:4J1O5NA8Nek","ひつじがいっぴき","Peg","镜音铃","2023-03-02","https://www.nicovideo.jp/watch/sm41849883","https://www.youtube.com/watch?v=4J1O5NA8Nek","0","","2026-09-30","1","3","已汇总第1–930期","链接未收录不等于没有官方投稿"
"youtube:8BqIbw7XwrI","律動厨リズムテスト","復活の木村わいP","初音未来","2014-08-09","https://www.nicovideo.jp/watch/sm24197782","https://www.youtube.com/watch?v=8BqIbw7XwrI","0","","2026-09-30","0","","已汇总第1–930期","链接未收录不等于没有官方投稿"
"youtube:1LBbOldnZcA","頬が乾くまで","いよわ","初音未来","2022-10-26","https://www.nicovideo.jp/watch/sm41284024","https://www.youtube.com/watch?v=1LBbOldnZcA","0","","2026-09-30","1","1","已汇总第1–930期","链接未收录不等于没有官方投稿"
"youtube:_F7kZMUYGB4","ランウェイのファンタジスタ","TOKOTOKO","初音未来","2019-01-27","https://www.nicovideo.jp/watch/sm34533917","https://www.youtube.com/watch?v=_F7kZMUYGB4","0","","2026-09-30","1","4","已汇总第1–930期","链接未收录不等于没有官方投稿"
"youtube:DxAo9E7OOCk","i DO what i WANT","KIRA","初音未来","2019-10-26","https://www.nicovideo.jp/watch/sm35865973","https://www.youtube.com/watch?v=DxAo9E7OOCk","0","","2026-09-30","0","","已汇总第1–930期","链接未收录不等于没有官方投稿"
"nico:sm42608918","チャンネル登録よろしくお願いします","GYARI","东北豆包","2023-08-11","https://www.nicovideo.jp/watch/sm42608918","https://www.youtube.com/watch?v=BbyqEMSDuww","0","","2026-09-30","2","1","已汇总第1–930期","链接未收录不等于没有官方投稿"
"youtube:U6evzTaBGm4","Hook'd","KIRA","初音未来|GUMI","2019-05-11","","https://www.youtube.com/watch?v=U6evzTaBGm4","","","2026-09-30","","","官方原投稿待核实","链接未收录不等于没有官方投稿"
"nico:sm22522964","亡国のネメシス","ひとしずく✕やま△","镜音铃|镜音连","2013-12-24","https://www.nicovideo.jp/watch/sm22522964","https://www.youtube.com/watch?v=aJBlHHGQHJo","0","","2026-09-30","2","4","已汇总第1–930期","链接未收录不等于没有官方投稿"
"youtube:UZXPxdJqPBA","シークレットひみつ","匹诺曹P","初音未来","2020-08-14","","https://www.youtube.com/watch?v=UZXPxdJqPBA","","","2026-09-30","","","官方原投稿待核实","链接未收录不等于没有官方投稿"
"youtube:S6_zybtKN5k","夏色アンサー","Orangestar","IA","2014-07-30","","https://www.youtube.com/watch?v=S6_zybtKN5k","","","2026-09-30","","","官方原投稿待核实","链接未收录不等于没有官方投稿"
"youtube:hhchkAnUAbE","フランケンX","煮ル果実","初音未来|flower","2021-10-17","","https://www.youtube.com/watch?v=hhchkAnUAbE","","","2026-09-30","","","官方原投稿待核实","链接未收录不等于没有官方投稿"
"youtube:OBlGJjos4n4","可愛いねって言われちゃった","HoneyWorks","可不","2022-06-02","https://www.nicovideo.jp/watch/sm40559402","https://www.youtube.com/watch?v=OBlGJjos4n4","0","","2026-09-30","0","","已汇总第1–930期","链接未收录不等于没有官方投稿"
"youtube:v5BloiCJCys","ヘブンズバグ","いよわ","初音未来|歌爱雪","2021-04-24","https://www.nicovideo.jp/watch/sm38628569","https://www.youtube.com/watch?v=v5BloiCJCys","0","","2026-09-30","0","","已汇总第1–930期","链接未收录不等于没有官方投稿"
"youtube:I1kPD4gHMaw","ポプリさん","いよわ","初音未来|flower","2020-03-13","https://www.nicovideo.jp/watch/sm36503255","https://www.youtube.com/watch?v=I1kPD4gHMaw","0","","2026-09-30","0","","已汇总第1–930期","链接未收录不等于没有官方投稿"
"youtube:T3Son6CzPUk","うわがき","いよわ","初音未来|花隈千冬","2024-08-25","https://www.nicovideo.jp/watch/sm44022619","https://www.youtube.com/watch?v=T3Son6CzPUk","0","","2026-09-30","1","3","已汇总第1–930期","链接未收录不等于没有官方投稿"
"youtube:LxC0kD-GuBQ","ぽかぽかの星","はるまきごはん","初音未来","2019-12-21","https://www.nicovideo.jp/watch/sm36109927","https://www.youtube.com/watch?v=LxC0kD-GuBQ","0","","2026-09-30","1","2","已汇总第1–930期","链接未收录不等于没有官方投稿"
"youtube:tVfLP32wIKk","ユニコーンガール","Kai","初音未来","2022-10-07","https://www.nicovideo.jp/watch/sm41189988","https://www.youtube.com/watch?v=tVfLP32wIKk","0","","2026-09-30","1","9","已汇总第1–930期","链接未收录不等于没有官方投稿"
"youtube:romqp_SB4tU","ノイローゼ","蜂屋ななし","flower","2019-04-08","","https://www.youtube.com/watch?v=romqp_SB4tU","","","2026-09-30","","","官方原投稿待核实","链接未收录不等于没有官方投稿"
"youtube:xGyjZe-zd4U","ツインズ","HoneyWorks","初音未来","2017-07-19","","https://www.youtube.com/watch?v=xGyjZe-zd4U","","","2026-09-30","","","官方原投稿待核实","链接未收录不等于没有官方投稿"
"youtube:u6qnqjrvgUU","Perfectly Sweet","Vane Lily","MAIKA","2022-01-24","","https://www.youtube.com/watch?v=u6qnqjrvgUU","","","2026-09-30","","","官方原投稿待核实","链接未收录不等于没有官方投稿"
"youtube:p2x6rhF2-K4","イカサマダンス","まふまふ","镜音铃|镜音连","2020-11-13","https://www.nicovideo.jp/watch/sm37812606","https://www.youtube.com/watch?v=p2x6rhF2-K4","0","","2026-09-30","2","2","已汇总第1–930期","链接未收录不等于没有官方投稿"
"youtube:3nSO6Ad_Na4","モノクロボイス","cosMo＠暴走P","初音未来|GUMI","2020-01-14","https://www.nicovideo.jp/watch/sm36226531","https://www.youtube.com/watch?v=3nSO6Ad_Na4","0","","2026-09-30","1","6","已汇总第1–930期","链接未收录不等于没有官方投稿"
"youtube:NA3MJmcyPpE","Water the Roses","FLAVOR FOLEY","GUMI","2025-01-04","","https://www.youtube.com/watch?v=NA3MJmcyPpE","","","2026-09-30","","","官方原投稿待核实","链接未收录不等于没有官方投稿"
"youtube:HQI5a2WGt2s","Entomologists","GHOST","初音未来","2019-11-01","","https://www.youtube.com/watch?v=HQI5a2WGt2s","","","2026-09-30","","","官方原投稿待核实","链接未收录不等于没有官方投稿"
"youtube:0ZVFAkdRMRY","SQUARE UP","Jamie Paige","GUMI","2025-12-16","","https://www.youtube.com/watch?v=0ZVFAkdRMRY","","","2026-09-30","","","官方原投稿待核实","链接未收录不等于没有官方投稿"
"youtube:Fw2kDbfP06A","Ladylike","KIRA","GUMI","2020-11-22","https://www.nicovideo.jp/watch/sm37866019","https://www.youtube.com/watch?v=Fw2kDbfP06A","0","","2026-09-30","0","","已汇总第1–930期","链接未收录不等于没有官方投稿"
"youtube:juOJFUVF12k","泡沫未来","加賀(ネギシャワーP)","初音未来","2021-02-26","https://www.nicovideo.jp/watch/sm38333228","https://www.youtube.com/watch?v=juOJFUVF12k","0","","2026-09-30","0","","已汇总第1–930期","链接未收录不等于没有官方投稿"
"youtube:9zvnZdfzpfo","生意気ハニー-another story-","HoneyWorks","初音未来","2019-05-26","https://www.nicovideo.jp/watch/sm35170971","https://www.youtube.com/watch?v=9zvnZdfzpfo","0","","2026-09-30","2","20","已汇总第1–930期","链接未收录不等于没有官方投稿"
"youtube:MKrVBS6pX9I","Mei Mei","匹诺曹P","初音未来","2018-07-09","","https://www.youtube.com/watch?v=MKrVBS6pX9I","","","2026-09-30","","","官方原投稿待核实","链接未收录不等于没有官方投稿"
"youtube:pIF_snWKz2g","ぷらいまり","いよわ","可不","2022-08-25","https://www.nicovideo.jp/watch/sm40977635","https://www.youtube.com/watch?v=pIF_snWKz2g","0","","2026-09-30","1","6","已汇总第1–930期","链接未收录不等于没有官方投稿"
"youtube:KQF7_PduR4E","僕が名前を呼ぶ日","HoneyWorks","GUMI","2017-01-29","","https://www.youtube.com/watch?v=KQF7_PduR4E","","","2026-09-30","","","官方原投稿待核实","链接未收录不等于没有官方投稿"
"youtube:K-bWQ7Dk5rw","The Medical Anomaly","RIProducer","Oliver","2021-04-07","","https://www.youtube.com/watch?v=K-bWQ7Dk5rw","","","2026-09-30","","","官方原投稿待核实","链接未收录不等于没有官方投稿"
"youtube:hKIDiRJpHmw","エウレカ","柊キライ","flower","2021-04-24","https://www.nicovideo.jp/watch/sm38585800","https://www.youtube.com/watch?v=hKIDiRJpHmw","0","","2026-09-30","1","1","已汇总第1–930期","链接未收录不等于没有官方投稿"
"youtube:H2gX70zNPSU","歌い手様総合テスト","復活の木村わいP","初音未来","2014-09-15","https://www.nicovideo.jp/watch/sm24476574","https://www.youtube.com/watch?v=H2gX70zNPSU","0","","2026-09-30","1","15","已汇总第1–930期","链接未收录不等于没有官方投稿"
"youtube:jRXwkY_cpvQ","黄金数（2024 ver.）/いよわ","いよわ","初音未来|flower","2024-07-21","https://www.nicovideo.jp/watch/sm44022607","https://www.youtube.com/watch?v=jRXwkY_cpvQ","0","","2026-09-30","0","","已汇总第1–930期","链接未收录不等于没有官方投稿"
"youtube:oq6EtwFIZUQ","蝶と花と蜘蛛","ひとしずく×やま△","镜音铃|镜音连|VY2","2014-08-04","","https://www.youtube.com/watch?v=oq6EtwFIZUQ","","","2026-09-30","","","官方原投稿待核实","链接未收录不等于没有官方投稿"
"youtube:cfVA467Jyk0","スーパーヒーロー in 2025","Guiano","重音 Teto","2025-04-30","","https://www.youtube.com/watch?v=cfVA467Jyk0","","","2026-09-30","","","官方原投稿待核实","链接未收录不等于没有官方投稿"
"youtube:pHakQLbGjaU","ちゅきちゅきポコポコポン","TAK","初音未来","2025-08-22","","https://www.youtube.com/watch?v=pHakQLbGjaU","","","2026-09-30","","","官方原投稿待核实","链接未收录不等于没有官方投稿"
"youtube:EfbhJ_UC-G4","野狗子","Peg","心华","2019-01-07","https://www.nicovideo.jp/watch/sm34435128","https://www.youtube.com/watch?v=EfbhJ_UC-G4","0","","2026-09-30","0","","已汇总第1–930期","链接未收录不等于没有官方投稿"
"youtube:oAVDdEfiy4o","白ゆき","ナブナ","初音未来","2016-03-12","","https://www.youtube.com/watch?v=oAVDdEfiy4o","","","2026-09-30","","","官方原投稿待核实","链接未收录不等于没有官方投稿"
"youtube:GK8s695c6uA","コールガール","syudou","初音未来","2017-06-01","https://www.nicovideo.jp/watch/sm31319841","https://www.youtube.com/watch?v=GK8s695c6uA","0","","2026-09-30","0","","已汇总第1–930期","链接未收录不等于没有官方投稿"
"youtube:a3iRoMPmsdg","You're An Awful Person","RIProducer","flower","2019-10-12","","https://www.youtube.com/watch?v=a3iRoMPmsdg","","","2026-09-30","","","官方原投稿待核实","链接未收录不等于没有官方投稿"
"youtube:K6CR_t5WNvs","Coppelia","雄之助/Yunosuke","初音未来","2017-01-07","https://www.nicovideo.jp/watch/sm30379473","https://www.youtube.com/watch?v=K6CR_t5WNvs","0","","2026-09-30","0","","已汇总第1–930期","链接未收录不等于没有官方投稿"
"youtube:sK92X82T3Sk","Blue Star","八王子P","初音未来","2016-02-16","https://www.nicovideo.jp/watch/sm28834364","https://www.youtube.com/watch?v=sK92X82T3Sk","0","","2026-09-30","1","6","已汇总第1–930期","链接未收录不等于没有官方投稿"
"youtube:nrsr_-QXCv4","Better Off Worse","CircusP","flower","2023-05-13","https://www.nicovideo.jp/watch/sm42209181","https://www.youtube.com/watch?v=nrsr_-QXCv4","0","","2026-09-30","0","","已汇总第1–930期","链接未收录不等于没有官方投稿"
"youtube:d_svmw65Mgk","人質交換","DECO*27","初音未来","2019-07-05","https://www.nicovideo.jp/watch/sm35359469","https://www.youtube.com/watch?v=d_svmw65Mgk","0","","2026-09-30","3","1","已汇总第1–930期","链接未收录不等于没有官方投稿"
"youtube:mmfxRRkWJwg","嘘つきは恋のはじまり","40mP","洛天依","2018-07-08","https://www.nicovideo.jp/watch/sm33490927","https://www.youtube.com/watch?v=mmfxRRkWJwg","0","","2026-09-30","1","22","已汇总第1–930期","链接未收录不等于没有官方投稿"
"youtube:hv7vyLIiYBU","感情泥棒 Emotion Thief","40mP","GUMI","2014-12-23","","https://www.youtube.com/watch?v=hv7vyLIiYBU","","","2026-09-30","","","官方原投稿待核实","链接未收录不等于没有官方投稿"
"youtube:KkmFgOvttrk","すーぱーぬこになれんかった","まふまふ","镜音连","2019-04-05","https://www.nicovideo.jp/watch/sm34914124","https://www.youtube.com/watch?v=KkmFgOvttrk","0","","2026-09-30","2","1","已汇总第1–930期","链接未收录不等于没有官方投稿"
"youtube:qiMQWPI_u3Y","ふぁうんどふってーじ / ■37","Illustration/Movie : ■37","IA","2022-05-15","","https://www.youtube.com/watch?v=qiMQWPI_u3Y","","","2026-09-30","","","官方原投稿待核实","链接未收录不等于没有官方投稿"
"youtube:RawnaIb9Pvc","ドクトリーヌ","煮ル果実","flower","2021-02-10","https://www.nicovideo.jp/watch/sm38242221","https://www.youtube.com/watch?v=RawnaIb9Pvc","0","","2026-09-30","1","7","已汇总第1–930期","链接未收录不等于没有官方投稿"
"youtube:2NkN_QpmnFM","マネマネサイコトロピック","かいりきベア","GUMI","2013-08-23","https://www.nicovideo.jp/watch/sm21660475","https://www.youtube.com/watch?v=2NkN_QpmnFM","0","","2026-09-30","2","4","已汇总第1–930期","链接未收录不等于没有官方投稿"
"youtube:4FmE4tva0tU","ブーケガルニ","煮ル果実","flower","2023-07-14","https://www.nicovideo.jp/watch/sm42452105","https://www.youtube.com/watch?v=4FmE4tva0tU","0","","2026-09-30","1","10","已汇总第1–930期","链接未收录不等于没有官方投稿"
"youtube:uS4K63EgXfM","高音厨音域テスト暗黒バージョン","復活の木村わいP","初音未来","2021-04-08","","https://www.youtube.com/watch?v=uS4K63EgXfM","","","2026-09-30","","","官方原投稿待核实","链接未收录不等于没有官方投稿"
"youtube:InxwGZ_PgC4","GUMI ""I""","CircusP","GUMI","2012-03-27","https://www.nicovideo.jp/watch/sm17373707","https://www.youtube.com/watch?v=InxwGZ_PgC4","0","","2026-09-30","0","","已汇总第1–930期","链接未收录不等于没有官方投稿"
"youtube:Ghp2ZZ9qby8","大正ロマンチック _Taisho Romantic","40mP","初音未来","2017-02-18","","https://www.youtube.com/watch?v=Ghp2ZZ9qby8","","","2026-09-30","","","官方原投稿待核实","链接未收录不等于没有官方投稿"
"youtube:vcq4xyooNns","アリサマ","Chinozo","flower","2020-06-08","https://www.nicovideo.jp/watch/sm36996509","https://www.youtube.com/watch?v=vcq4xyooNns","0","","2026-09-30","1","5","已汇总第1–930期","链接未收录不等于没有官方投稿"
"youtube:jszjF6mYfYc","サルバドール","煮ル果実","flower","2021-04-10","https://www.nicovideo.jp/watch/sm38557040","https://www.youtube.com/watch?v=jszjF6mYfYc","0","","2026-09-30","1","9","已汇总第1–930期","链接未收录不等于没有官方投稿"
"youtube:0tvR79q69Jc","やっちゃったわね","syudou","初音未来","2023-09-15","","https://www.youtube.com/watch?v=0tvR79q69Jc","","","2026-09-30","","","官方原投稿待核实","链接未收录不等于没有官方投稿"
"youtube:m10mNB8L9Kw","不埒な喝采","ポリスピカデリー","可不","2021-02-06","","https://www.youtube.com/watch?v=m10mNB8L9Kw","","","2026-09-30","","","官方原投稿待核实","链接未收录不等于没有官方投稿"
"youtube:Iu0wpWFpe3Y","X.E.N.O","sasakure.UK","初音未来|KAITO","2023-10-31","https://www.nicovideo.jp/watch/sm42962902","https://www.youtube.com/watch?v=Iu0wpWFpe3Y","0","","2026-09-30","1","4","已汇总第1–930期","链接未收录不等于没有官方投稿"
"youtube:NPpUR1jLP2U","まほろば少年譚 - Mahoroba Boys Tale / YurryCanon","ユリイ・カノン","GUMI","2017-04-19","","https://www.youtube.com/watch?v=NPpUR1jLP2U","","","2026-09-30","","","官方原投稿待核实","链接未收录不等于没有官方投稿"
"youtube:kRSnFTIIf6w","８６","Dasu","镜音连|GUMI","2017-07-16","","https://www.youtube.com/watch?v=kRSnFTIIf6w","","","2026-09-30","","","官方原投稿待核实","链接未收录不等于没有官方投稿"
"youtube:jwZWhMnSvm4","モア！ジャンプ！モア！","ナユタン星人","初音未来","2023-07-31","https://www.nicovideo.jp/watch/sm42554081","https://www.youtube.com/watch?v=jwZWhMnSvm4","0","","2026-09-30","0","","已汇总第1–930期","链接未收录不等于没有官方投稿"
"youtube:nBBIBpHypco","死生活","syudou","初音未来","2018-07-06","","https://www.youtube.com/watch?v=nBBIBpHypco","","","2026-09-30","","","官方原投稿待核实","链接未收录不等于没有官方投稿"
"youtube:wAA2A_Vr2u0","帝都群青/R Sound Design","R Sound Design","初音未来","2020-08-26","","https://www.youtube.com/watch?v=wAA2A_Vr2u0","","","2026-09-30","","","官方原投稿待核实","链接未收录不等于没有官方投稿"
"youtube:u33469XYVWc","Dance Delightful","Jamie Paige","足立 Rei","2025-07-11","","https://www.youtube.com/watch?v=u33469XYVWc","","","2026-09-30","","","官方原投稿待核实","链接未收录不等于没有官方投稿"
"youtube:ccdn1a5LOwk","1/4","CircusP","KAITO","2017-05-21","","https://www.youtube.com/watch?v=ccdn1a5LOwk","","","2026-09-30","","","官方原投稿待核实","链接未收录不等于没有官方投稿"
"youtube:j4ZuoUOkjSY","ムシ","Chinozo","琴叶茜","2022-05-25","","https://www.youtube.com/watch?v=j4ZuoUOkjSY","","","2026-09-30","","","官方原投稿待核实","链接未收录不等于没有官方投稿"
"youtube:Apb3BUR2CGg","ヨミクダリの灯","シャノン","GUMI","2019-12-27","https://www.nicovideo.jp/watch/sm36143274","https://www.youtube.com/watch?v=Apb3BUR2CGg","0","","2026-09-30","0","","已汇总第1–930期","链接未收录不等于没有官方投稿"
"youtube:0-LysJT-XNw","Hatsune Miku English ""Addicted""","CircusP","初音未来","2014-05-26","","https://www.youtube.com/watch?v=0-LysJT-XNw","","","2026-09-30","","","官方原投稿待核实","链接未收录不等于没有官方投稿"
"youtube:UI5UeDiTdRg","Twaddles of a Flue Faker","Steampianist","Oliver","2013-09-23","","https://www.youtube.com/watch?v=UI5UeDiTdRg","","","2026-09-30","","","官方原投稿待核实","链接未收录不等于没有官方投稿"
"youtube:xG0eyljq0eA","ヒカリ証明論","HoneyWorks","GUMI","2018-08-02","","https://www.youtube.com/watch?v=xG0eyljq0eA","","","2026-09-30","","","官方原投稿待核实","链接未收录不等于没有官方投稿"
"youtube:GZy-zHU1daw","アリスブルー","HoneyWorks","初音未来","2021-05-06","https://www.nicovideo.jp/watch/sm38696181","https://www.youtube.com/watch?v=GZy-zHU1daw","0","","2026-09-30","0","","已汇总第1–930期","链接未收录不等于没有官方投稿"
"youtube:PmRtXlhzgAU","未完成讃歌","しゃいと","初音未来","2022-03-29","https://www.nicovideo.jp/watch/sm40244309","https://www.youtube.com/watch?v=PmRtXlhzgAU","0","","2026-09-30","0","","已汇总第1–930期","链接未收录不等于没有官方投稿"
"youtube:G69S4nkoFgk","対象x","ユリイ・カノン","GUMI","2020-02-02","https://www.nicovideo.jp/watch/sm36310619","https://www.youtube.com/watch?v=G69S4nkoFgk","0","","2026-09-30","1","2","已汇总第1–930期","链接未收录不等于没有官方投稿"
"youtube:8vtn_yA3Oio","CORROSION","RIProducer","Fukase","2018-09-25","","https://www.youtube.com/watch?v=8vtn_yA3Oio","","","2026-09-30","","","官方原投稿待核实","链接未收录不等于没有官方投稿"
"youtube:V9TPB7GXEqI","私が恋を知る日 HoneyWorks","HoneyWorks","GUMI","2017-01-30","","https://www.youtube.com/watch?v=V9TPB7GXEqI","","","2026-09-30","","","官方原投稿待核实","链接未收录不等于没有官方投稿"
"youtube:GRyE06Q4OYU","白南風","Orangestar","IA","2024-07-22","","https://www.youtube.com/watch?v=GRyE06Q4OYU","","","2026-09-30","","","官方原投稿待核实","链接未收录不等于没有官方投稿"
"youtube:5FiTUHo9G48","木星のビート","ナユタン星人","初音未来","2020-04-05","","https://www.youtube.com/watch?v=5FiTUHo9G48","","","2026-09-30","","","官方原投稿待核实","链接未收录不等于没有官方投稿"
"youtube:UOcKAfS1x1o","バニー","すりぃ","镜音连","2022-02-25","https://www.nicovideo.jp/watch/sm40090304","https://www.youtube.com/watch?v=UOcKAfS1x1o","0","","2026-09-30","1","7","已汇总第1–930期","链接未收录不等于没有官方投稿"
"youtube:w2UAO3rCPYU","乙女どもよ。","HoneyWorks","初音未来","2019-07-26","","https://www.youtube.com/watch?v=w2UAO3rCPYU","","","2026-09-30","","","官方原投稿待核实","链接未收录不等于没有官方投稿"
"youtube:8Rq6dVpEUS4","とこしずめ","稻叶昙","星界","2022-06-03","https://www.nicovideo.jp/watch/sm40564386","https://www.youtube.com/watch?v=8Rq6dVpEUS4","0","","2026-09-30","2","5","已汇总第1–930期","链接未收录不等于没有官方投稿"
"youtube:NZecO3stfmI","レプリカ","sasakure.UK","初音未来","2019-09-10","https://www.nicovideo.jp/watch/sm35663527","https://www.youtube.com/watch?v=NZecO3stfmI","0","","2026-09-30","2","1","已汇总第1–930期","链接未收录不等于没有官方投稿"
"youtube:M0y3ijUguWA","ママ","HoneyWorks","初音未来","2015-07-09","https://www.nicovideo.jp/watch/sm26667276","https://www.youtube.com/watch?v=M0y3ijUguWA","0","","2026-09-30","3","1","已汇总第1–930期","链接未收录不等于没有官方投稿"
"youtube:fHvSRIgYoA8","滑舌厨早口テスト","復活の木村わいP","初音未来","2013-09-23","https://www.nicovideo.jp/watch/sm21892939","https://www.youtube.com/watch?v=fHvSRIgYoA8","0","","2026-09-30","1","11","已汇总第1–930期","链接未收录不等于没有官方投稿"
"youtube:ScWbKmTfkFc","Spider on the Wall","GHOST","IA","2018-10-17","","https://www.youtube.com/watch?v=ScWbKmTfkFc","","","2026-09-30","","","官方原投稿待核实","链接未收录不等于没有官方投稿"
"nico:sm16547768","背徳の花","ひとしずく✕やま△","镜音铃|镜音连","2011-12-28","https://www.nicovideo.jp/watch/sm16547768","https://www.youtube.com/watch?v=ISHzNGDhX8A","0","","2026-09-30","2","3","已汇总第1–930期","链接未收录不等于没有官方投稿"
"youtube:5LLxrCeriDs","ターミナル","ぬゆり","GUMI","2018-01-07","https://www.nicovideo.jp/watch/sm32537029","https://www.youtube.com/watch?v=5LLxrCeriDs","0","","2026-09-30","2","4","已汇总第1–930期","链接未收录不等于没有官方投稿"
"youtube:2xp8-kcPJck","でんでん心電図　♪初音ミク","ぺぽよ","初音未来","2021-11-28","","https://www.youtube.com/watch?v=2xp8-kcPJck","","","2026-09-30","","","官方原投稿待核实","链接未收录不等于没有官方投稿"
"youtube:Mksf3xakH8s","水色侵略","ナユタン星人","初音未来","2020-09-04","","https://www.youtube.com/watch?v=Mksf3xakH8s","","","2026-09-30","","","官方原投稿待核实","链接未收录不等于没有官方投稿"
"youtube:yX8KwcDrTuk","めんへらーめん　♪初音ミク","ぺぽよ","初音未来","2021-07-20","","https://www.youtube.com/watch?v=yX8KwcDrTuk","","","2026-09-30","","","官方原投稿待核实","链接未收录不等于没有官方投稿"
"nico:sm28382819","やだ働かない","ラマーズP","初音未来","2016-03-09","https://www.nicovideo.jp/watch/sm28382819","https://www.youtube.com/watch?v=qhDD4q1PnqE","0","","2026-09-30","2","3","已汇总第1–930期","链接未收录不等于没有官方投稿"
"youtube:8QAORkRx2vg","アメリ","煮ル果実","flower","2023-04-14","","https://www.youtube.com/watch?v=8QAORkRx2vg","","","2026-09-30","","","官方原投稿待核实","链接未收录不等于没有官方投稿"
"nico:sm12566954","雨夢楼","ひとしずく","初音未来|镜音铃","2010-10-27","https://www.nicovideo.jp/watch/sm12566954","https://www.youtube.com/watch?v=16nqYQasbb0","0","","2026-09-30","3","1","已汇总第1–930期","链接未收录不等于没有官方投稿"
"nico:sm34953737","ラストジャーニー","いよわ","初音未来|flower","2019-04-12","https://www.nicovideo.jp/watch/sm34953737","https://www.youtube.com/watch?v=y6JY8ZPufb0","0","","2026-09-30","0","","已汇总第1–930期","链接未收录不等于没有官方投稿"
"youtube:xYVcxsuj0PI","Bitter Majesty","八王子P","初音未来","2018-02-14","","https://www.youtube.com/watch?v=xYVcxsuj0PI","","","2026-09-30","","","官方原投稿待核实","链接未收录不等于没有官方投稿"
"youtube:62Qg1BrFT6E","TIME LINE / s×c","HoneyWorks","flower|Fukase","2018-12-13","https://www.nicovideo.jp/watch/sm34310948","https://www.youtube.com/watch?v=62Qg1BrFT6E","0","","2026-09-30","0","","已汇总第1–930期","链接未收录不等于没有官方投稿"
"youtube:bP7N5BECT-w","君ガ空コソカナシケレ　HoneyWorks","HoneyWorks","初音未来","2013-07-26","https://www.nicovideo.jp/watch/sm21445815","https://www.youtube.com/watch?v=bP7N5BECT-w","0","","2026-09-30","2","4","已汇总第1–930期","链接未收录不等于没有官方投稿"
"youtube:GaktqScd0Yk","鋲心全壊ガール -れるりり","れるりり&ミオヤマザキ","GUMI","2017-10-09","","https://www.youtube.com/watch?v=GaktqScd0Yk","","","2026-09-30","","","官方原投稿待核实","链接未收录不等于没有官方投稿"
"youtube:tMOLbTL8uBI","トウテツ","MARETU","初音未来","2018-01-01","https://www.nicovideo.jp/watch/sm32516487","https://www.youtube.com/watch?v=tMOLbTL8uBI","0","","2026-09-30","1","1","已汇总第1–930期","链接未收录不等于没有官方投稿"
"youtube:EfEWT34hyQM","プロポーズ","HoneyWorks","初音未来","2017-03-26","","https://www.youtube.com/watch?v=EfEWT34hyQM","","","2026-09-30","","","官方原投稿待核实","链接未收录不等于没有官方投稿"
"youtube:b16XqQNh_Is","高音厨音域試験和風編曲","復活の木村わいP","初音未来","2020-10-08","","https://www.youtube.com/watch?v=b16XqQNh_Is","","","2026-09-30","","","官方原投稿待核实","链接未收录不等于没有官方投稿"
"youtube:xrQV8CQXV70","キャラルラ","john","初音未来","2019-08-29","https://www.nicovideo.jp/watch/sm35608214","https://www.youtube.com/watch?v=xrQV8CQXV70","0","","2026-09-30","0","","已汇总第1–930期","链接未收录不等于没有官方投稿"
"youtube:vDhDx3Y4udQ","月光潤色ガール","れるりり","GUMI","2014-12-07","","https://www.youtube.com/watch?v=vDhDx3Y4udQ","","","2026-09-30","","","官方原投稿待核实","链接未收录不等于没有官方投稿"
"youtube:w7-M5B3cSoY","officialリンちゃんなう！Seasons","ガルナ","初音未来|镜音铃|巡音流歌","2021-12-27","","https://www.youtube.com/watch?v=w7-M5B3cSoY","","","2026-09-30","","","官方原投稿待核实","链接未收录不等于没有官方投稿"
"youtube:viQJGUrBg3c","Ang Cariñosa","Steampianist","GUMI","2021-08-14","https://www.nicovideo.jp/watch/sm39262253","https://www.youtube.com/watch?v=viQJGUrBg3c","0","","2026-09-30","0","","已汇总第1–930期","链接未收录不等于没有官方投稿"
"youtube:L7BxD7HHWl4","初嵐","DECO*27","初音未来","2017-08-31","https://www.nicovideo.jp/watch/sm31842002","https://www.youtube.com/watch?v=L7BxD7HHWl4","0","","2026-09-30","1","8","已汇总第1–930期","链接未收录不等于没有官方投稿"
"youtube:12v2lZVgFEo","POKÉDANCE","SAWTOWNE","初音未来","2024-04-06","","https://www.youtube.com/watch?v=12v2lZVgFEo","","","2026-09-30","","","官方原投稿待核实","链接未收录不等于没有官方投稿"
"youtube:pyTeUQpAOwY","リズム","DECO*27","初音未来","2021-09-26","","https://www.youtube.com/watch?v=pyTeUQpAOwY","","","2026-09-30","","","官方原投稿待核实","链接未收录不等于没有官方投稿"
"youtube:-Sd-FULSaFs","ループメモリー","雄之助/Yunosuke","初音未来","2015-10-17","","https://www.youtube.com/watch?v=-Sd-FULSaFs","","","2026-09-30","","","官方原投稿待核实","链接未收录不等于没有官方投稿"
"youtube:IkGB5ncYhtE","BREAK IT","雄之助/Yunosuke","初音未来","2017-08-09","https://www.nicovideo.jp/watch/sm31712326","https://www.youtube.com/watch?v=IkGB5ncYhtE","0","","2026-09-30","0","","已汇总第1–930期","链接未收录不等于没有官方投稿"
"youtube:byWC_wXsyGI","Breathe","CircusP","DEX","2017-10-22","","https://www.youtube.com/watch?v=byWC_wXsyGI","","","2026-09-30","","","官方原投稿待核实","链接未收录不等于没有官方投稿"
"youtube:ACCQTOVEKt0","タイニーバニー … 鳴花ヒメ MEIKA HIME｜Tiny Bunny","youまん","GUMI|flower","2020-07-09","","https://www.youtube.com/watch?v=ACCQTOVEKt0","","","2026-09-30","","","官方原投稿待核实","链接未收录不等于没有官方投稿"
"youtube:Vsj8tzO1ONk","小悪魔だってかまわない！","HoneyWorks","初音未来","2021-05-20","","https://www.youtube.com/watch?v=Vsj8tzO1ONk","","","2026-09-30","","","官方原投稿待核实","链接未收录不等于没有官方投稿"
"youtube:77PKvvI3p5M","ホーリーフラッグ","HoneyWorks","GUMI","2015-10-30","https://www.nicovideo.jp/watch/sm27476949","https://www.youtube.com/watch?v=77PKvvI3p5M","0","","2026-09-30","1","7","已汇总第1–930期","链接未收录不等于没有官方投稿"
"youtube:1TAKbzUbo_g","COMFORT ZONE","Ferry","Fukase","2021-07-27","","https://www.youtube.com/watch?v=1TAKbzUbo_g","","","2026-09-30","","","官方原投稿待核实","链接未收录不等于没有官方投稿"
"youtube:1UmimUnJ9Zs","青春症候群","れるりり","初音未来|镜音连","2018-05-17","https://www.nicovideo.jp/watch/sm33220899","https://www.youtube.com/watch?v=1UmimUnJ9Zs","0","","2026-09-30","2","9","已汇总第1–930期","链接未收录不等于没有官方投稿"
"nico:sm19437273","魔法の鏡","ひとしずく × やま△","镜音铃|镜音连","2012-11-25","https://www.nicovideo.jp/watch/sm19437273","https://www.youtube.com/watch?v=RquwdfMQ_EE","0","","2026-09-30","3","2","已汇总第1–930期","链接未收录不等于没有官方投稿"
"youtube:e1gY8dUfKxg","はじめまして地球人さん","匹诺曹P","初音未来","2015-07-02","","https://www.youtube.com/watch?v=e1gY8dUfKxg","","","2026-09-30","","","官方原投稿待核实","链接未收录不等于没有官方投稿"
"youtube:ffGcA4Kj-rk","ループスピナ","稻叶昙","歌爱雪","2016-05-02","https://www.nicovideo.jp/watch/sm28759701","https://www.youtube.com/watch?v=ffGcA4Kj-rk","0","","2026-09-30","0","","已汇总第1–930期","链接未收录不等于没有官方投稿"
"youtube:5iymwRXrkZA","ディジーディジー","栗山夕璃","flower","2020-08-31","https://www.nicovideo.jp/watch/sm37447987","https://www.youtube.com/watch?v=5iymwRXrkZA","0","","2026-09-30","1","10","已汇总第1–930期","链接未收录不等于没有官方投稿"
"youtube:yduFuBC4whg","404","匹诺曹P","初音未来","2020-12-13","","https://www.youtube.com/watch?v=yduFuBC4whg","","","2026-09-30","","","官方原投稿待核实","链接未收录不等于没有官方投稿"
"youtube:xAwnI9AraXs","やる気が出ない歌","えいぷ","初音未来|重音 Teto","2025-09-01","https://www.nicovideo.jp/watch/sm45361193","https://www.youtube.com/watch?v=xAwnI9AraXs","0","","2026-09-30","0","","已汇总第1–930期","链接未收录不等于没有官方投稿"
"youtube:n1q-R6iNxRE","かめりあ - ドクヘビ","Camellia","初音未来","2023-03-02","https://www.nicovideo.jp/watch/sm41869371","https://www.youtube.com/watch?v=n1q-R6iNxRE","0","","2026-09-30","1","5","已汇总第1–930期","链接未收录不等于没有官方投稿"
"youtube:kkQXjSkCgsU","欲望我慢スル事ナカレ","cosMo＠暴走P","结月缘","2020-04-22","https://www.nicovideo.jp/watch/sm36723442","https://www.youtube.com/watch?v=kkQXjSkCgsU","0","","2026-09-30","0","","已汇总第1–930期","链接未收录不等于没有官方投稿"
"nico:sm31722488","早過ぎたラブロマンス(Full)-音街ウナ＆Rana＆歌愛ユキ＆東北きりたん for LamazeP","ラマーズP","歌爱雪|音街 Una|东北切蒲英","2017-08-10","https://www.nicovideo.jp/watch/sm31722488","https://www.youtube.com/watch?v=TVEOwd0zPlk","0","","2026-09-30","1","9","已汇总第1–930期","链接未收录不等于没有官方投稿"
"youtube:XQh5Uf5itkI","レイニースノードロップ","Re:nG","KAITO","2021-08-27","","https://www.youtube.com/watch?v=XQh5Uf5itkI","","","2026-09-30","","","官方原投稿待核实","链接未收录不等于没有官方投稿"
"youtube:3Y7a4bKDZEA","決戦スピリット","HoneyWorks","初音未来","2020-03-04","","https://www.youtube.com/watch?v=3Y7a4bKDZEA","","","2026-09-30","","","官方原投稿待核实","链接未收录不等于没有官方投稿"
"youtube:P9kyXPdwJyI","KIRA x ASTEROID - HIT ME UP","KIRA, monii, Johnny R","GUMI","2024-08-31","","https://www.youtube.com/watch?v=P9kyXPdwJyI","","","2026-09-30","","","官方原投稿待核实","链接未收录不等于没有官方投稿"
"youtube:rZwMH_rOCYo","Unite As One","八王子P","初音未来","2017-11-30","","https://www.youtube.com/watch?v=rZwMH_rOCYo","","","2026-09-30","","","官方原投稿待核实","链接未收录不等于没有官方投稿"
"youtube:2qla5phsDEQ","だんだん高くなる Getting Higher and Higer","40mP","初音未来","2015-04-01","","https://www.youtube.com/watch?v=2qla5phsDEQ","","","2026-09-30","","","官方原投稿待核实","链接未收录不等于没有官方投稿"
"youtube:pV-zuu_Z4gQ","クエスチョンマーク","john","初音未来","2019-04-14","https://www.nicovideo.jp/watch/sm34967144","https://www.youtube.com/watch?v=pV-zuu_Z4gQ","0","","2026-09-30","0","","已汇总第1–930期","链接未收录不等于没有官方投稿"
"youtube:YXpZ0uRMDR0","ボカロカルチャー","Mitchie M","初音未来","2018-06-30","","https://www.youtube.com/watch?v=YXpZ0uRMDR0","","","2026-09-30","","","官方原投稿待核实","链接未收录不等于没有官方投稿"
"youtube:PRsXzHI-n8k","Initial Song","40mP","初音未来","2017-07-15","https://www.nicovideo.jp/watch/sm31565913","https://www.youtube.com/watch?v=PRsXzHI-n8k","0","","2026-09-30","2","6","已汇总第1–930期","链接未收录不等于没有官方投稿"
"nico:sm32540853","歌の棲む家〜メゾン初音〜","OSTER project","初音未来","2018-01-06","https://www.nicovideo.jp/watch/sm32540853","https://www.youtube.com/watch?v=buRFjDSIu4o","0","","2026-09-30","2","7","已汇总第1–930期","链接未收录不等于没有官方投稿"
"youtube:M8ZGGCqJduU","パスカルビーツ","稻叶昙","歌爱雪","2016-08-22","https://www.nicovideo.jp/watch/sm29500554","https://www.youtube.com/watch?v=M8ZGGCqJduU","0","","2026-09-30","1","11","已汇总第1–930期","链接未收录不等于没有官方投稿"
"youtube:78SmXHkkTEU","ミライゲイザー","DIVELA","初音未来","2018-12-14","https://www.nicovideo.jp/watch/sm34317822","https://www.youtube.com/watch?v=78SmXHkkTEU","0","","2026-09-30","0","","已汇总第1–930期","链接未收录不等于没有官方投稿"
"youtube:Ftx7tjZTpsw","Christmas Morgue","ハチ    SINGER: 初音ミク","初音未来","2013-10-02","","https://www.youtube.com/watch?v=Ftx7tjZTpsw","","","2026-09-30","","","官方原投稿待核实","链接未收录不等于没有官方投稿"
"youtube:lOwCUMprBoY","ELECTRIC WEEKEND ZONE","FLAVOR FOLEY","KAITO","2025-02-18","","https://www.youtube.com/watch?v=lOwCUMprBoY","","","2026-09-30","","","官方原投稿待核实","链接未收录不等于没有官方投稿"
"youtube:izZiAkwMP2M","ファニー・インシピッド・キャンディ・ベンダー","煮ル果実","flower","2024-12-28","https://www.nicovideo.jp/watch/sm44466858","https://www.youtube.com/watch?v=izZiAkwMP2M","0","","2026-09-30","0","","已汇总第1–930期","链接未收录不等于没有官方投稿"
"youtube:Z78yEc7jssQ","失態生態実験体　♪初音ミク","ぺぽよ","初音未来","2021-10-14","","https://www.youtube.com/watch?v=Z78yEc7jssQ","","","2026-09-30","","","官方原投稿待核实","链接未收录不等于没有官方投稿"
"youtube:kXS1AlhlK_4","ハッピーエンダー","Ayase","初音未来","2019-01-31","https://www.nicovideo.jp/watch/sm34557208","https://www.youtube.com/watch?v=kXS1AlhlK_4","0","","2026-09-30","0","","已汇总第1–930期","链接未收录不等于没有官方投稿"
"youtube:wq85OvQjNUU","パラレリズム恋心","ナユタン星人","初音未来","2020-02-04","","https://www.youtube.com/watch?v=wq85OvQjNUU","","","2026-09-30","","","官方原投稿待核实","链接未收录不等于没有官方投稿"
"youtube:crCS77wqxTI","Forward/R Sound Design","R Sound Design","初音未来","2020-12-11","","https://www.youtube.com/watch?v=crCS77wqxTI","","","2026-09-30","","","官方原投稿待核实","链接未收录不等于没有官方投稿"
"youtube:gGGgoW_vgWo","アノニマスファンフアレ / anonymous fanfare","ツミキ","GUMI","2019-07-20","","https://www.youtube.com/watch?v=gGGgoW_vgWo","","","2026-09-30","","","官方原投稿待核实","链接未收录不等于没有官方投稿"
"youtube:xy58QqB4NJA","ぜろ","匹诺曹P","初音未来","2019-03-19","","https://www.youtube.com/watch?v=xy58QqB4NJA","","","2026-09-30","","","官方原投稿待核实","链接未收录不等于没有官方投稿"
"youtube:_k5Lb7Oeo_U","VOICE","KIRA","初音未来|GUMI","2022-07-01","","https://www.youtube.com/watch?v=_k5Lb7Oeo_U","","","2026-09-30","","","官方原投稿待核实","链接未收录不等于没有官方投稿"
"youtube:36h1nhV_klE","Lose Your Head","Vane Lily","重音 Teto","2024-04-06","","https://www.youtube.com/watch?v=36h1nhV_klE","","","2026-09-30","","","官方原投稿待核实","链接未收录不等于没有官方投稿"
"youtube:3bm4sysQsAM","ロンリーダンス","ぬゆり","flower","2018-10-22","https://www.nicovideo.jp/watch/sm34032404","https://www.youtube.com/watch?v=3bm4sysQsAM","0","","2026-09-30","2","1","已汇总第1–930期","链接未收录不等于没有官方投稿"
"youtube:nf9RjiHG_dY","Decade","Dixie Flatline","初音未来","2018-03-10","","https://www.youtube.com/watch?v=nf9RjiHG_dY","","","2026-09-30","","","官方原投稿待核实","链接未收录不等于没有官方投稿"
"youtube:uaUp71oQO9I","Mitchie M2020拜年祭","Mitchie M","初音未来","2020-01-28","","https://www.youtube.com/watch?v=uaUp71oQO9I","","","2026-09-30","","","官方原投稿待核实","链接未收录不等于没有官方投稿"
"youtube:AqyCNIllQ7o","自己愛性カワイズム","Mitchie M","初音未来","2017-08-29","https://www.nicovideo.jp/watch/sm31825017","https://www.youtube.com/watch?v=AqyCNIllQ7o","0","","2026-09-30","0","","已汇总第1–930期","链接未收录不等于没有官方投稿"
"youtube:w9o3ufZnR1Y","鬼KYOKAN/ Oni KYOKAN","WONDERFUL★OPPORTUNITY!","镜音铃|镜音连","2014-12-10","","https://www.youtube.com/watch?v=w9o3ufZnR1Y","","","2026-09-30","","","官方原投稿待核实","链接未收录不等于没有官方投稿"
"youtube:NDKwiNTPhEw","ディアーマイウィッチクラフト","いよわ","初音未来|flower","2019-10-13","https://www.nicovideo.jp/watch/sm35806641","https://www.youtube.com/watch?v=NDKwiNTPhEw","0","","2026-09-30","0","","已汇总第1–930期","链接未收录不等于没有官方投稿"
"youtube:Tyy2KrjcZe4","音程厨ピッチテスト","復活の木村わいP","初音未来","2014-05-17","https://www.nicovideo.jp/watch/sm23574635","https://www.youtube.com/watch?v=Tyy2KrjcZe4","0","","2026-09-30","0","","已汇总第1–930期","链接未收录不等于没有官方投稿"
"youtube:OmeprXnf-Pg","お化けガオ ▞ 初音ミク","はろける","初音未来","2024-06-01","https://www.nicovideo.jp/watch/sm43860716","https://www.youtube.com/watch?v=OmeprXnf-Pg","0","","2026-09-30","0","","已汇总第1–930期","链接未收录不等于没有官方投稿"
"youtube:rDhqYGbJtN8","Fruiting Bodies","RIProducer","GUMI","2022-07-24","","https://www.youtube.com/watch?v=rDhqYGbJtN8","","","2026-09-30","","","官方原投稿待核实","链接未收录不等于没有官方投稿"
"youtube:6U7KItPACj0","幸せ。","HoneyWorks","初音未来","2020-09-04","","https://www.youtube.com/watch?v=6U7KItPACj0","","","2026-09-30","","","官方原投稿待核实","链接未收录不等于没有官方投稿"
"youtube:aRHXdHseEzI","しあわせ","john","星界","2022-07-27","https://www.nicovideo.jp/watch/sm40830733","https://www.youtube.com/watch?v=aRHXdHseEzI","0","","2026-09-30","0","","已汇总第1–930期","链接未收录不等于没有官方投稿"
"youtube:ttrb6MuXkok","It Should’ve Been Me","RIProducer","SOLARIA","2022-01-15","","https://www.youtube.com/watch?v=ttrb6MuXkok","","","2026-09-30","","","官方原投稿待核实","链接未收录不等于没有官方投稿"
"youtube:HE0mAgDAx-Q","あなたは世界の終わりにずんだを食べるのだ","なみぐる","东北豆包","2022-05-20","https://www.nicovideo.jp/watch/sm40487046","https://www.youtube.com/watch?v=HE0mAgDAx-Q","0","","2026-09-30","3","3","已汇总第1–930期","链接未收录不等于没有官方投稿"
"youtube:CEKF74l-Vlk","SISTERS","john","初音未来","2020-02-09","https://www.nicovideo.jp/watch/sm36340187","https://www.youtube.com/watch?v=CEKF74l-Vlk","0","","2026-09-30","0","","已汇总第1–930期","链接未收录不等于没有官方投稿"
"youtube:ZxLLYhL6pEc","Last Continue","匹诺曹P","初音未来","2014-08-04","","https://www.youtube.com/watch?v=ZxLLYhL6pEc","","","2026-09-30","","","官方原投稿待核实","链接未收录不等于没有官方投稿"
"nico:sm31853493","惜別の向日葵","ひとしずく×やま△","镜音铃|镜音连","2017-09-02","https://www.nicovideo.jp/watch/sm31853493","https://www.youtube.com/watch?v=c5lYY174LUM","0","","2026-09-30","0","","已汇总第1–930期","链接未收录不等于没有官方投稿"
"youtube:MenDsq-BK4Y","傀儡阿修羅","柊マグネタイト","星界","2022-05-11","https://www.nicovideo.jp/watch/sm40452673","https://www.youtube.com/watch?v=MenDsq-BK4Y","0","","2026-09-30","3","1","已汇总第1–930期","链接未收录不等于没有官方投稿"
"youtube:ajI7vhqiCAg","officialパラジクロロベンゼン×アンチクロロベンゼン 合わせてみた","ガルナ","东北切蒲英","2020-05-13","","https://www.youtube.com/watch?v=ajI7vhqiCAg","","","2026-09-30","","","官方原投稿待核实","链接未收录不等于没有官方投稿"
"youtube:QRJRGtxfWpk","少女地獄","ユリイ・カノン","GUMI","2019-09-28","https://www.nicovideo.jp/watch/sm35742828","https://www.youtube.com/watch?v=QRJRGtxfWpk","0","","2026-09-30","2","5","已汇总第1–930期","链接未收录不等于没有官方投稿"
"youtube:_rTtO-AVRxI","ミライチズ","HoneyWorks","GUMI","2021-06-02","","https://www.youtube.com/watch?v=_rTtO-AVRxI","","","2026-09-30","","","官方原投稿待核实","链接未收录不等于没有官方投稿"
"youtube:6gR3oJj-jaU","トーデス・トリープ - Todestrieb / YurryCanon","ユリイ・カノン","GUMI","2017-12-01","","https://www.youtube.com/watch?v=6gR3oJj-jaU","","","2026-09-30","","","官方原投稿待核实","链接未收录不等于没有官方投稿"
"youtube:D5s8U3IDfwI","ババロア","TAK","初音未来","2025-07-15","https://www.nicovideo.jp/watch/sm45188112","https://www.youtube.com/watch?v=D5s8U3IDfwI","0","","2026-09-30","0","","已汇总第1–930期","链接未收录不等于没有官方投稿"
"nico:sm21919571","少年と魔法のロボット The Boy and Magic Robot (Album Edit Ver.)","40mP","GUMI","2013-09-27","https://www.nicovideo.jp/watch/sm21919571","https://www.youtube.com/watch?v=j3Ua2ByrDQQ","0","","2026-09-30","6","1","已汇总第1–930期","链接未收录不等于没有官方投稿"
"youtube:oHqu3ouL1VE","Jack the Ripper","Cepheid","GUMI","2015-10-27","","https://www.youtube.com/watch?v=oHqu3ouL1VE","","","2026-09-30","","","官方原投稿待核实","链接未收录不等于没有官方投稿"
"youtube:yA8RW0Y_Rcs","PaⅢ.INCEPTION","雄之助/Yunosuke","初音未来|镜音铃|GUMI","2017-03-31","","https://www.youtube.com/watch?v=yA8RW0Y_Rcs","","","2026-09-30","","","官方原投稿待核实","链接未收录不等于没有官方投稿"
"nico:sm35253049","Jump for Joy","EasyPop","初音未来|巡音流歌","2019-06-14","https://www.nicovideo.jp/watch/sm35253049","https://www.youtube.com/watch?v=QlfXsuPEJ8s","0","","2026-09-30","0","","已汇总第1–930期","链接未收录不等于没有官方投稿"
"youtube:m_phuaZAsGk","終点","cosMo＠暴走P","初音未来","2013-08-09","https://www.nicovideo.jp/watch/sm21552463","https://www.youtube.com/watch?v=m_phuaZAsGk","0","","2026-09-30","2","10","已汇总第1–930期","链接未收录不等于没有官方投稿"
"youtube:gHx5hGtQkks","PaⅢ.REVOLUTION","雄之助","初音未来|镜音铃|GUMI","2020-11-06","","https://www.youtube.com/watch?v=gHx5hGtQkks","","","2026-09-30","","","官方原投稿待核实","链接未收录不等于没有官方投稿"
"youtube:_RatgWc_iJ0","ずんだダンシング","なみぐる","东北豆包","2022-07-16","https://www.nicovideo.jp/watch/sm40774593","https://www.youtube.com/watch?v=_RatgWc_iJ0","0","","2026-09-30","3","2","已汇总第1–930期","链接未收录不等于没有官方投稿"
"youtube:m367nnJRs-M","ノクティルーカ","Orangestar","IA","2022-04-29","https://www.nicovideo.jp/watch/sm40390219","https://www.youtube.com/watch?v=m367nnJRs-M","0","","2026-09-30","0","","已汇总第1–930期","链接未收录不等于没有官方投稿"
"youtube:PK2CS8vK3BA","ANNA NO MUSICA","煮ル果実","flower","2020-01-25","","https://www.youtube.com/watch?v=PK2CS8vK3BA","","","2026-09-30","","","官方原投稿待核实","链接未收录不等于没有官方投稿"
"youtube:YGlAWg1YmQ8","レトロポリス/R Sound Design","R Sound Design","可不","2021-04-10","","https://www.youtube.com/watch?v=YGlAWg1YmQ8","","","2026-09-30","","","官方原投稿待核实","链接未收录不等于没有官方投稿"
"youtube:AHjxLoeYIoI","ネメシスの銃口","mothy(悪ノＰ)","GUMI","2014-08-08","https://www.nicovideo.jp/watch/sm24189059","https://www.youtube.com/watch?v=AHjxLoeYIoI","0","","2026-09-30","2","6","已汇总第1–930期","链接未收录不等于没有官方投稿"
"youtube:pER24jTrGA0","ネオンドール","ルシノ","重音 Teto","2025-10-11","https://www.nicovideo.jp/watch/sm45501367","https://www.youtube.com/watch?v=pER24jTrGA0","0","","2026-09-30","0","","已汇总第1–930期","链接未收录不等于没有官方投稿"
"youtube:xQG0cYa-mM4","ばけものぐるい","ユリイ・カノン","GUMI","2018-07-16","https://www.nicovideo.jp/watch/sm33536211","https://www.youtube.com/watch?v=xQG0cYa-mM4","0","","2026-09-30","1","8","已汇总第1–930期","链接未收录不等于没有官方投稿"
"youtube:Zp01XrMxEeQ","ノンファンタジー","HoneyWorks","初音未来|GUMI","2017-12-01","","https://www.youtube.com/watch?v=Zp01XrMxEeQ","","","2026-09-30","","","官方原投稿待核实","链接未收录不等于没有官方投稿"
"youtube:qK62up6otZU","Uncanny","GHOST","Kevin","2022-09-22","","https://www.youtube.com/watch?v=qK62up6otZU","","","2026-09-30","","","官方原投稿待核实","链接未收录不等于没有官方投稿"
"youtube:SRcYxc5Jf00","言ノ葉カルマ","れるりり","初音未来|GUMI","2014-03-07","https://www.nicovideo.jp/watch/sm23032293","https://www.youtube.com/watch?v=SRcYxc5Jf00","0","","2026-09-30","2","2","已汇总第1–930期","链接未收录不等于没有官方投稿"
"youtube:kE2-Ra6yg2Y","#心がどっか寂しいんだ","カンザキイオリ","镜音连","2020-07-25","https://www.nicovideo.jp/watch/sm37245164","https://www.youtube.com/watch?v=kE2-Ra6yg2Y","0","","2026-09-30","1","8","已汇总第1–930期","链接未收录不等于没有官方投稿"
"youtube:JIdF-QzPJTw","アトミック恋心","ナユタン星人","初音未来","2020-02-03","","https://www.youtube.com/watch?v=JIdF-QzPJTw","","","2026-09-30","","","官方原投稿待核实","链接未收录不等于没有官方投稿"
"youtube:L1ByttunrDs","はらぺこなんです!!","cosMo＠暴走P","镜音铃","2019-10-20","https://www.nicovideo.jp/watch/sm35840371","https://www.youtube.com/watch?v=L1ByttunrDs","0","","2026-09-30","0","","已汇总第1–930期","链接未收录不等于没有官方投稿"
"youtube:970rRL8FJj8","撫子色ハート","ユリイ・カノン","GUMI","2017-10-11","https://www.nicovideo.jp/watch/sm32081867","https://www.youtube.com/watch?v=970rRL8FJj8","0","","2026-09-30","4","8","已汇总第1–930期","链接未收录不等于没有官方投稿"
"youtube:vOt2u7WcV9A","脳漿炸裂ガール2015ver","れるりり","初音未来|GUMI","2015-11-18","","https://www.youtube.com/watch?v=vOt2u7WcV9A","","","2026-09-30","","","官方原投稿待核实","链接未收录不等于没有官方投稿"
"youtube:SulrbQm2xLo","転生したら可愛かった","HoneyWorks","可不","2023-08-18","","https://www.youtube.com/watch?v=SulrbQm2xLo","","","2026-09-30","","","官方原投稿待核实","链接未收录不等于没有官方投稿"
"youtube:TZlIBKfEB6M","Supernova","雄之助 × 春野","初音未来","2024-06-20","","https://www.youtube.com/watch?v=TZlIBKfEB6M","","","2026-09-30","","","官方原投稿待核实","链接未收录不等于没有官方投稿"
"youtube:Kg6zY8NKZUw","Crocodile Skin","Cepheid","GUMI","2016-06-25","","https://www.youtube.com/watch?v=Kg6zY8NKZUw","","","2026-09-30","","","官方原投稿待核实","链接未收录不等于没有官方投稿"
"youtube:bwMGqyTmoro","アンテナ","匹诺曹P","初音未来","2021-02-18","","https://www.youtube.com/watch?v=bwMGqyTmoro","","","2026-09-30","","","官方原投稿待核实","链接未收录不等于没有官方投稿"
"youtube:tjL4KK2RWgQ","CRASH THE PARTY","KIRA /","初音未来|GUMI|重音 Teto","2026-04-17","","https://www.youtube.com/watch?v=tjL4KK2RWgQ","","","2026-09-30","","","官方原投稿待核实","链接未收录不等于没有官方投稿"
"nico:sm33645844","レンアイゲーム","ひとしずく×やま△","镜音连","2018-08-06","https://www.nicovideo.jp/watch/sm33645844","https://www.youtube.com/watch?v=BygXXiKLnv4","0","","2026-09-30","0","","已汇总第1–930期","链接未收录不等于没有官方投稿"
"nico:sm22777981","Anti the EuphoriaHOLiC","cosMo＠暴走P","镜音铃|IA","2014-01-30","https://www.nicovideo.jp/watch/sm22777981","https://www.youtube.com/watch?v=o-TYHP3xYns","0","","2026-09-30","2","12","已汇总第1–930期","链接未收录不等于没有官方投稿"
"youtube:25061a4jMWI","プルーヴェ","Chinozo","flower","2022-10-12","https://www.nicovideo.jp/watch/sm41217613","https://www.youtube.com/watch?v=25061a4jMWI","0","","2026-09-30","0","","已汇总第1–930期","链接未收录不等于没有官方投稿"
"youtube:O8hiZeT1MdY","グリッチヒーロー","ルシノ","初音未来","2021-10-14","https://www.nicovideo.jp/watch/sm39478205","https://www.youtube.com/watch?v=O8hiZeT1MdY","0","","2026-09-30","0","","已汇总第1–930期","链接未收录不等于没有官方投稿"
"youtube:NiIVTXTuQug","Twinkle World","八王子P","初音未来","2014-08-11","","https://www.youtube.com/watch?v=NiIVTXTuQug","","","2026-09-30","","","官方原投稿待核实","链接未收录不等于没有官方投稿"
"youtube:aDJwK3G72Po","社会距離","40mP","可不","2021-05-05","","https://www.youtube.com/watch?v=aDJwK3G72Po","","","2026-09-30","","","官方原投稿待核实","链接未收录不等于没有官方投稿"
"youtube:veA5r_VhklA","Two of a Kind","GHOST","音街 Una","2017-02-05","","https://www.youtube.com/watch?v=veA5r_VhklA","","","2026-09-30","","","官方原投稿待核实","链接未收录不等于没有官方投稿"
"youtube:_J5W4Vdlbto","ワンオポ - 成敗いたAAAAAす！","じーざす / Jizasu-P","镜音连","2024-07-15","","https://www.youtube.com/watch?v=_J5W4Vdlbto","","","2026-09-30","","","官方原投稿待核实","链接未收录不等于没有官方投稿"
"youtube:P8aUNilN7JQ","スピークイージー","wotaku","初音未来","2021-01-02","https://www.nicovideo.jp/watch/sm38060167","https://www.youtube.com/watch?v=P8aUNilN7JQ","0","","2026-09-30","2","6","已汇总第1–930期","链接未收录不等于没有官方投稿"
"youtube:qYjvgYYlwSY","Games","KIRA","GUMI","2018-03-02","","https://www.youtube.com/watch?v=qYjvgYYlwSY","","","2026-09-30","","","官方原投稿待核实","链接未收录不等于没有官方投稿"
"youtube:ZHIqsevKgbg","魔法旋律","HoneyWorks","心华","2015-02-06","","https://www.youtube.com/watch?v=ZHIqsevKgbg","","","2026-09-30","","","官方原投稿待核实","链接未收录不等于没有官方投稿"
"youtube:m8O4nV4LOxk","醜い生き物","HoneyWorks","flower","2021-02-05","","https://www.youtube.com/watch?v=m8O4nV4LOxk","","","2026-09-30","","","官方原投稿待核实","链接未收录不等于没有官方投稿"
"youtube:PFjBXaTSpRg","キングスレイヤー","マイキ","初音未来","2023-08-28","","https://www.youtube.com/watch?v=PFjBXaTSpRg","","","2026-09-30","","","官方原投稿待核实","链接未收录不等于没有官方投稿"
"youtube:AO81V78Dtwo","tig-hug","sasakure.UK","GUMI","2014-10-14","https://www.nicovideo.jp/watch/sm24691229","https://www.youtube.com/watch?v=AO81V78Dtwo","0","","2026-09-30","2","2","已汇总第1–930期","链接未收录不等于没有官方投稿"
"youtube:Mrt5P97hZvc","∞(2018Remake)","cosMo＠暴走P","初音未来","2018-05-05","","https://www.youtube.com/watch?v=Mrt5P97hZvc","","","2026-09-30","","","官方原投稿待核实","链接未收录不等于没有官方投稿"
"youtube:IZARN0Zwerw","FPS","Neru","镜音连","2015-08-13","https://www.nicovideo.jp/watch/sm26923209","https://www.youtube.com/watch?v=IZARN0Zwerw","0","","2026-09-30","4","3","已汇总第1–930期","链接未收录不等于没有官方投稿"
"youtube:NjBsRfmdYaM","FALSE DISPOSITION","Ferry","flower","2019-03-13","","https://www.youtube.com/watch?v=NjBsRfmdYaM","","","2026-09-30","","","官方原投稿待核实","链接未收录不等于没有官方投稿"
"youtube:MLE6Fvg7ci0","ナイトルール","煮ル果実","可不","2020-12-25","https://www.nicovideo.jp/watch/sm38006740","https://www.youtube.com/watch?v=MLE6Fvg7ci0","0","","2026-09-30","1","4","已汇总第1–930期","链接未收录不等于没有官方投稿"
"youtube:OiB5U_206Xw","キミがまた歌いたくなる頃に。","HoneyWorks","GUMI","2013-12-02","https://www.nicovideo.jp/watch/sm22377566","https://www.youtube.com/watch?v=OiB5U_206Xw","0","","2026-09-30","2","4","已汇总第1–930期","链接未收录不等于没有官方投稿"
"youtube:wHCJFQQFbPM","ウィーニーウォーカー … GUMI｜Weenywalker","youまん","GUMI","2019-07-26","","https://www.youtube.com/watch?v=wHCJFQQFbPM","","","2026-09-30","","","官方原投稿待核实","链接未收录不等于没有官方投稿"
"youtube:7EJV3mIqHK8","テスラは夢の中 / tesla wa yumenonaka","TOKOTOKO","初音未来","2017-04-26","","https://www.youtube.com/watch?v=7EJV3mIqHK8","","","2026-09-30","","","官方原投稿待核实","链接未收录不等于没有官方投稿"
"youtube:iiJJ3LJEje8","Nightscape/R Sound Design","R Sound Design","初音未来","2019-04-23","","https://www.youtube.com/watch?v=iiJJ3LJEje8","","","2026-09-30","","","官方原投稿待核实","链接未收录不等于没有官方投稿"
"youtube:62Lm5VbOL_k","好きだった人に似てる後輩","HoneyWorks","flower","2022-05-26","https://www.nicovideo.jp/watch/sm40523625","https://www.youtube.com/watch?v=62Lm5VbOL_k","0","","2026-09-30","0","","已汇总第1–930期","链接未收录不等于没有官方投稿"
"youtube:cf88EOY6Cp8","Carbon","Dasu","镜音连","2018-08-30","","https://www.youtube.com/watch?v=cf88EOY6Cp8","","","2026-09-30","","","官方原投稿待核实","链接未收录不等于没有官方投稿"
"youtube:90ue3buf9Tw","魔天楼","煮ル果実","flower","2023-08-05","https://www.nicovideo.jp/watch/sm42576824","https://www.youtube.com/watch?v=90ue3buf9Tw","0","","2026-09-30","0","","已汇总第1–930期","链接未收录不等于没有官方投稿"
"youtube:kzx7TO7vREM","アンチテーゼ貴様","syudou","初音未来","2015-03-01","https://www.nicovideo.jp/watch/sm25690264","https://www.youtube.com/watch?v=kzx7TO7vREM","0","","2026-09-30","0","","已汇总第1–930期","链接未收录不等于没有官方投稿"
"youtube:3NWuC2UF0u0","ツクリカケノ心象","稻叶昙","歌爱雪","2016-11-26","https://www.nicovideo.jp/watch/sm30117882","https://www.youtube.com/watch?v=3NWuC2UF0u0","0","","2026-09-30","1","29","已汇总第1–930期","链接未收录不等于没有官方投稿"
"youtube:qjJ92yM-2QY","カルディア","ユリイ・カノン","GUMI","2023-03-08","https://www.nicovideo.jp/watch/sm41900182","https://www.youtube.com/watch?v=qjJ92yM-2QY","0","","2026-09-30","1","4","已汇总第1–930期","链接未收录不等于没有官方投稿"
"youtube:USoPV_a4q1o","あしゅらしゅら","ユリイ・カノン","GUMI","2020-06-26","https://www.nicovideo.jp/watch/sm37092723","https://www.youtube.com/watch?v=USoPV_a4q1o","0","","2026-09-30","2","7","已汇总第1–930期","链接未收录不等于没有官方投稿"
"youtube:9sYLhvRmyU8","男の子のために可愛いわけじゃない！","HoneyWorks","可不","2023-04-19","","https://www.youtube.com/watch?v=9sYLhvRmyU8","","","2026-09-30","","","官方原投稿待核实","链接未收录不等于没有官方投稿"
"youtube:JoGjfkJ8_UM","Ice breaker","ねじ式","IA|结月缘","2019-07-02","","https://www.youtube.com/watch?v=JoGjfkJ8_UM","","","2026-09-30","","","官方原投稿待核实","链接未收录不等于没有官方投稿"
"youtube:gX_EUiEdur8","デロデロデロデ","cosMo＠暴走P","初音未来","2025-01-31","https://www.nicovideo.jp/watch/sm44597642","https://www.youtube.com/watch?v=gX_EUiEdur8","0","","2026-09-30","1","10","已汇总第1–930期","链接未收录不等于没有官方投稿"
"youtube:vNhvnj33foU","Fondant Step","Heavenz","初音未来","2021-01-26","","https://www.youtube.com/watch?v=vNhvnj33foU","","","2026-09-30","","","官方原投稿待核实","链接未收录不等于没有官方投稿"
"youtube:h-HMdNsCFus","ひみつのユーフォー","ナユタン星人","可不","2021-08-18","https://www.nicovideo.jp/watch/sm40324802","https://www.youtube.com/watch?v=h-HMdNsCFus","0","","2026-09-30","0","","已汇总第1–930期","链接未收录不等于没有官方投稿"
"youtube:6yRl1tQ6y4U","ラッシャイナ","柊マグネタイト","可不","2022-10-31","https://www.nicovideo.jp/watch/sm41309018","https://www.youtube.com/watch?v=6yRl1tQ6y4U","0","","2026-09-30","1","3","已汇总第1–930期","链接未收录不等于没有官方投稿"
"youtube:r_3JPHPhllQ","狼煙","john","初音未来","2019-10-31","https://www.nicovideo.jp/watch/sm35890136","https://www.youtube.com/watch?v=r_3JPHPhllQ","0","","2026-09-30","0","","已汇总第1–930期","链接未收录不等于没有官方投稿"
"youtube:3d_kACCKFRc","前ノハナシ (来都来了)","原口沙輔","初音未来|重音 Teto","2025-02-20","https://www.nicovideo.jp/watch/sm44672250","https://www.youtube.com/watch?v=3d_kACCKFRc","0","","2026-09-30","0","","已汇总第1–930期","链接未收录不等于没有官方投稿"
"youtube:3VA8u8UDaCw","パイライト・ガール","RIProducer","镜音铃","2021-08-11","","https://www.youtube.com/watch?v=3VA8u8UDaCw","","","2026-09-30","","","官方原投稿待核实","链接未收录不等于没有官方投稿"
"youtube:Jpc7RqkkBwg","アイソワライ","かいりきベア","初音未来","2015-02-20","https://www.nicovideo.jp/watch/sm25611546","https://www.youtube.com/watch?v=Jpc7RqkkBwg","0","","2026-09-30","2","2","已汇总第1–930期","链接未收录不等于没有官方投稿"
"youtube:6DBLeD9OU9Y","I know 愛脳.","吉田夜世","初音未来","2024-01-30","https://www.nicovideo.jp/watch/sm43332544","https://www.youtube.com/watch?v=6DBLeD9OU9Y","0","","2026-09-30","1","10","已汇总第1–930期","链接未收录不等于没有官方投稿"
"youtube:WOSssxkXF-o","火曜日はチューデイ","HoneyWorks","flower","2022-07-30","https://www.nicovideo.jp/watch/sm40844561","https://www.youtube.com/watch?v=WOSssxkXF-o","0","","2026-09-30","0","","已汇总第1–930期","链接未收录不等于没有官方投稿"
"youtube:0MKomCQ_KSA","Datte","ゆよゆっぺ","夏色花梨","2022-04-11","https://www.nicovideo.jp/watch/sm40304599","https://www.youtube.com/watch?v=0MKomCQ_KSA","0","","2026-09-30","0","","已汇总第1–930期","链接未收录不等于没有官方投稿"
"youtube:vyfNM-tIfiw","ナミダ電波","稻叶昙","歌爱雪","2016-05-28","https://www.nicovideo.jp/watch/sm28936182","https://www.youtube.com/watch?v=vyfNM-tIfiw","0","","2026-09-30","0","","已汇总第1–930期","链接未收录不等于没有官方投稿"
"youtube:e5ZiC66Kt50","アイタイナシーカー","DECO*27","初音未来","2017-08-29","","https://www.youtube.com/watch?v=e5ZiC66Kt50","","","2026-09-30","","","官方原投稿待核实","链接未收录不等于没有官方投稿"
"youtube:4mowcXh1rPU","Unrequited Love and He Who Sleeps Beneath","Steampianist","GUMI","2020-02-14","","https://www.youtube.com/watch?v=4mowcXh1rPU","","","2026-09-30","","","官方原投稿待核实","链接未收录不等于没有官方投稿"
"nico:sm24994325","まさに・・・まさに・・・女神サマ！！","UtataP","初音未来","2014-11-26","https://www.nicovideo.jp/watch/sm24994325","https://www.youtube.com/watch?v=7k85KoUrsMw","0","","2026-09-30","2","4","已汇总第1–930期","链接未收录不等于没有官方投稿"
"youtube:hcjyRnPbCWc","Boi","ポリスピカデリー","可不","2022-04-23","","https://www.youtube.com/watch?v=hcjyRnPbCWc","","","2026-09-30","","","官方原投稿待核实","链接未收录不等于没有官方投稿"
"youtube:qkQFRqfnfkY","ライムライト FULL HD","栗山夕璃","初音未来|GUMI","2017-11-18","","https://www.youtube.com/watch?v=qkQFRqfnfkY","","","2026-09-30","","","官方原投稿待核实","链接未收录不等于没有官方投稿"
"youtube:CcILr3E7T_8","さよならテンダー","koyori(電ポルP)","初音未来","2019-02-21","https://www.nicovideo.jp/watch/sm34668262","https://www.youtube.com/watch?v=CcILr3E7T_8","0","","2026-09-30","0","","已汇总第1–930期","链接未收录不等于没有官方投稿"
"youtube:iB_V8mAa6Mw","ファントム","wotaku","初音未来","2020-06-26","https://www.nicovideo.jp/watch/sm37055741","https://www.youtube.com/watch?v=iB_V8mAa6Mw","0","","2026-09-30","0","","已汇总第1–930期","链接未收录不等于没有官方投稿"
"youtube:QAbwPeAYf_o","チームメイト","HoneyWorks","初音未来","2023-06-28","https://www.nicovideo.jp/watch/sm42412043","https://www.youtube.com/watch?v=QAbwPeAYf_o","0","","2026-09-30","0","","已汇总第1–930期","链接未收录不等于没有官方投稿"
"youtube:mkP5Myd-YZU","めめしぃ","すりぃ","可不","2021-05-19","https://www.nicovideo.jp/watch/sm38758855","https://www.youtube.com/watch?v=mkP5Myd-YZU","0","","2026-09-30","0","","已汇总第1–930期","链接未收录不等于没有官方投稿"
"youtube:DAe5AP6xEvs","ポジティヴ・ハラスメント！！！ - 和田たけあき / POSITIVE HARRASSMENT!!! - WADATAKEAKI","和田たけあき(くらげP)","音街 Una","2018-06-08","","https://www.youtube.com/watch?v=DAe5AP6xEvs","","","2026-09-30","","","官方原投稿待核实","链接未收录不等于没有官方投稿"
"youtube:9x7t1s4xMw4","アイペース","稻叶昙","歌爱雪","2024-12-04","https://www.nicovideo.jp/watch/sm44388570","https://www.youtube.com/watch?v=9x7t1s4xMw4","0","","2026-09-30","1","4","已汇总第1–930期","链接未收录不等于没有官方投稿"
"youtube:FCEVv71bOMs","畢生よ","カンザキイオリ","初音未来","2020-08-22","","https://www.youtube.com/watch?v=FCEVv71bOMs","","","2026-09-30","","","官方原投稿待核实","链接未收录不等于没有官方投稿"
"youtube:UgXJBoqbC78","或世界消失","柊マグネタイト","初音未来","2020-09-03","https://www.nicovideo.jp/watch/sm37462050","https://www.youtube.com/watch?v=UgXJBoqbC78","0","","2026-09-30","0","","已汇总第1–930期","链接未收录不等于没有官方投稿"
"youtube:RL7g862A9n4","ダークロムシンカー","DIVELA","初音未来","2019-09-27","https://www.nicovideo.jp/watch/sm35734361","https://www.youtube.com/watch?v=RL7g862A9n4","0","","2026-09-30","1","7","已汇总第1–930期","链接未收录不等于没有官方投稿"
"youtube:vOyl7a9zAG0","BLINDNESS","編曲 : john","初音未来","2023-09-10","","https://www.youtube.com/watch?v=vOyl7a9zAG0","","","2026-09-30","","","官方原投稿待核实","链接未收录不等于没有官方投稿"
"youtube:Kobrtyw97kU","Beautiful Nightmare","八王子P","巡音流歌","2016-05-20","","https://www.youtube.com/watch?v=Kobrtyw97kU","","","2026-09-30","","","官方原投稿待核实","链接未收录不等于没有官方投稿"
"youtube:gG3hOMn2zas","Postscript","Orangestar","初音未来","2024-07-27","","https://www.youtube.com/watch?v=gG3hOMn2zas","","","2026-09-30","","","官方原投稿待核实","链接未收录不等于没有官方投稿"
"youtube:VFjhvH1e2G0","Blood","Azari","flower","2024-10-31","","https://www.youtube.com/watch?v=VFjhvH1e2G0","","","2026-09-30","","","官方原投稿待核实","链接未收录不等于没有官方投稿"
"youtube:J0QUvHnDfGY","和音","Chinozo","flower","2022-01-12","","https://www.youtube.com/watch?v=J0QUvHnDfGY","","","2026-09-30","","","官方原投稿待核实","链接未收录不等于没有官方投稿"
"nico:sm20686131","てんごくとじごく","ひとしずく×やま△","镜音铃|镜音连","2013-04-24","https://www.nicovideo.jp/watch/sm20686131","https://www.youtube.com/watch?v=iZLdx0_04Bs","0","","2026-09-30","1","4","已汇总第1–930期","链接未收录不等于没有官方投稿"
"youtube:l2JKO8sPPsU","タクシィ","Chinozo","可不","2024-02-21","https://www.nicovideo.jp/watch/sm43424722","https://www.youtube.com/watch?v=l2JKO8sPPsU","0","","2026-09-30","0","","已汇总第1–930期","链接未收录不等于没有官方投稿"
"youtube:wKkibRTVOT0","バイメーバイメー","マイキ","初音未来","2021-10-15","","https://www.youtube.com/watch?v=wKkibRTVOT0","","","2026-09-30","","","官方原投稿待核实","链接未收录不等于没有官方投稿"
"youtube:VugF2iaOvEU","地獄に落ちる","カンザキイオリ","可不","2022-01-23","","https://www.youtube.com/watch?v=VugF2iaOvEU","","","2026-09-30","","","官方原投稿待核实","链接未收录不等于没有官方投稿"
"youtube:ob9EiRmAX-c","Lindenbaum","wotaku","花隈千冬","2025-06-06","https://www.nicovideo.jp/watch/sm45058578","https://www.youtube.com/watch?v=ob9EiRmAX-c","0","","2026-09-30","0","","已汇总第1–930期","链接未收录不等于没有官方投稿"
"youtube:tsYOZj9qOHQ","ラッキー☆オーブ","emon","初音未来","2018-12-14","","https://www.youtube.com/watch?v=tsYOZj9qOHQ","","","2026-09-30","","","官方原投稿待核实","链接未收录不等于没有官方投稿"
"youtube:VuBcakZSkv4","音楽なんてわからない","カンザキイオリ","初音未来","2019-04-17","https://www.nicovideo.jp/watch/sm34984830","https://www.youtube.com/watch?v=VuBcakZSkv4","0","","2026-09-30","0","","已汇总第1–930期","链接未收录不等于没有官方投稿"
"youtube:7gmGYDxlg20","Six Feet Under","Vane Lily","SOLARIA","2022-04-12","","https://www.youtube.com/watch?v=7gmGYDxlg20","","","2026-09-30","","","官方原投稿待核实","链接未收录不等于没有官方投稿"
"youtube:ThwPEdU7PCQ","初音ミクの分裂→破壊(2018Remake)","cosMo＠暴走P","初音未来","2018-07-07","","https://www.youtube.com/watch?v=ThwPEdU7PCQ","","","2026-09-30","","","官方原投稿待核实","链接未收录不等于没有官方投稿"
"youtube:3HkPWgfB5hg","弱者の宣言","HoneyWorks","GUMI","2017-07-14","","https://www.youtube.com/watch?v=3HkPWgfB5hg","","","2026-09-30","","","官方原投稿待核实","链接未收录不等于没有官方投稿"
"youtube:ouveKXQgZBY","ラブ＠ライアー","HoneyWorks","GUMI","2013-08-08","https://www.nicovideo.jp/watch/sm21543205","https://www.youtube.com/watch?v=ouveKXQgZBY","0","","2026-09-30","1","13","已汇总第1–930期","链接未收录不等于没有官方投稿"
"youtube:Nluo1sJkHHs","STRIKE 3","Ferry","flower","2019-12-09","","https://www.youtube.com/watch?v=Nluo1sJkHHs","","","2026-09-30","","","官方原投稿待核实","链接未收录不等于没有官方投稿"
"youtube:z1PqHoK4E4A","疾風忍殺わらにんじゃ　♪初音ミク","ぺぽよ","初音未来","2021-09-03","","https://www.youtube.com/watch?v=z1PqHoK4E4A","","","2026-09-30","","","官方原投稿待核实","链接未收录不等于没有官方投稿"
"youtube:p_FAIIuBXl8","空想しょうもない日々","匹诺曹P","初音未来","2015-07-17","","https://www.youtube.com/watch?v=p_FAIIuBXl8","","","2026-09-30","","","官方原投稿待核实","链接未收录不等于没有官方投稿"
"youtube:MZvTr20tkro","うつしあそび","稻叶昙","歌爱雪","2017-04-25","https://www.nicovideo.jp/watch/sm31093977","https://www.youtube.com/watch?v=MZvTr20tkro","0","","2026-09-30","2","4","已汇总第1–930期","链接未收录不等于没有官方投稿"
"nico:sm24502807","十六夜シーイング","Last Note．","GUMI","2014-09-19","https://www.nicovideo.jp/watch/sm24502807","https://www.youtube.com/watch?v=I0kUTJ4h4Ig","0","","2026-09-30","3","1","已汇总第1–930期","链接未收录不等于没有官方投稿"
"youtube:fBLkfdQsXLw","カタストロフ（Catastrophe）","Dios/シグナルP","初音未来|KAITO","2019-04-22","","https://www.youtube.com/watch?v=fBLkfdQsXLw","","","2026-09-30","","","官方原投稿待核实","链接未收录不等于没有官方投稿"
"youtube:Pn8xZq-CJjQ","カラフルボイス","cosMo＠暴走P","初音未来|GUMI","2019-06-29","https://www.nicovideo.jp/watch/sm35330351","https://www.youtube.com/watch?v=Pn8xZq-CJjQ","0","","2026-09-30","0","","已汇总第1–930期","链接未收录不等于没有官方投稿"
"youtube:85H4-0DoC9M","SeventH-HeaveN 2020-2021ver","sasakure.UK","初音未来","2020-12-31","https://www.nicovideo.jp/watch/sm38049354","https://www.youtube.com/watch?v=85H4-0DoC9M","0","","2026-09-30","2","2","已汇总第1–930期","链接未收录不等于没有官方投稿"
"youtube:9kRa_S1G4Ok","ビューティフルなフィクション","匹诺曹P","初音未来","2018-11-20","","https://www.youtube.com/watch?v=9kRa_S1G4Ok","","","2026-09-30","","","官方原投稿待核实","链接未收录不等于没有官方投稿"
"youtube:vzBVlYWPN7Q","ベロニカ","ユリイ・カノン","初音未来","2016-12-23","","https://www.youtube.com/watch?v=vzBVlYWPN7Q","","","2026-09-30","","","官方原投稿待核实","链接未收录不等于没有官方投稿"
"nico:sm29291647","夕染","バルーン　　『twitter』","flower","2016-07-21","https://www.nicovideo.jp/watch/sm29291647","https://www.youtube.com/watch?v=_LMXmzdyaEw","0","","2026-09-30","2","10","已汇总第1–930期","链接未收录不等于没有官方投稿"
"youtube:St7slZIVRHk","推し変なんて許さない！","HoneyWorks","可不","2022-05-02","","https://www.youtube.com/watch?v=St7slZIVRHk","","","2026-09-30","","","官方原投稿待核实","链接未收录不等于没有官方投稿"
"youtube:5LvJ3DTGEkY","フィアンセ","HoneyWorks","初音未来|GUMI","2019-02-19","","https://www.youtube.com/watch?v=5LvJ3DTGEkY","","","2026-09-30","","","官方原投稿待核实","链接未收录不等于没有官方投稿"
"youtube:Y3ySiI03cv0","Pathos","雄之助/Yunosuke","初音未来","2016-05-31","","https://www.youtube.com/watch?v=Y3ySiI03cv0","","","2026-09-30","","","官方原投稿待核实","链接未收录不等于没有官方投稿"
"youtube:3AC16_0Zo9A","必要不可欠","HoneyWorks","初音未来|GUMI","2017-12-10","","https://www.youtube.com/watch?v=3AC16_0Zo9A","","","2026-09-30","","","官方原投稿待核实","链接未收录不等于没有官方投稿"
"youtube:ZlyQu4LGyxo","Patchwork Eden","sasakure.UK","GUMI","2013-06-05","","https://www.youtube.com/watch?v=ZlyQu4LGyxo","","","2026-09-30","","","官方原投稿待核实","链接未收录不等于没有官方投稿"
"youtube:NXpbQldKKxA","アンビバレンス","すりぃ","初音未来","2021-06-18","https://www.nicovideo.jp/watch/sm38893825","https://www.youtube.com/watch?v=NXpbQldKKxA","0","","2026-09-30","1","7","已汇总第1–930期","链接未收录不等于没有官方投稿"
"youtube:Z7OQL1hQ5WY","花溺れ","shikisai","初音未来","2024-03-28","https://www.nicovideo.jp/watch/sm43583305","https://www.youtube.com/watch?v=Z7OQL1hQ5WY","0","","2026-09-30","0","","已汇总第1–930期","链接未收录不等于没有官方投稿"
"youtube:txRCM_YHmH8","Parties Are for Losers","Ferry","结月缘","2019-01-23","","https://www.youtube.com/watch?v=txRCM_YHmH8","","","2026-09-30","","","官方原投稿待核实","链接未收录不等于没有官方投稿"
"youtube:hiN2gLLTX84","DEATHBODY","GHOST","ASTERIAN","2023-02-09","","https://www.youtube.com/watch?v=hiN2gLLTX84","","","2026-09-30","","","官方原投稿待核实","链接未收录不等于没有官方投稿"
"youtube:AENjIA-j7yo","Tomorrow","八王子P","初音未来","2016-04-01","","https://www.youtube.com/watch?v=AENjIA-j7yo","","","2026-09-30","","","官方原投稿待核实","链接未收录不等于没有官方投稿"
"youtube:dQwZdkNKzWo","I will die tomorrow","ユリイ・カノン","初音未来","2017-05-07","","https://www.youtube.com/watch?v=dQwZdkNKzWo","","","2026-09-30","","","官方原投稿待核实","链接未收录不等于没有官方投稿"
"youtube:A_zZ4SY0kp0","第三次プリン戦争","HoneyWorks","初音未来|GUMI","2014-01-22","https://www.nicovideo.jp/watch/sm22719009","https://www.youtube.com/watch?v=A_zZ4SY0kp0","0","","2026-09-30","2","2","已汇总第1–930期","链接未收录不等于没有官方投稿"
"youtube:cm2Xz8WKf-4","人間なんか大嫌い+","匹诺曹P","初音未来","2019-09-19","","https://www.youtube.com/watch?v=cm2Xz8WKf-4","","","2026-09-30","","","官方原投稿待核实","链接未收录不等于没有官方投稿"
"youtube:L12K7BGVXws","ジェットブラック","雄之助","初音未来","2025-09-08","https://www.nicovideo.jp/watch/sm45376681","https://www.youtube.com/watch?v=L12K7BGVXws","0","","2026-09-30","1","8","已汇总第1–930期","链接未收录不等于没有官方投稿"
"youtube:n7oTl4dDt6M","神様からのアンケート","れるりり","初音未来|镜音铃","2018-04-23","https://www.nicovideo.jp/watch/sm33097065","https://www.youtube.com/watch?v=n7oTl4dDt6M","0","","2026-09-30","2","3","已汇总第1–930期","链接未收录不等于没有官方投稿"
"youtube:FDd3m_Tr0m0","祭りだヘイカモン","匹诺曹P","初音未来","2015-08-26","","https://www.youtube.com/watch?v=FDd3m_Tr0m0","","","2026-09-30","","","官方原投稿待核实","链接未收录不等于没有官方投稿"
"youtube:OFCc0_dlExc","雨音ノイズ  The Noise of rain","40mP","初音未来","2015-01-05","","https://www.youtube.com/watch?v=OFCc0_dlExc","","","2026-09-30","","","官方原投稿待核实","链接未收录不等于没有官方投稿"
"youtube:Egs4OcbEJZs","アサルトラブ","syudou","初音未来","2020-12-05","","https://www.youtube.com/watch?v=Egs4OcbEJZs","","","2026-09-30","","","官方原投稿待核实","链接未收录不等于没有官方投稿"
"youtube:7eFkQpduUzw","わいふぁい暴想ボーイ- れるりり","れるりり","镜音连|Fukase","2018-11-01","","https://www.youtube.com/watch?v=7eFkQpduUzw","","","2026-09-30","","","官方原投稿待核实","链接未收录不等于没有官方投稿"
"youtube:oAoGZyAQ3yo","ロリババアに恋をした","HoneyWorks","初音未来","2010-08-10","https://www.nicovideo.jp/watch/sm11704749","https://www.youtube.com/watch?v=oAoGZyAQ3yo","0","","2026-09-30","0","","已汇总第1–930期","链接未收录不等于没有官方投稿"
"youtube:XQosliamOfo","I seek you","雄之助/Yunosuke","初音未来","2017-05-17","https://www.nicovideo.jp/watch/sm31227535","https://www.youtube.com/watch?v=XQosliamOfo","0","","2026-09-30","1","12","已汇总第1–930期","链接未收录不等于没有官方投稿"
"youtube:bMkQnpo_Ifg","Music Like Magic!","OSTER_project","初音未来","2018-10-13","","https://www.youtube.com/watch?v=bMkQnpo_Ifg","","","2026-09-30","","","官方原投稿待核实","链接未收录不等于没有官方投稿"
"youtube:gz_hUjcj1ww","セパレイト - ポリスピカデリー","Police Piccadilly","初音未来","2018-08-21","","https://www.youtube.com/watch?v=gz_hUjcj1ww","","","2026-09-30","","","官方原投稿待核实","链接未收录不等于没有官方投稿"
"youtube:GRc_Vz6kEjc","Sharing The World by BIGHEAD","BIGHEAD","初音未来","2014-08-25","","https://www.youtube.com/watch?v=GRc_Vz6kEjc","","","2026-09-30","","","官方原投稿待核实","链接未收录不等于没有官方投稿"
"youtube:sXc204xHj8g","秘密音楽","稻叶昙","歌爱雪","2016-02-22","https://www.nicovideo.jp/watch/sm28276659","https://www.youtube.com/watch?v=sXc204xHj8g","0","","2026-09-30","1","18","已汇总第1–930期","链接未收录不等于没有官方投稿"
"youtube:yVOLnSHOes4","ピニャコラーダ","ねじ式","IA|结月缘","2017-09-26","","https://www.youtube.com/watch?v=yVOLnSHOes4","","","2026-09-30","","","官方原投稿待核实","链接未收录不等于没有官方投稿"
"youtube:8T219BrhIQU","HERO","Chinozo","flower","2021-12-29","","https://www.youtube.com/watch?v=8T219BrhIQU","","","2026-09-30","","","官方原投稿待核实","链接未收录不等于没有官方投稿"
"youtube:dmA_M1xxo9E","ムーンガイズ","煮ル果実","初音未来","2024-09-27","https://www.nicovideo.jp/watch/sm44143141","https://www.youtube.com/watch?v=dmA_M1xxo9E","0","","2026-09-30","1","9","已汇总第1–930期","链接未收录不等于没有官方投稿"
"youtube:WqHVaG0GzEE","オペ","栗山夕璃","flower","2019-11-03","https://www.nicovideo.jp/watch/sm35902611","https://www.youtube.com/watch?v=WqHVaG0GzEE","0","","2026-09-30","1","1","已汇总第1–930期","链接未收录不等于没有官方投稿"
"youtube:WN1JLSo3LLw","Hello, Again","CircusP","初音未来","2018-08-31","","https://www.youtube.com/watch?v=WN1JLSo3LLw","","","2026-09-30","","","官方原投稿待核实","链接未收录不等于没有官方投稿"
"youtube:E_QIHfhA1nw","カグヤ","Kai","初音未来","2022-06-15","https://www.nicovideo.jp/watch/sm40611858","https://www.youtube.com/watch?v=E_QIHfhA1nw","0","","2026-09-30","0","","已汇总第1–930期","链接未收录不等于没有官方投稿"
"youtube:BhFgJMxy0PI","Maサバイバル","mothy(悪ノＰ)","巡音流歌|Lily|miki|猫村 Iroha","2016-05-04","","https://www.youtube.com/watch?v=BhFgJMxy0PI","","","2026-09-30","","","官方原投稿待核实","链接未收录不等于没有官方投稿"
"youtube:fM_7Altk-yw","Colours Fading","Cepheid","GUMI","2015-11-08","","https://www.youtube.com/watch?v=fM_7Altk-yw","","","2026-09-30","","","官方原投稿待核实","链接未收录不等于没有官方投稿"
"youtube:HHmi-KHImb0","officialマジカル☆リンちゃんなう！SSs","ガルナ","初音未来|巡音流歌","2016-07-18","","https://www.youtube.com/watch?v=HHmi-KHImb0","","","2026-09-30","","","官方原投稿待核实","链接未收录不等于没有官方投稿"
"youtube:5qunwwaPvN8","ブランディングができない","Chinozo","可不","2024-12-15","https://www.nicovideo.jp/watch/sm44423841","https://www.youtube.com/watch?v=5qunwwaPvN8","0","","2026-09-30","0","","已汇总第1–930期","链接未收录不等于没有官方投稿"
"youtube:qXkkhP0d_iM","秋の未確認生物(long ver) / 音街ウナㅤ","子牛さん","音街 Una","2021-09-23","","https://www.youtube.com/watch?v=qXkkhP0d_iM","","","2026-09-30","","","官方原投稿待核实","链接未收录不等于没有官方投稿"
"youtube:AIAPpiz8ihc","一発即答☆解ガール れるりり","れるりり","初音未来|GUMI","2017-02-10","","https://www.youtube.com/watch?v=AIAPpiz8ihc","","","2026-09-30","","","官方原投稿待核实","链接未收录不等于没有官方投稿"
"youtube:79LwIdheZts","""エゴ""","sasakure.UK","初音未来","2019-12-28","https://www.nicovideo.jp/watch/sm36149428","https://www.youtube.com/watch?v=79LwIdheZts","0","","2026-09-30","2","2","已汇总第1–930期","链接未收录不等于没有官方投稿"
"youtube:Rde9AX4THbs","ペタペタ","Chinozo","flower","2022-03-30","https://www.nicovideo.jp/watch/sm40239376","https://www.youtube.com/watch?v=Rde9AX4THbs","0","","2026-09-30","0","","已汇总第1–930期","链接未收录不等于没有官方投稿"
"youtube:SmlKCN6jIhI","リペイント","HoneyWorks","初音未来|GUMI","2018-06-01","","https://www.youtube.com/watch?v=SmlKCN6jIhI","","","2026-09-30","","","官方原投稿待核实","链接未收录不等于没有官方投稿"
"youtube:ppGQlM0ynqQ","世界で一番好きな名前","HoneyWorks","flower","2021-07-16","","https://www.youtube.com/watch?v=ppGQlM0ynqQ","","","2026-09-30","","","官方原投稿待核实","链接未收录不等于没有官方投稿"
"youtube:mNq4xWsRsT0","""ファンタズマ""","sasakure.UK","初音未来","2023-08-02","https://www.nicovideo.jp/watch/sm42561260","https://www.youtube.com/watch?v=mNq4xWsRsT0","0","","2026-09-30","0","","已汇总第1–930期","链接未收录不等于没有官方投稿"
"youtube:VudoIo9i_w4","MIKU EXPO 2023 VRimaginary love story by Synthion","Synthion","初音未来","2023-05-17","","https://www.youtube.com/watch?v=VudoIo9i_w4","","","2026-09-30","","","官方原投稿待核实","链接未收录不等于没有官方投稿"
"youtube:3rN0hgnuKig","死について","シャノン","GUMI","2018-07-19","https://www.nicovideo.jp/watch/sm33551680","https://www.youtube.com/watch?v=3rN0hgnuKig","0","","2026-09-30","1","17","已汇总第1–930期","链接未收录不等于没有官方投稿"
"youtube:wRoA3VuDK4c","天樂 / ゆうゆ","ゆうゆP","镜音铃","2022-10-22","","https://www.youtube.com/watch?v=wRoA3VuDK4c","","","2026-09-30","","","官方原投稿待核实","链接未收录不等于没有官方投稿"
"youtube:svo5hEcF10g","フォログラフ","ぬゆり","GUMI","2016-12-24","https://www.nicovideo.jp/watch/sm30268836","https://www.youtube.com/watch?v=svo5hEcF10g","0","","2026-09-30","0","","已汇总第1–930期","链接未收录不等于没有官方投稿"
"nico:sm43944868","ドリル無双。～異世界転生して神からドリルを授かった私は、王女を助けたりニセ勇者を追放したり魔王を討伐して最強になったのでスローライフを送ります～※これは音楽動画です","GYARI","重音 Teto","2024-08-10","https://www.nicovideo.jp/watch/sm43944868","https://www.youtube.com/watch?v=satZx43Sv_0","0","","2026-09-30","2","5","已汇总第1–930期","链接未收录不等于没有官方投稿"
"youtube:Aw9yexAdteY","DEAD HAND","Ferry","结月缘","2018-06-04","","https://www.youtube.com/watch?v=Aw9yexAdteY","","","2026-09-30","","","官方原投稿待核实","链接未收录不等于没有官方投稿"
"youtube:9BoFxNJ76QQ","月曜日の憂鬱","HoneyWorks","初音未来","2019-07-07","https://www.nicovideo.jp/watch/sm35367626","https://www.youtube.com/watch?v=9BoFxNJ76QQ","0","","2026-09-30","0","","已汇总第1–930期","链接未收录不等于没有官方投稿"
"youtube:tPWOd207TA0","胸いっぱいのダメを","匹诺曹P","初音未来","2013-10-13","","https://www.youtube.com/watch?v=tPWOd207TA0","","","2026-09-30","","","官方原投稿待核实","链接未收录不等于没有官方投稿"
"youtube:rR3UoWBtGsk","未来最終戦争","DIVELA","初音未来","2020-02-07","https://www.nicovideo.jp/watch/sm36330501","https://www.youtube.com/watch?v=rR3UoWBtGsk","0","","2026-09-30","1","5","已汇总第1–930期","链接未收录不等于没有官方投稿"
"youtube:spyJE-qKYu8","master of the heavenly yard","mothy(悪ノＰ)","镜音铃|镜音连","2018-02-28","https://www.nicovideo.jp/watch/sm32806014","https://www.youtube.com/watch?v=spyJE-qKYu8","0","","2026-09-30","1","11","已汇总第1–930期","链接未收录不等于没有官方投稿"
"youtube:g_COlOBAV7I","アワーオース","Chinozo","可不|flower","2025-03-31","","https://www.youtube.com/watch?v=g_COlOBAV7I","","","2026-09-30","","","官方原投稿待核实","链接未收录不等于没有官方投稿"
"youtube:MLNIir9aoIE","Circles Piano Version","KIRA & chilichizu","GUMI","2017-10-09","","https://www.youtube.com/watch?v=MLNIir9aoIE","","","2026-09-30","","","官方原投稿待核实","链接未收录不等于没有官方投稿"
"youtube:bY4JAa_vPVA","Cocho Cocho","鬱P","初音未来","2026-05-29","","https://www.youtube.com/watch?v=bY4JAa_vPVA","","","2026-09-30","","","官方原投稿待核实","链接未收录不等于没有官方投稿"
"youtube:fah_01C_WDM","ほんとうのきもち","大漠波新","镜音铃|镜音连|GUMI","2024-06-18","https://www.nicovideo.jp/watch/sm43889727","https://www.youtube.com/watch?v=fah_01C_WDM","0","","2026-09-30","0","","已汇总第1–930期","链接未收录不等于没有官方投稿"
"nico:sm30780381","Swimsuit","ラマーズP","初音未来","2017-03-09","https://www.nicovideo.jp/watch/sm30780381","https://www.youtube.com/watch?v=pRzrBvOEiO8","0","","2026-09-30","1","17","已汇总第1–930期","链接未收录不等于没有官方投稿"
"youtube:l7eJQdjyDYI","アイソトープ","r-906","可不","2021-09-11","https://www.nicovideo.jp/watch/sm39319035","https://www.youtube.com/watch?v=l7eJQdjyDYI","0","","2026-09-30","1","10","已汇总第1–930期","链接未收录不等于没有官方投稿"
"youtube:V2ng1yYT4BU","ハンコウ予告","HoneyWorks","可不","2021-11-23","","https://www.youtube.com/watch?v=V2ng1yYT4BU","","","2026-09-30","","","官方原投稿待核实","链接未收录不等于没有官方投稿"
"youtube:QcHZdiVD0Ww","クリスタルスノウ","Aqu3ra","初音未来","2025-01-10","","https://www.youtube.com/watch?v=QcHZdiVD0Ww","","","2026-09-30","","","官方原投稿待核实","链接未收录不等于没有官方投稿"
"youtube:QnNVyTEjJ1A","Devil's Casino","Vane Lily × Pumpkin Head","GUMI","2021-01-20","","https://www.youtube.com/watch?v=QnNVyTEjJ1A","","","2026-09-30","","","官方原投稿待核实","链接未收录不等于没有官方投稿"
"youtube:8QAEYauWBGc","のろい","黒うさぎ","重音 Teto","2025-03-20","https://www.nicovideo.jp/watch/sm44783134","https://www.youtube.com/watch?v=8QAEYauWBGc","0","","2026-09-30","0","","已汇总第1–930期","链接未收录不等于没有官方投稿"
"youtube:mpEENdu8TC4","エレ・アヴァンギャルド Elle est avant-garde","ユリイ・カノン","初音未来","2017-06-15","","https://www.youtube.com/watch?v=mpEENdu8TC4","","","2026-09-30","","","官方原投稿待核实","链接未收录不等于没有官方投稿"
"youtube:rFW2Us3uaCQ","グラスレッドの肖像","mothy(悪ノＰ)","GUMI","2015-01-31","https://www.nicovideo.jp/watch/sm25455016","https://www.youtube.com/watch?v=rFW2Us3uaCQ","0","","2026-09-30","2","14","已汇总第1–930期","链接未收录不等于没有官方投稿"
"youtube:r8Lrrx6TMMY","クーラーガール","稻叶昙","歌爱雪","2016-03-12","https://www.nicovideo.jp/watch/sm28407534","https://www.youtube.com/watch?v=r8Lrrx6TMMY","0","","2026-09-30","0","","已汇总第1–930期","链接未收录不等于没有官方投稿"
"youtube:_j5rd9kZIZw","青色絵具","くじら","初音未来|巡音流歌|MEIKO","2022-01-20","","https://www.youtube.com/watch?v=_j5rd9kZIZw","","","2026-09-30","","","官方原投稿待核实","链接未收录不等于没有官方投稿"
"youtube:NHCP8eGYm8U","Spiral","雄之助/Yunosuke","初音未来","2016-11-11","","https://www.youtube.com/watch?v=NHCP8eGYm8U","","","2026-09-30","","","官方原投稿待核实","链接未收录不等于没有官方投稿"
"youtube:p4Gbtcup0gM","サイマル的な、","吉田夜世","重音 Teto","2023-04-27","https://www.nicovideo.jp/watch/sm42139576","https://www.youtube.com/watch?v=p4Gbtcup0gM","0","","2026-09-30","1","9","已汇总第1–930期","链接未收录不等于没有官方投稿"
"youtube:IhvFiuup_o0","猫屋敷心中事件 女学生探偵シリーズ","てにをは","初音未来","2016-11-18","https://www.nicovideo.jp/watch/sm30066254","https://www.youtube.com/watch?v=IhvFiuup_o0","0","","2026-09-30","1","13","已汇总第1–930期","链接未收录不等于没有官方投稿"
"nico:sm32757671","幻想ピアニスト/Fantasy pianist","ひとしずく × やま△","镜音连","2018-02-18","https://www.nicovideo.jp/watch/sm32757671","https://www.youtube.com/watch?v=42QklqlhUVM","0","","2026-09-30","2","14","已汇总第1–930期","链接未收录不等于没有官方投稿"
"nico:sm40982497","屍姫と復讐の王","ひとしずく × やま△","镜音铃|镜音连","2022-08-26","https://www.nicovideo.jp/watch/sm40982497","https://www.youtube.com/watch?v=vZLUpuFYDXo","0","","2026-09-30","0","","已汇总第1–930期","链接未收录不等于没有官方投稿"
"youtube:teA1BPNCAQY","初音ミク V6","Crusher","初音未来","2026-03-09","","https://www.youtube.com/watch?v=teA1BPNCAQY","","","2026-09-30","","","官方原投稿待核实","链接未收录不等于没有官方投稿"
"youtube:3R1tVZp-3vw","YOMI","煮ル果実","flower","2022-11-25","https://www.nicovideo.jp/watch/sm41408653","https://www.youtube.com/watch?v=3R1tVZp-3vw","0","","2026-09-30","0","","已汇总第1–930期","链接未收录不等于没有官方投稿"
"youtube:SWKnob3c9cA","シニガミちゃんは偏食家","cosMo＠暴走P","音街 Una","2022-03-01","https://www.nicovideo.jp/watch/sm40113702","https://www.youtube.com/watch?v=SWKnob3c9cA","0","","2026-09-30","0","","已汇总第1–930期","链接未收录不等于没有官方投稿"
"youtube:cF91xil98Mc","CONNECT:COMMUNE","FLAVOR FOLEY","初音未来","2026-01-30","","https://www.youtube.com/watch?v=cF91xil98Mc","","","2026-09-30","","","官方原投稿待核实","链接未收录不等于没有官方投稿"
"youtube:qIH72j7s6rA","A Crow's Trial","Vane Lily","GUMI|DEX","2020-04-18","","https://www.youtube.com/watch?v=qIH72j7s6rA","","","2026-09-30","","","官方原投稿待核实","链接未收录不等于没有官方投稿"
"youtube:rrNgdb_NU_g","スーパーノヴァ","r-906","音街 Una","2022-09-16","https://www.nicovideo.jp/watch/sm41087120","https://www.youtube.com/watch?v=rrNgdb_NU_g","0","","2026-09-30","2","4","已汇总第1–930期","链接未收录不等于没有官方投稿"
"nico:sm26507117","言ノ葉遊戯言ノ葉プロジェクト","ひとしずく×やま△：","镜音铃|镜音连","2015-06-18","https://www.nicovideo.jp/watch/sm26507117","https://www.youtube.com/watch?v=ps0BbPhFNXU","0","","2026-09-30","1","6","已汇总第1–930期","链接未收录不等于没有官方投稿"
"youtube:uxBxrSTbs_Y","人生はコメディ","カンザキイオリ","镜音铃","2020-03-09","https://www.nicovideo.jp/watch/sm36742430","https://www.youtube.com/watch?v=uxBxrSTbs_Y","0","","2026-09-30","0","","已汇总第1–930期","链接未收录不等于没有官方投稿"
"youtube:2QXtoWsAdm0","ぬゆり - 空白と夏","Lanndo","重音 Teto","2024-07-19","","https://www.youtube.com/watch?v=2QXtoWsAdm0","","","2026-09-30","","","官方原投稿待核实","链接未收录不等于没有官方投稿"
"youtube:tI47fWu0r_s","ヴァイオレッタ","Ayase","初音未来","2019-10-31","https://www.nicovideo.jp/watch/sm35889278","https://www.youtube.com/watch?v=tI47fWu0r_s","0","","2026-09-30","0","","已汇总第1–930期","链接未收录不等于没有官方投稿"
"youtube:jNBRyo54Tks","mothy去り人達のワルツ","mothy(悪ノＰ)","镜音铃","2022-02-28","","https://www.youtube.com/watch?v=jNBRyo54Tks","","","2026-09-30","","","官方原投稿待核实","链接未收录不等于没有官方投稿"
"youtube:hmDK_uJu7kQ","眠らせ姫からの贈り物","mothy(悪ノＰ)","初音未来","2011-05-23","https://www.nicovideo.jp/watch/sm14539838","https://www.youtube.com/watch?v=hmDK_uJu7kQ","0","","2026-09-30","2","7","已汇总第1–930期","链接未收录不等于没有官方投稿"
"youtube:kwme2MfimXY","爆弾","カンザキイオリ","初音未来","2020-06-20","","https://www.youtube.com/watch?v=kwme2MfimXY","","","2026-09-30","","","官方原投稿待核实","链接未收录不等于没有官方投稿"
"youtube:0gUsfig2Gzw","officialパラジクロロベンゼン ver.2025","ガルナ","镜音铃|镜音连","2025-09-19","","https://www.youtube.com/watch?v=0gUsfig2Gzw","","","2026-09-30","","","官方原投稿待核实","链接未收录不等于没有官方投稿"
"youtube:nqLcZpQwc_E","Jet Ammo","Dasu","镜音连","2019-06-06","","https://www.youtube.com/watch?v=nqLcZpQwc_E","","","2026-09-30","","","官方原投稿待核实","链接未收录不等于没有官方投稿"
"youtube:H-lkjHsKWvU","Nekosogi-Matter-Bop","sasakure.UK","重音 Teto","2015-10-23","","https://www.youtube.com/watch?v=H-lkjHsKWvU","","","2026-09-30","","","官方原投稿待核实","链接未收录不等于没有官方投稿"
"youtube:hYd1fT45_bw","What Gave It Away","RIProducer","音街 Una","2020-11-01","","https://www.youtube.com/watch?v=hYd1fT45_bw","","","2026-09-30","","","官方原投稿待核实","链接未收录不等于没有官方投稿"
"nico:sm15746943","未来線","164","初音未来","2011-09-29","https://www.nicovideo.jp/watch/sm15746943","https://www.youtube.com/watch?v=fgvRideQH_k","0","","2026-09-30","2","3","已汇总第1–930期","链接未收录不等于没有官方投稿"
"youtube:1VZKxIgqlZ8","先天性アサルトガール","Ayase","初音未来","2018-12-24","https://www.nicovideo.jp/watch/sm34365328","https://www.youtube.com/watch?v=1VZKxIgqlZ8","0","","2026-09-30","0","","已汇总第1–930期","链接未收录不等于没有官方投稿"
"youtube:MoyBi5SM7XI","感傷マゾヒスト","cosMo＠暴走P","初音未来","2018-08-25","https://www.nicovideo.jp/watch/sm33747740","https://www.youtube.com/watch?v=MoyBi5SM7XI","0","","2026-09-30","1","20","已汇总第1–930期","链接未收录不等于没有官方投稿"
"youtube:ptgj9rrZokQ","Chinozo 'シックマン'","Chinozo","初音未来","2022-07-01","","https://www.youtube.com/watch?v=ptgj9rrZokQ","","","2026-09-30","","","官方原投稿待核实","链接未收录不等于没有官方投稿"
"youtube:E4ZwissyhAs","過去形にできますか","Omoi","初音未来","2019-10-11","https://www.nicovideo.jp/watch/sm35799274","https://www.youtube.com/watch?v=E4ZwissyhAs","0","","2026-09-30","2","2","已汇总第1–930期","链接未收录不等于没有官方投稿"
"youtube:7rUakfZ1jCo","玉葱+","匹诺曹P","初音未来","2019-08-02","","https://www.youtube.com/watch?v=7rUakfZ1jCo","","","2026-09-30","","","官方原投稿待核实","链接未收录不等于没有官方投稿"
"youtube:lPCiuR2_IR4","glare","kz(livetune)","初音未来","2019-11-03","","https://www.youtube.com/watch?v=lPCiuR2_IR4","","","2026-09-30","","","官方原投稿待核实","链接未收录不等于没有官方投稿"
"youtube:nNhDezUbvSc","旧約汎化街","柊マグネタイト","初音未来","2020-10-30","https://www.nicovideo.jp/watch/sm37744139","https://www.youtube.com/watch?v=nNhDezUbvSc","0","","2026-09-30","1","10","已汇总第1–930期","链接未收录不等于没有官方投稿"
"youtube:bpczQE6B1Mo","師匠なフタリ/ Shisho na Futari","WONDERFUL★OPPORTUNITY!","镜音铃|镜音连","2018-12-11","","https://www.youtube.com/watch?v=bpczQE6B1Mo","","","2026-09-30","","","官方原投稿待核实","链接未收录不等于没有官方投稿"
"youtube:kkfthEThK5I","ミスルトウ～魂の宿り木～（","ひとしずく×やま△","镜音铃|镜音连","2015-07-10","","https://www.youtube.com/watch?v=kkfthEThK5I","","","2026-09-30","","","官方原投稿待核实","链接未收录不等于没有官方投稿"
"youtube:ajJ-C7h-oXE","フワライドウ","Adeliae","初音未来","2025-05-29","https://www.nicovideo.jp/watch/sm45031504","https://www.youtube.com/watch?v=ajJ-C7h-oXE","0","","2026-09-30","0","","已汇总第1–930期","链接未收录不等于没有官方投稿"
"youtube:GVEAV7JxBu4","トゥルーセラピー","柊キライ","flower","2022-06-04","https://www.nicovideo.jp/watch/sm40566679","https://www.youtube.com/watch?v=GVEAV7JxBu4","0","","2026-09-30","0","","已汇总第1–930期","链接未收录不等于没有官方投稿"
"youtube:bjC9V63EHIY","すすめ！さいつよ堕天使","DIVELA","音街 Una","2019-10-21","https://www.nicovideo.jp/watch/sm35844605","https://www.youtube.com/watch?v=bjC9V63EHIY","0","","2026-09-30","1","3","已汇总第1–930期","链接未收录不等于没有官方投稿"
"youtube:yys1WD9A2IY","CR詠ZY","梅とら","巡音流歌|初音未来|GUMI|IA|镜音铃","2023-12-15","","https://www.youtube.com/watch?v=yys1WD9A2IY","","","2026-09-30","","","官方原投稿待核实","链接未收录不等于没有官方投稿"
"youtube:B5fIvQts65I","GAME OVER","八王子P","初音未来","2013-07-16","","https://www.youtube.com/watch?v=B5fIvQts65I","","","2026-09-30","","","官方原投稿待核实","链接未收录不等于没有官方投稿"
"youtube:MDnUVc1rZQk","10年後のボーカロイドのうた","匹诺曹P","初音未来","2020-08-31","","https://www.youtube.com/watch?v=MDnUVc1rZQk","","","2026-09-30","","","官方原投稿待核实","链接未收录不等于没有官方投稿"
"youtube:MxGKnR4hViM","恋文","HoneyWorks","初音未来","2020-04-11","","https://www.youtube.com/watch?v=MxGKnR4hViM","","","2026-09-30","","","官方原投稿待核实","链接未收录不等于没有官方投稿"
"youtube:VBMOW1DHcOo","メンヘラデーモン","マイキ","初音未来","2020-12-31","","https://www.youtube.com/watch?v=VBMOW1DHcOo","","","2026-09-30","","","官方原投稿待核实","链接未收录不等于没有官方投稿"
"nico:sm41607088","少女Aに夜露死苦","Mitchie M","初音未来","2023-01-07","https://www.nicovideo.jp/watch/sm41607088","https://www.youtube.com/watch?v=JQoeuGNJfAg","0","","2026-09-30","0","","已汇总第1–930期","链接未收录不等于没有官方投稿"
"youtube:LA9i5pkavzM","This Is My Heart","Vane Lily","DEX","2021-04-12","","https://www.youtube.com/watch?v=LA9i5pkavzM","","","2026-09-30","","","官方原投稿待核实","链接未收录不等于没有官方投稿"
"youtube:S_VbXpDaVJ0","HAPPY SHAPE FULL HD","栗山夕璃","初音未来|GUMI","2017-08-25","","https://www.youtube.com/watch?v=S_VbXpDaVJ0","","","2026-09-30","","","官方原投稿待核实","链接未收录不等于没有官方投稿"
"youtube:Hle_adE6vqc","Why Does a Heart Break?","KIRA","Saki","2021-04-02","","https://www.youtube.com/watch?v=Hle_adE6vqc","","","2026-09-30","","","官方原投稿待核实","链接未收录不等于没有官方投稿"
"youtube:nvWSETYBkFM","SpaceDEV","HoneyWorks","GUMI","2012-09-19","https://www.nicovideo.jp/watch/sm18924589","https://www.youtube.com/watch?v=nvWSETYBkFM","0","","2026-09-30","1","9","已汇总第1–930期","链接未收录不等于没有官方投稿"
"youtube:HAIDqt2aUek","Sad Machine","Porter Robinson","AVANNA","2014-05-21","","https://www.youtube.com/watch?v=HAIDqt2aUek","","","2026-09-30","","","官方原投稿待核实","链接未收录不等于没有官方投稿"
"youtube:W2TE0DjdNqI","Goodbye To A World","Porter Robinson","AVANNA","2014-08-12","","https://www.youtube.com/watch?v=W2TE0DjdNqI","","","2026-09-30","","","官方原投稿待核实","链接未收录不等于没有官方投稿"
"youtube:5S21AIWMLbw","Fresh Static Snow","Porter Robinson","AVANNA","2014-08-12","","https://www.youtube.com/watch?v=5S21AIWMLbw","","","2026-09-30","","","官方原投稿待核实","链接未收录不等于没有官方投稿"
"youtube:SqTq1P6y70Q","Humansongs","Porter Robinson","Po-uta","2023-03-07","","https://www.youtube.com/watch?v=SqTq1P6y70Q","","","2026-09-30","","","官方原投稿待核实","链接未收录不等于没有官方投稿"